product_id,product_name,category,sub_category,seller_id,cost_price,selling_price,launch_date
PROD000001,Advanced Self-Help 337,Books,Self-Help,SELR000473,923.95,1100.46,2024-10-18
PROD000002,Superior Kids Wear 443,Fashion,Kids Wear,SELR000744,2015.54,2774.35,2025-03-28
PROD000003,Basic Cycling 243,Sports & Fitness,Cycling,SELR001084,1182.82,1575.92,2023-03-09
PROD000004,Superior Beverages 987,Grocery,Beverages,SELR000978,45.18,51.07,2023-07-31
PROD000005,Ultra Haircare 256,Beauty & Personal Care,Haircare,SELR000669,763.01,990.1,2024-01-15
PROD000006,Elite Footwear 787,Fashion,Footwear,SELR000851,4482.47,5972.32,2023-09-05
PROD000007,Comfort Bags 641,Fashion,Bags,SELR000984,3324.99,4894.48,2023-05-13
PROD000008,Elite Accessorie 625,Electronics,Accessories,SELR000227,2130.18,2386.45,2023-09-15
PROD000009,Ultra Self-Help 282,Books,Self-Help,SELR000692,566.88,711.89,2025-09-17
PROD000010,Compact Furniture 791,Home & Kitchen,Furniture,SELR000303,4727.16,6223.64,2023-01-08
PROD000011,Classic Accessories 778,Electronics,Accessories,SELR000242,1708.74,2122.45,2023-10-30
PROD000012,Elite Educational Toys 113,Toys & Baby Products,Educational Toys,SELR000393,3183.24,4131.75,2023-12-20
PROD000013,Deluxe Fitness Equipment 494,Sports & Fitness,Fitness Equipment,SELR000735,6263.86,8511.96,2023-09-04
PROD000014,Premium Snack 723,Grocery,Snacks,SELR000142,235.74,267.16,2025-06-11
PROD000015,Advanced Furniture 791,Home & Kitchen,Furniture,SELR000737,466.36,582.41,2023-06-25
PROD000016,Advanced Toy 983,Toys & Baby Products,Toys,SELR000289,1917.67,2766.21,2023-05-15
PROD000017,Everyday Footwear 804,Fashion,Footwear,SELR001153,1084.86,1430.82,2024-02-16
PROD000018,Advanced Men's Clothing 643,Fashion,Men's Clothing,SELR000849,304.36,445.46,2023-07-17
PROD000019,Deluxe Diaper 345,Toys & Baby Products,Diapers,SELR000514,1505.34,1864.69,2024-01-02
PROD000020,Superior Baby Gear 757,Toys & Baby Products,Baby Gear,SELR000980,168.42,232.82,2022-12-15
PROD000021,Comfort Cookware 355,Home & Kitchen,Cookware,SELR000964,545.71,720.77,2023-05-08
PROD000022,Premium Tablets 142,Electronics,Tablets,SELR000359,20191.12,22665.6,2023-03-05
PROD000023,Basic Watches & Jewellery 629,Fashion,Watches & Jewellery,SELR000125,898.91,1203.65,2023-01-19
PROD000024,Everyday Comics 781,Books,Comics,SELR000753,235.6,302.57,2024-02-29
PROD000025,Premium Packaged Food 564,Grocery,Packaged Food,SELR000012,439.38,466.96,2022-12-20
PROD000026,Signature Women's Clothing 792,Fashion,Women's Clothing,SELR000555,368.76,517.31,2023-08-08
PROD000027,Pro Headphones 128,Electronics,Headphones,SELR000918,41061.12,50688.95,2023-03-07
PROD000028,Advanced Cycling 664,Sports & Fitness,Cycling,SELR000519,2506.26,3103.12,2023-01-02
PROD000029,Advanced Self-Help 948,Books,Self-Help,SELR000547,1004.88,1271.64,2024-11-11
PROD000030,Comfort Kitchen Appliances 453,Home & Kitchen,Kitchen Appliances,SELR000865,799.57,1049.83,2025-09-13
PROD000031,Signature Makeup 778,Beauty & Personal Care,Makeup,SELR000839,476.47,679.57,2024-09-15
PROD000032,Advanced Toys 535,,Toys,SELR000231,558.32,699.3,2023-02-19
PROD000033,Smart Watches & Jewellery 216,Fashion,Watches & Jewellery,SELR000330,1718.67,2641.85,2023-10-08
PROD000034,Basic Makeup 653,Beauty & Personal Care,Makeup,SELR000246,498.44,695.81,2024-01-26
PROD000035,Comfort Skincare 147,Beauty & Personal Care,Skincare,SELR000157,141.26,195.9,2024-08-27
PROD000036,Everyday Fragrance 485,Beauty & Personal Care,Fragrances,SELR000373,1577.94,2252.42,2025-06-13
PROD000037,Superior Staples 959,Grocery,Staples,SELR000996,1099.92,1260.49,2023-06-03
PROD000038,Essential Makeup 539,Beauty & Personal Care,Makeup,SELR000546,1466.46,2034.75,2023-08-05
PROD000039,Trendy Home Decor 437,Home & Kitchen,Home Decor,SELR000200,610.3,872.6,2023-11-30
PROD000040,Basic Smartphones 223,Electronics,Smartphones,SELR001016,14522.41,18352.05,2024-02-07
PROD000041,Trendy Sportswear 800,Sports & Fitness,Sportswear,SELR001100,2506.56,3292.67,2023-09-03
PROD000042,Everyday Headphones 658,Electronics,Headphones,SELR001112,1446.83,1695.09,2023-05-17
PROD000043,Advanced Smartphone 837,Electronics,Smartphones,SELR000637,11074.18,14036.94,2023-06-30
PROD000044,Everyday Cookware 843,Home & Kitchen,Cookware,SELR000304,8948.61,11973.44,2024-08-09
PROD000045,Essential Haircare 153,Beauty & Personal Care,Haircare,SELR000322,507.51,639.46,2025-10-14
PROD000046,Compact Diapers 882,Toys & Baby Products,Diapers,SELR000476,513.94,742.81,2024-11-11
PROD000047,Basic Fitness Equipment 836,Sports & Fitness,Fitness Equipment,SELR000648,4156.09,5532.54,2023-11-18
PROD000048,Elite Dairy 117,Grocery,Dairy,SELR001076,875.27,930.21,2023-12-22
PROD000049,Compact Bags 573,Fashion,Bags,SELR000206,3981.25,6150.57,2023-06-20
PROD000050,Superior Storage 589,Home & Kitchen,Storage,SELR001045,316.81,437.91,2024-01-15
PROD000051,Classic Baby Care 423,Toys & Baby Products,Baby Care,SELR000207,200.76,273.02,2024-10-04
PROD000052,Everyday Bedding 523,Home & Kitchen,Bedding,SELR000410,1028.35,1304.75,2023-06-27
PROD000053,Everyday Dairy 172,Grocery,Dairy,SELR000570,350.12,389.36,2023-04-03
PROD000054,Pro Makeup 546,Beauty & Personal Care,Makeup,SELR000714,147.7,221.06,2023-02-16
PROD000055,Pro Men's Clothing 125,Fashion,Men's Clothing,SELR000067,539.51,818.09,2023-01-21
PROD000056,Essential Grooming Tools 679,Beauty & Personal Care,Grooming Tools,SELR000546,853.16,1080.83,2023-02-23
PROD000057,Basic Footwear 272,Fashion,Footwear,SELR000468,4465.23,6504.42,2022-12-28
PROD000058,Signature Accessories 115,Electronics,Accessories,SELR001066,1973.72,2326.25,2023-04-08
PROD000059,Advanced Footwear 600,Fashion,Footwear,SELR001198,1428.72,1858.86,2024-02-26
PROD000060,Compact Bags 681,Fashion,Bags,SELR000696,595.24,885.54,2023-03-09
PROD000061,Everyday Home Decor 663,Home & Kitchen,Home Decor,SELR001138,5152.36,6657.16,2023-05-22
PROD000062,Elite Diapers 471,Toys & Baby Products,Diapers,SELR000435,618.3,776.15,2025-08-02
PROD000063,Ultra Kitchen Appliances 327,Home & Kitchen,Kitchen Appliances,SELR000791,995.84,1372.36,2023-07-24
PROD000064,Ultra Dairy 284,Grocery,Dairy,SELR000374,112.23,122.73,2023-07-18
PROD000065,Basic Fragrances 924,Beauty & Personal Care,Fragrances,SELR000665,313.73,449.82,2023-08-21
PROD000066,Basic Cameras 310,Electronics,Cameras,SELR000736,9422.17,11054.49,2023-01-06
PROD000067,Pro Footwear 181,Fashion,,SELR000910,1554.78,2371.01,2023-04-23
PROD000068,Elite Baby Feeding 490,Toys & Baby Products,Baby Feeding,SELR000315,157.06,201.78,2024-01-19
PROD000069,Comfort Personal Hygiene 878,Beauty & Personal Care,Personal Hygiene,SELR001072,263.44,394.83,2024-07-21
PROD000070,Classic Diapers 790,Toys & Baby Products,Diapers,SELR000778,394.05,504.11,2022-11-28
PROD000071,Premium Footwear 523,Fashion,Footwear,SELR000076,1183.07,1764.65,2023-09-12
PROD000072,Basic Cycling 501,Sports & Fitness,Cycling,SELR000024,5534.31,7177.9,2024-06-23
PROD000073,Smart Non-Fiction 110,Books,Non-Fiction,SELR000525,199.66,245.48,2023-07-31
PROD000074,Premium Baby Gear 639,Toys & Baby Products,Baby Gear,SELR001025,1928.3,2792.47,2022-11-30
PROD000075,Compact Headphone 618,Electronics,Headphones,SELR001184,12131.98,14416.82,2023-11-09
PROD000076,Signature Educational Toy 223,Toys & Baby Products,Educational Toys,SELR000386,239.19,346.04,2024-02-23
PROD000077,Trendy Cookware 327,Home & Kitchen,Cookware,SELR000200,4956.1,6234.55,2023-01-22
PROD000078,Trendy Packaged Food 103,Grocery,Packaged Food,SELR001013,181.18,204.23,2025-06-26
PROD000079,Advanced Fragrances 475,Beauty & Personal Care,Fragrances,SELR001040,241.19,354.49,2023-02-24
PROD000080,Everyday Grooming Tool 492,Beauty & Personal Care,Grooming Tools,SELR000761,973.45,1285.08,2023-02-25
PROD000081,Elite Watches & Jewellery 570,Fashion,Watches & Jewellery,SELR000931,4368.72,7129.9,2025-10-16
PROD000082,Comfort Personal Care Essential 831,Grocery,Personal Care Essentials,SELR000058,84.77,94.35,2023-01-20
PROD000083,Superior Kids Wear 381,Fashion,Kids Wear,SELR000243,3320.04,4788.17,2023-01-23
PROD000084,Classic Bedding 588,Home & Kitchen,Bedding,SELR001130,14960.17,18940.98,2025-04-07
PROD000085,Superior Grooming Tools 310,Beauty & Personal Care,Grooming Tools,SELR001091,1234.02,1764.46,2023-04-18
PROD000086,Compact Children's Books 506,Books,Children's Books,SELR000953,234.82,293.34,2024-12-15
PROD000087,Essential Bedding 835,Home & Kitchen,Bedding,SELR001158,331.26,421.73,2023-05-27
PROD000088,Everyday Yoga Accessories 863,Sports & Fitness,Yoga Accessories,SELR001180,582.98,716.7,2023-08-06
PROD000089,Essential Kitchen Appliances 502,Home & Kitchen,Kitchen Appliances,SELR000276,344.75,448.59,2025-10-13
PROD000090,Signature Cycling 552,Sports & Fitness,Cycling,SELR000728,488.83,602.83,2023-05-08
PROD000091,Smart Cycling 992,Sports & Fitness,Cycling,SELR000519,380.85,535.69,2025-05-27
PROD000092,Superior Sportswear 785,Sports & Fitness,Sportswear,SELR000588,294.97,407.42,2025-09-19
PROD000093,Pro Snack 337,Grocery,Snacks,SELR000466,37.05,39.45,2023-04-15
PROD000094,Superior Fragrances 242,Beauty & Personal Care,Fragrances,SELR000738,498.21,679.83,2025-06-02
PROD000095,Smart Kids Wear 375,Fashion,Kids Wear,SELR000039,1210.61,1871.51,2024-06-22
PROD000096,Essential Cycling 707,Sports & Fitness,Cycling,SELR001165,711.08,887.86,2025-08-14
PROD000097,Basic Laptops 585,Electronics,Laptops,SELR000752,29729.52,33587.08,2023-07-23
PROD000098,Elite Kids Wear 774,Fashion,Kids Wear,SELR000923,2513.13,3783.53,2023-06-10
PROD000099,Essential Children's Books 157,Books,Children's Books,SELR000947,203.79,239.77,2023-07-26
PROD000100,Deluxe Furniture 567,Home & Kitchen,Furniture,SELR000336,1368.22,1855.24,2023-10-28
PROD000101,Trendy Bedding 822,Home & Kitchen,Bedding,SELR000970,16559.45,21414.72,2024-07-18
PROD000102,Basic Diapers 741,Toys & Baby Products,Diapers,SELR000786,4077.95,5102.68,2025-10-17
PROD000103,Compact Kids Wear 826,Fashion,Kids Wear,SELR000691,346.52,515.02,2023-10-04
PROD000104,Superior Headphone 491,Electronics,Headphones,SELR000902,58613.27,69590.1,2023-01-29
PROD000105,Compact Smartphones 882,Electronics,Smartphones,SELR000919,26964.13,31954.07,2024-05-04
PROD000106,Everyday Footwear 826,Fashion,Footwear,SELR000329,2916.92,4621.73,2023-08-21
PROD000107,Superior Outdoor Gear 452,Sports & Fitness,Outdoor Gear,SELR000731,3320.35,4495.27,2023-08-22
PROD000108,Elite Comics 629,Books,Comics,SELR000359,360.63,466.02,2023-11-03
PROD000109,Smart Skincare 468,Beauty & Personal Care,Skincare,SELR000298,721.71,975.14,2023-07-02
PROD000110,Ultra Bags 232,Fashion,Bags,SELR000882,3201.57,4901.64,2024-10-24
PROD000111,Comfort Makeup 351,Beauty & Personal Care,Makeup,SELR000988,723.56,1052.53,2022-12-17
PROD000112,Ultra Laptops 371,Electronics,Laptops,SELR001124,3710.0,4362.05,2023-11-25
PROD000113,Basic Cycling 488,Sports & Fitness,Cycling,SELR000092,445.48,629.8,2024-08-07
PROD000114,Essential Haircare 617,Beauty & Personal Care,Haircare,SELR001139,1022.44,1530.88,2025-05-23
PROD000115,Ultra Laptops 713,Electronics,Laptops,SELR000469,3230.35,4132.2,2024-05-21
PROD000116,Comfort Staples 480,Grocery,Staples,SELR000404,121.34,133.77,2025-07-08
PROD000117,Ultra Academic 226,Books,Academic,SELR000261,1087.75,1346.53,2024-01-03
PROD000118,Comfort Men's Clothing 568,Fashion,Men's Clothing,SELR000896,3712.48,5635.92,2024-06-28
PROD000119,Smart Haircare 888,Beauty & Personal Care,Haircare,SELR000524,265.3,362.72,2023-05-27
PROD000120,Advanced Fragrances 513,Beauty & Personal Care,Fragrances,SELR000898,1904.97,2660.94,2024-01-16
PROD000121,Essential Footwear 240,Fashion,Footwear,SELR000888,1940.45,2635.69,2024-01-07
PROD000122,Classic Watches & Jewellery 762,Fashion,Watches & Jewellery,SELR000635,793.89,1265.3,2023-10-19
PROD000123,Premium Fitness Equipment 736,Sports & Fitness,Fitness Equipment,SELR000588,9425.16,12074.34,2024-01-25
PROD000124,Trendy Baby Feeding 712,Toys & Baby Products,Baby Feeding,SELR000363,274.73,331.28,2024-05-31
PROD000125,Pro Fragrance 695,Beauty & Personal Care,Fragrances,SELR000664,180.82,271.36,2022-12-08
PROD000126,Everyday Makeup 767,Beauty & Personal Care,Makeup,SELR000362,520.24,695.81,2023-08-08
PROD000127,Smart Yoga Accessories 549,Sports & Fitness,Yoga Accessories,SELR000883,4789.29,6697.16,2025-02-06
PROD000128,Superior Cookware 145,Home & Kitchen,Cookware,SELR000111,1321.59,1886.33,2025-05-21
PROD000129,Essential Headphones 269,Electronics,Headphones,SELR000176,6131.3,7032.74,2024-12-07
PROD000130,Compact Furniture 383,Home & Kitchen,Furniture,SELR001113,11940.52,14987.49,2023-08-11
PROD000131,Classic Educational Toy 454,Toys & Baby Products,Educational Toys,SELR000050,4929.38,6671.0,2023-10-29
PROD000132,Pro Beverages 668,Grocery,Beverages,SELR000305,1077.13,1164.88,2023-11-20
PROD000133,Premium Baby Gear 928,Toys & Baby Products,Baby Gear,SELR000630,587.03,832.59,2025-10-19
PROD000134,Smart Men's Clothing 605,Fashion,Men's Clothing,SELR001085,2810.15,4510.71,2025-09-25
PROD000135,Trendy Cookware 347,Home & Kitchen,Cookware,SELR001033,945.85,1288.29,2023-06-18
PROD000136,Smart Haircare 163,Beauty & Personal Care,Haircare,SELR000197,420.55,566.16,2023-06-14
PROD000137,Advanced Kids Wear 339,Fashion,Kids Wear,SELR000849,1124.2,1742.81,2023-02-18
PROD000138,Pro Kids Wear 655,Fashion,Kids Wear,SELR000635,1118.98,1544.94,2024-02-25
PROD000139,Pro Fiction 975,Books,Fiction,SELR000483,742.32,962.05,2023-05-27
PROD000140,Everyday Fitness Equipment 171,Sports & Fitness,Fitness Equipment,SELR000024,883.66,1248.0,2023-02-13
PROD000141,Advanced Team Sports 449,Sports & Fitness,Team Sports,SELR000359,6872.4,8694.49,2023-12-21
PROD000142,Ultra Footwear 616,Fashion,Footwear,SELR000522,1919.96,3126.55,2024-02-10
PROD000143,Elite Furniture 685,Home & Kitchen,Furniture,SELR000795,6204.36,7612.16,2023-03-05
PROD000144,Pro Tablet 516,Electronics,Tablets,SELR000736,11418.65,14160.52,2023-08-25
PROD000145,Comfort Headphones 533,Electronics,Headphones,SELR000340,12123.32,13398.37,2024-01-17
PROD000146,Ultra Storage 737,Home & Kitchen,Storage,SELR001011,490.68,689.1,2023-09-27
PROD000147,Essential Bags 254,Fashion,Bags,SELR000879,1024.66,1675.62,2023-06-15
PROD000148,Trendy Baby Feeding 962,Toys & Baby Products,Baby Feeding,SELR001159,642.77,903.37,2023-08-17
PROD000149,Smart Furniture 578,Home & Kitchen,Furniture,SELR000963,346.92,490.35,2025-09-26
PROD000150,Smart Smart Watches 313,Electronics,Smart Watches,SELR000805,34973.45,40750.14,2024-02-22
PROD000151,Ultra Cameras 319,Electronics,Cameras,SELR000726,3119.53,3942.41,2025-03-14
PROD000152,Trendy Team Sports 198,Sports & Fitness,Team Sports,SELR001100,4829.55,6517.42,2022-12-17
PROD000153,Essential Bags 262,Fashion,,SELR000945,882.41,1428.83,2023-05-01
PROD000154,Advanced Women's Clothing 968,Fashion,Women's Clothing,SELR001089,2167.24,3133.6,2023-06-03
PROD000155,Superior Bedding 620,Home & Kitchen,Bedding,SELR000487,2292.79,2849.11,2024-02-27
PROD000156,Classic Watches & Jewellery 337,Fashion,Watches & Jewellery,SELR001005,2604.03,4152.37,2024-01-03
PROD000157,Pro Skincare 100,Beauty & Personal Care,Skincare,SELR001139,377.01,506.28,2023-04-15
PROD000158,Compact Furniture 106,Home & Kitchen,Furniture,SELR000998,842.62,1061.61,2023-02-11
PROD000159,Ultra Accessories 346,Electronics,Accessories,SELR000109,51664.49,63889.65,2025-09-13
PROD000160,Superior Academic 535,Books,Academic,SELR000932,291.91,332.73,2023-08-16
PROD000161,Pro Cookware 928,Home & Kitchen,Cookware,SELR000926,530.96,734.45,2023-06-19
PROD000162,Essential Grooming Tools 786,Beauty & Personal Care,Grooming Tools,SELR000680,230.72,312.47,2023-07-25
PROD000163,Basic Headphones 560,Electronics,Headphones,SELR000215,53803.23,64812.22,2023-04-01
PROD000164,Elite Makeup 608,Beauty & Personal Care,Makeup,SELR000988,1618.83,2073.99,2023-12-03
PROD000165,Premium Men's Clothing 434,Fashion,Men's Clothing,SELR000098,649.63,1048.15,2023-07-22
PROD000166,Trendy Furniture 289,Home & Kitchen,Furniture,SELR000721,8284.14,11485.07,2024-01-23
PROD000167,Advanced Bags 852,Fashion,Bags,SELR001095,1365.5,1903.69,2023-03-17
PROD000168,Elite Toys 392,Toys & Baby Products,Toys,SELR000438,1168.71,1417.28,2023-03-26
PROD000169,Essential Women's Clothing 302,Fashion,Women's Clothing,SELR000979,448.62,664.58,2025-01-29
PROD000170,Essential Toys 605,Toys & Baby Products,Toys,SELR000803,151.04,190.02,2023-10-11
PROD000171,Signature Baby Care 887,Toys & Baby Products,Baby Care,SELR001019,255.83,329.09,2023-04-11
PROD000172,Basic Bedding 574,Home & Kitchen,Bedding,SELR000366,10078.67,14492.18,2023-08-05
PROD000173,Signature Bags 470,Fashion,Bags,SELR000718,402.84,556.27,2023-07-20
PROD000174,Pro Home Decor 913,Home & Kitchen,Home Decor,SELR001044,9616.06,12113.5,2023-09-27
PROD000175,Compact Baby Care 834,Toys & Baby Products,Baby Care,SELR001015,2018.49,2465.32,2023-09-15
PROD000176,Classic Skincare 544,Beauty & Personal Care,Skincare,SELR001170,967.1,1285.97,2023-02-27
PROD000177,Compact Haircare 420,Beauty & Personal Care,Haircare,SELR000197,1339.75,1883.43,2023-01-18
PROD000178,Smart Cameras 695,Electronics,Cameras,SELR000078,1756.9,2059.8,2024-06-06
PROD000179,Everyday Snacks 979,Grocery,Snacks,SELR000374,224.38,264.66,2023-01-24
PROD000180,Premium Headphone 700,Electronics,Headphones,SELR000818,6614.5,7456.02,2023-08-06
PROD000181,Comfort Headphone 178,Electronics,Headphones,SELR000006,9193.42,10477.17,2023-07-20
PROD000182,Advanced Footwear 113,Fashion,Footwear,SELR001005,3177.13,5057.74,2022-11-28
PROD000183,Trendy Home Decor 557,Home & Kitchen,Home Decor,SELR000497,508.01,688.52,2024-12-02
PROD000184,Superior Baby Gear 435,Toys & Baby Products,Baby Gear,SELR000315,1724.99,2178.52,2023-10-22
PROD000185,Premium Comics 709,Books,Comics,SELR000473,472.43,568.47,2023-06-29
PROD000186,Premium Kids Wear 250,Fashion,Kids Wear,SELR000927,1007.12,1503.58,2023-02-09
PROD000187,Basic Furniture 705,Home & Kitchen,Furniture,SELR000258,3096.79,4283.65,2023-02-09
PROD000188,Pro Academic 268,Books,Academic,SELR000699,306.1,382.65,2024-01-29
PROD000189,Comfort Makeup 105,Beauty & Personal Care,Makeup,SELR000002,573.44,830.83,2023-03-15
PROD000190,Everyday Men's Clothing 972,Fashion,Men's Clothing,SELR000969,534.83,796.68,2023-12-27
PROD000191,Smart Cookware 124,Home & Kitchen,Cookware,SELR000394,2038.4,2628.52,2023-09-28
PROD000192,Trendy Fragrances 407,,Fragrances,SELR000489,146.65,205.76,2023-09-09
PROD000193,Deluxe Toys 432,Toys & Baby Products,Toys,SELR000449,155.22,201.39,2023-12-16
PROD000194,Pro Cycling 749,Sports & Fitness,Cycling,SELR000883,912.24,1239.23,2025-03-12
PROD000195,Basic Cameras 641,Electronics,Cameras,SELR001122,61504.21,77153.35,2023-03-31
PROD000196,Trendy Team Sport 896,Sports & Fitness,Team Sports,SELR000588,10836.19,15579.56,2024-02-24
PROD000197,Classic Kids Wear 522,Fashion,Kids Wear,SELR000986,309.72,433.2,2023-01-24
PROD000198,Signature Dairy 314,Grocery,Dairy,SELR000211,95.87,102.44,2023-11-18
PROD000199,Classic Storage 133,Home & Kitchen,,SELR000832,9607.14,13699.07,2023-05-23
PROD000200,Smart Bags 980,Fashion,Bags,SELR000989,1436.64,2315.64,2025-08-11
PROD000201,Premium Bedding 294,Home & Kitchen,Bedding,SELR000681,5589.56,7385.64,2024-09-03
PROD000202,Basic Kids Wear 461,Fashion,Kids Wear,SELR001041,385.53,630.53,2023-06-21
PROD000203,Premium Kids Wear 303,Fashion,Kids Wear,SELR000474,1849.01,2632.92,2025-06-28
PROD000204,Elite Personal Hygiene 715,Beauty & Personal Care,Personal Hygiene,SELR000144,181.53,270.43,2023-12-06
PROD000205,Elite Self-Help 415,Books,Self-Help,SELR000498,732.24,891.68,2023-01-26
PROD000206,Trendy Beverage 926,Grocery,Beverages,SELR000827,1499.75,1659.28,2025-01-25
PROD000207,Superior Storage 414,Home & Kitchen,Storage,SELR000653,14198.92,19380.96,2025-01-01
PROD000208,Advanced Laptops 937,Electronics,Laptops,SELR000109,20395.14,25801.36,2023-07-02
PROD000209,Pro Furniture 363,Home & Kitchen,Furniture,SELR000436,9016.42,11598.66,2025-01-17
PROD000210,Compact Storage 534,Home & Kitchen,Storage,SELR000742,10451.91,14048.76,2023-07-15
PROD000211,Everyday Men's Clothing 894,Fashion,Men's Clothing,SELR000555,284.59,437.08,2023-02-21
PROD000212,Basic Baby Gear 702,Toys & Baby Products,Baby Gear,SELR000364,865.11,1154.19,2024-09-20
PROD000213,Signature Baby Feeding 672,Toys & Baby Products,Baby Feeding,SELR000560,635.03,772.21,2024-05-29
PROD000214,Basic Tablets 693,Electronics,Tablets,SELR000794,1767.12,2184.44,2023-11-24
PROD000215,Everyday Children's Book 564,Books,Children's Books,SELR001118,177.6,218.97,2023-07-21
PROD000216,Superior Yoga Accessories 524,Sports & Fitness,Yoga Accessories,SELR001180,1838.82,2308.36,2024-06-02
PROD000217,Premium Watches & Jewellery 542,Fashion,Watches & Jewellery,SELR000484,562.51,806.79,2023-04-02
PROD000218,Pro Skincare 381,Beauty & Personal Care,Skincare,SELR000988,2039.99,3126.07,2025-07-20
PROD000219,Everyday Smart Watches 699,Electronics,Smart Watches,SELR001151,4382.53,4857.19,2023-04-17
PROD000220,Essential Smartphones 965,Electronics,Smartphones,SELR000897,11238.28,13206.81,2023-01-17
PROD000221,Essential Baby Care 745,Toys & Baby Products,Baby Care,SELR000537,843.0,1104.74,2023-07-25
PROD000222,Basic Fragrance 599,Beauty & Personal Care,Fragrances,SELR001054,986.82,1323.65,2024-02-25
PROD000223,Basic Watches & Jewellery 522,Fashion,Watches & Jewellery,SELR000584,3299.41,4775.68,2023-07-09
PROD000224,Comfort Home Decor 126,Home & Kitchen,Home Decor,SELR000226,1215.2,1740.5,2023-02-16
PROD000225,Pro Baby Feeding 810,Toys & Baby Products,Baby Feeding,SELR000231,526.62,642.88,2025-08-19
PROD000226,Superior Cookware 760,Home & Kitchen,Cookware,SELR000096,566.67,784.44,2023-10-31
PROD000227,Premium Baby Feeding 145,Toys & Baby Products,Baby Feeding,SELR000071,1077.57,1437.1,2024-01-01
PROD000228,Trendy Staples 549,Grocery,Staples,SELR000965,41.34,44.64,2023-07-06
PROD000229,Everyday Men's Clothing 355,Fashion,Men's Clothing,SELR000555,785.77,1144.72,2023-06-10
PROD000230,Basic Outdoor Gear 912,Sports & Fitness,Outdoor Gear,SELR000551,934.65,1239.06,2023-07-24
PROD000231,Deluxe Team Sport 235,Sports & Fitness,Team Sports,SELR000477,4030.79,5477.54,2025-09-09
PROD000232,Deluxe Academic 576,Books,Academic,SELR001067,454.98,555.26,2023-01-15
PROD000233,Advanced Cookware 315,Home & Kitchen,Cookware,SELR001031,682.97,928.2,2023-11-16
PROD000234,Basic Smartphones 890,Electronics,Smartphones,SELR000726,1605.88,1972.54,2023-01-29
PROD000235,Smart Bags 717,Fashion,Bags,SELR001116,924.03,1389.28,2023-10-09
PROD000236,Signature Personal Hygiene 710,Beauty & Personal Care,Personal Hygiene,SELR001154,1928.93,2627.07,2023-08-19
PROD000237,Comfort Children's Books 771,Books,,SELR000511,126.98,162.59,2023-07-01
PROD000238,Advanced Fiction 850,Books,Fiction,SELR001189,246.1,293.64,2023-05-19
PROD000239,Signature Fragrances 601,Beauty & Personal Care,Fragrances,SELR000218,311.17,428.19,2025-01-22
PROD000240,Ultra Cameras 519,Electronics,Cameras,SELR001124,7907.74,9898.87,2023-11-28
PROD000241,Superior Tablets 398,Electronics,Tablets,SELR001084,18987.55,22640.58,2023-02-10
PROD000242,Essential Children's Book 446,Books,Children's Books,SELR001102,665.73,847.21,2024-02-17
PROD000243,Basic Fragrances 846,Beauty & Personal Care,Fragrances,SELR000138,144.7,206.58,2023-01-25
PROD000244,Basic Academic 403,Books,Academic,SELR000684,110.29,129.64,2025-02-09
PROD000245,Pro Kids Wear 949,Fashion,Kids Wear,SELR000581,2264.54,3571.07,2023-06-11
PROD000246,Everyday Home Decor 953,Home & Kitchen,Home Decor,SELR000853,11186.64,14929.63,2023-06-01
PROD000247,Basic Baby Feeding 870,Toys & Baby Products,Baby Feeding,SELR000060,201.48,248.16,2023-07-16
PROD000248,Essential Bags 126,Fashion,Bags,SELR000534,506.54,724.49,2023-07-06
PROD000249,Smart Accessories 511,Electronics,Accessories,SELR000052,8104.54,9857.29,2023-01-23
PROD000250,Smart Cycling 670,Sports & Fitness,Cycling,SELR000577,389.03,485.22,2023-02-07
PROD000251,Basic Grooming Tools 709,Beauty & Personal Care,Grooming Tools,SELR000830,209.42,309.2,2023-10-31
PROD000252,Everyday Baby Care 952,Toys & Baby Products,Baby Care,SELR000172,432.65,537.21,2025-08-19
PROD000253,Elite Baby Care 595,Toys & Baby Products,,SELR000786,680.81,859.1,2023-05-26
PROD000254,Pro Fiction 912,Books,Fiction,SELR001073,248.76,315.51,2023-06-20
PROD000255,Smart Laptops 832,Electronics,Laptops,SELR001140,3473.55,3930.23,2023-05-22
PROD000256,Essential Storage 831,Home & Kitchen,Storage,SELR000777,777.06,954.16,2023-12-26
PROD000257,Advanced Toy 205,Toys & Baby Products,Toys,SELR000772,3535.1,4858.09,2022-12-28
PROD000258,Advanced Furniture 992,Home & Kitchen,Furniture,SELR000122,2000.08,2698.1,2023-09-22
PROD000259,Compact Baby Gear 485,Toys & Baby Products,Baby Gear,SELR000086,365.63,475.66,2025-01-12
PROD000260,Premium Outdoor Gear 514,Sports & Fitness,Outdoor Gear,SELR000906,740.88,1041.77,2023-02-13
PROD000261,Superior Laptops 954,Electronics,Laptops,SELR000193,21033.0,24211.05,2023-02-07
PROD000262,Classic Storage 313,Home & Kitchen,Storage,SELR000487,6800.07,8443.0,2023-06-04
PROD000263,Everyday Cycling 169,Sports & Fitness,Cycling,SELR000257,458.38,562.25,2023-02-01
PROD000264,Signature Smart Watche 569,,Smart Watches,SELR000123,2280.86,2601.81,2023-10-04
PROD000265,Signature Kids Wear 158,Fashion,Kids Wear,SELR000849,3375.84,4775.41,2025-09-24
PROD000266,Signature Yoga Accessories 830,Sports & Fitness,Yoga Accessories,SELR001027,856.37,1049.0,2024-03-05
PROD000267,Compact Kids Wear 620,Fashion,Kids Wear,SELR000048,302.53,416.52,2023-02-02
PROD000268,Smart Watches & Jewellery 194,Fashion,Watches & Jewellery,SELR000849,368.83,523.97,2024-05-20
PROD000269,Compact Sportswear 554,Sports & Fitness,Sportswear,SELR000883,428.4,533.16,2025-09-26
PROD000270,Ultra Non-Fiction 668,Books,Non-Fiction,SELR000294,498.05,642.27,2023-09-30
PROD000271,Basic Storage 504,Home & Kitchen,Storage,SELR000769,315.73,436.43,2023-04-12
PROD000272,Smart Baby Feeding 403,Toys & Baby Products,Baby Feeding,SELR000755,1513.45,2037.51,2025-04-29
PROD000273,Essential Diaper 379,Toys & Baby Products,Diapers,SELR000806,1699.72,2255.83,2023-06-01
PROD000274,Everyday Bedding 204,Home & Kitchen,Bedding,SELR000098,13345.08,16766.65,2024-01-17
PROD000275,Compact Bag 545,Fashion,Bags,SELR000894,982.6,1501.96,2023-12-06
PROD000276,Smart Non-Fiction 300,Books,Non-Fiction,SELR000365,955.55,1154.05,2023-08-18
PROD000277,Comfort Kids Wear 248,Fashion,Kids Wear,SELR000471,4210.53,6441.13,2024-03-09
PROD000278,Advanced Dairy 821,Grocery,Dairy,SELR000745,462.45,535.6,2025-02-21
PROD000279,Classic Grooming Tools 504,Beauty & Personal Care,Grooming Tools,SELR000893,1273.96,1792.19,2024-11-14
PROD000280,Trendy Home Decor 624,Home & Kitchen,Home Decor,SELR000258,7094.98,8714.19,2023-05-28
PROD000281,Compact Haircare 456,Beauty & Personal Care,Haircare,SELR001129,2416.21,3616.93,2024-03-13
PROD000282,Ultra Haircare 368,Beauty & Personal Care,Haircare,SELR000128,934.53,1187.44,2024-02-02
PROD000283,Basic Toys 443,Toys & Baby Products,Toys,SELR000401,421.91,533.05,2024-01-27
PROD000284,Essential Watches & Jewellery 422,Fashion,Watches & Jewellery,SELR000984,525.5,806.77,2025-08-23
PROD000285,Deluxe Diapers 222,Toys & Baby Products,Diapers,SELR000465,3238.5,4438.06,2025-07-10
PROD000286,Deluxe Camera 758,Electronics,Cameras,SELR001037,4421.32,5634.81,2023-02-05
PROD000287,Comfort Academic 914,Books,Academic,SELR000540,851.69,1058.97,2023-06-25
PROD000288,Everyday Diaper 253,Toys & Baby Products,Diapers,SELR000934,604.48,828.72,2023-08-07
PROD000289,Trendy Storage 255,Home & Kitchen,Storage,SELR000121,1594.4,2002.08,2023-09-09
PROD000290,Comfort Camera 938,Electronics,Cameras,SELR001096,12160.6,14904.74,2023-04-01
PROD000291,Classic Beverages 807,Grocery,Beverages,SELR000339,117.65,137.82,2023-11-20
PROD000292,Ultra Dairy 565,Grocery,Dairy,SELR000285,848.17,958.38,2024-05-06
PROD000293,Everyday Women's Clothing 428,Fashion,Women's Clothing,SELR001089,297.54,388.6,2023-03-02
PROD000294,Smart Kitchen Appliances 183,Home & Kitchen,Kitchen Appliances,SELR000577,4120.37,5798.08,2023-11-22
PROD000295,Compact Packaged Food 454,Grocery,Packaged Food,SELR000689,212.43,225.77,2023-02-04
PROD000296,Comfort Watches & Jewellery 580,Fashion,Watches & Jewellery,SELR000088,379.96,522.04,2023-07-12
PROD000297,Signature Makeup 146,Beauty & Personal Care,Makeup,SELR001107,905.2,1263.5,2024-01-04
PROD000298,Trendy Storage 797,Home & Kitchen,Storage,SELR000765,455.89,608.79,2023-04-14
PROD000299,Comfort Men's Clothing 722,Fashion,Men's Clothing,SELR000686,3085.96,4486.03,2023-10-08
PROD000300,Smart Dairy 575,Grocery,Dairy,SELR000066,53.9,60.87,2023-12-24
PROD000301,Ultra Kids Wear 546,Fashion,Kids Wear,SELR000764,3669.21,4918.83,2023-07-10
PROD000302,Signature Baby Care 402,Toys & Baby Products,Baby Care,SELR000220,259.59,348.29,2025-02-19
PROD000303,Elite Fragrance 407,Beauty & Personal Care,Fragrances,SELR001154,358.49,544.43,2023-09-16
PROD000304,Trendy Home Decor 717,Home & Kitchen,Home Decor,SELR001054,5552.94,6962.45,2023-07-17
PROD000305,Everyday Kitchen Appliance 140,Home & Kitchen,Kitchen Appliances,SELR000181,10602.06,14500.73,2023-01-20
PROD000306,Advanced Cookware 127,Home & Kitchen,Cookware,SELR000723,2264.01,2895.68,2023-10-22
PROD000307,Signature Staples 282,Grocery,Staples,SELR001079,381.03,444.97,2023-04-18
PROD000308,Deluxe Outdoor Gear 712,Sports & Fitness,Outdoor Gear,SELR001166,234.12,302.91,2024-05-27
PROD000309,Smart Comics 478,Books,Comics,SELR000924,1022.03,1215.12,2024-01-24
PROD000310,Deluxe Bedding 618,Home & Kitchen,Bedding,SELR000721,347.46,432.01,2023-05-06
PROD000311,Elite Kids Wear 636,Fashion,Kids Wear,SELR000081,1840.91,2844.28,2023-05-11
PROD000312,Premium Smart Watches 859,Electronics,Smart Watches,SELR000040,1326.8,1511.83,2025-03-19
PROD000313,Premium Comics 840,Books,Comics,SELR000057,404.22,502.68,2023-04-09
PROD000314,Elite Cookware 890,Home & Kitchen,Cookware,SELR000508,570.06,755.31,2023-10-31
PROD000315,Classic Bedding 599,Home & Kitchen,Bedding,SELR000769,2995.75,3689.06,2023-07-24
PROD000316,Signature Bedding 635,Home & Kitchen,Bedding,SELR000977,749.88,1073.34,2025-01-20
PROD000317,Elite Home Decor 753,Home & Kitchen,Home Decor,SELR000352,11011.88,14251.26,2023-08-21
PROD000318,Premium Outdoor Gear 278,Sports & Fitness,Outdoor Gear,SELR001198,6989.15,9492.23,2024-10-10
PROD000319,Basic Skincare 424,Beauty & Personal Care,Skincare,SELR000829,2827.68,4354.25,2024-04-07
PROD000320,Deluxe Educational Toys 920,Toys & Baby Products,Educational Toys,SELR000184,1305.01,1718.64,2023-05-28
PROD000321,Essential Smartphones 146,Electronics,Smartphones,SELR001188,1495.62,1787.96,2023-03-17
PROD000322,Advanced Grooming Tools 244,Beauty & Personal Care,Grooming Tools,SELR000217,432.49,624.38,2025-09-02
PROD000323,Ultra Smartphones 589,Electronics,Smartphones,SELR000590,1185.77,1482.56,2023-07-27
PROD000324,Essential Snack 540,Grocery,Snacks,SELR000126,1318.92,1431.2,2024-02-27
PROD000325,Signature Grooming Tool 500,Beauty & Personal Care,Grooming Tools,SELR000248,919.97,1371.29,2023-06-22
PROD000326,Essential Bedding 463,Home & Kitchen,Bedding,SELR000612,2903.65,4167.18,2023-01-28
PROD000327,Comfort Beverage 681,Grocery,Beverages,SELR000903,222.21,242.76,2023-12-10
PROD000328,Essential Cookware 924,Home & Kitchen,Cookware,SELR000328,2068.7,2755.94,2025-10-16
PROD000329,Pro Watches & Jewellery 666,Fashion,Watches & Jewellery,SELR000583,520.5,820.01,2023-06-10
PROD000330,Smart Storage 295,Home & Kitchen,Storage,SELR000919,3763.29,4911.79,2023-12-22
PROD000331,Comfort Smartphone 454,Electronics,Smartphones,SELR000161,5109.51,5962.31,2023-01-17
PROD000332,Superior Educational Toys 119,Toys & Baby Products,Educational Toys,SELR000271,721.42,960.94,2023-01-26
PROD000333,Basic Self-Help 706,Books,Self-Help,SELR000901,226.05,286.47,2023-02-27
PROD000334,Deluxe Comics 800,Books,Comics,SELR000639,1003.61,1218.48,2023-05-19
PROD000335,Everyday Personal Care Essentials 915,Grocery,Personal Care Essentials,SELR001059,484.96,568.21,2025-05-03
PROD000336,Premium Self-Help 152,Books,Self-Help,SELR000582,159.81,184.45,2024-09-21
PROD000337,Premium Bedding 270,Home & Kitchen,Bedding,SELR001158,403.86,533.78,2023-11-18
PROD000338,Signature Smartphones 455,Electronics,Smartphones,SELR000392,3431.81,4121.25,2023-04-30
PROD000339,Superior Furniture 572,Home & Kitchen,Furniture,SELR000970,1901.91,2403.53,2023-06-04
PROD000340,Signature Toys 339,Toys & Baby Products,Toys,SELR000786,591.3,713.84,2023-06-03
PROD000341,Basic Baby Care 106,Toys & Baby Products,Baby Care,SELR000184,987.33,1251.7,2025-04-28
PROD000342,Ultra Children's Books 811,Books,,SELR001189,131.03,148.31,2024-03-14
PROD000343,Basic Men's Clothing 104,Fashion,Men's Clothing,SELR001183,1971.37,2733.44,2025-03-21
PROD000344,Signature Women's Clothing 861,Fashion,Women's Clothing,SELR000686,1678.46,2661.07,2024-02-08
PROD000345,Smart Dairy 501,Grocery,Dairy,SELR000466,212.12,228.23,2023-10-11
PROD000346,Classic Women's Clothing 751,Fashion,Women's Clothing,SELR000984,1476.95,1957.05,2024-01-01
PROD000347,Superior Fragrance 889,Beauty & Personal Care,Fragrances,SELR000138,1665.32,2462.12,2023-02-24
PROD000348,Essential Home Decor 335,Home & Kitchen,Home Decor,SELR000683,1556.27,1994.98,2023-01-17
PROD000349,Premium Kids Wear 206,Fashion,Kids Wear,SELR001041,1943.68,2912.65,2025-01-11
PROD000350,Ultra Outdoor Gear 188,Sports & Fitness,Outdoor Gear,SELR000792,362.26,503.47,2025-03-24
PROD000351,Premium Baby Care 950,Toys & Baby Products,Baby Care,SELR000184,483.83,688.72,2025-07-03
PROD000352,Ultra Self-Help 824,Books,Self-Help,SELR001035,784.16,917.19,2023-09-23
PROD000353,Everyday Furniture 427,Home & Kitchen,Furniture,SELR000807,853.1,1118.86,2023-12-14
PROD000354,Ultra Home Decor 717,Home & Kitchen,Home Decor,SELR000525,8083.77,10105.12,2023-04-25
PROD000355,Deluxe Toy 926,Toys & Baby Products,Toys,SELR000086,454.36,620.1,2023-04-10
PROD000356,Classic Skincare 112,Beauty & Personal Care,Skincare,SELR000393,133.66,169.32,2023-03-28
PROD000357,Comfort Home Decor 840,Home & Kitchen,Home Decor,SELR000290,6797.93,9110.17,2023-05-13
PROD000358,Advanced Outdoor Gear 749,Sports & Fitness,Outdoor Gear,SELR001000,1961.24,2475.51,2023-08-28
PROD000359,Trendy Bags 244,Fashion,Bags,SELR000022,1162.72,1733.32,2023-12-01
PROD000360,Advanced Smart Watches 244,Electronics,Smart Watches,SELR001016,4935.38,6285.68,2025-02-10
PROD000361,Premium Staple 682,Grocery,Staples,SELR000251,36.38,40.37,2023-06-07
PROD000362,Ultra Makeup 801,Beauty & Personal Care,Makeup,SELR000620,1896.25,2487.66,2024-01-17
PROD000363,Pro Women's Clothing 525,Fashion,Women's Clothing,SELR001141,3729.21,5403.33,2023-05-03
PROD000364,Essential Men's Clothing 735,Fashion,Men's Clothing,SELR000879,393.11,523.85,2023-02-10
PROD000365,Comfort Educational Toys 675,Toys & Baby Products,Educational Toys,SELR000675,472.26,675.3,2023-05-04
PROD000366,Ultra Grooming Tool 363,Beauty & Personal Care,Grooming Tools,SELR001129,2465.93,3499.1,2022-12-15
PROD000367,Trendy Makeup 770,Beauty & Personal Care,Makeup,SELR000472,175.55,243.49,2023-05-14
PROD000368,Superior Tablet 677,Electronics,Tablets,SELR000736,5022.7,5733.87,2025-08-18
PROD000369,Pro Baby Feeding 969,Toys & Baby Products,Baby Feeding,SELR001011,195.83,253.68,2023-12-04
PROD000370,Classic Baby Gear 828,Toys & Baby Products,Baby Gear,SELR000806,552.56,760.32,2024-01-13
PROD000371,Signature Haircare 213,Beauty & Personal Care,Haircare,SELR000914,426.86,535.26,2024-05-24
PROD000372,Trendy Watches & Jewellery 246,Fashion,Watches & Jewellery,SELR000975,264.89,408.1,2024-12-12
PROD000373,Pro Cycling 589,Sports & Fitness,Cycling,SELR000718,2992.31,3710.73,2025-02-13
PROD000374,Classic Packaged Food 192,Grocery,Packaged Food,SELR000589,888.82,1012.82,2025-02-04
PROD000375,Ultra Children's Books 966,Books,Children's Books,SELR000324,145.4,170.37,2023-02-20
PROD000376,Ultra Toys 159,Toys & Baby Products,Toys,SELR000357,4558.92,5935.42,2023-12-21
PROD000377,Signature Grooming Tools 299,Beauty & Personal Care,Grooming Tools,SELR000760,257.14,361.86,2023-01-13
PROD000378,Signature Women's Clothing 322,Fashion,Women's Clothing,SELR001094,452.86,714.21,2023-03-24
PROD000379,Signature Bedding 847,Home & Kitchen,Bedding,SELR000814,7753.73,10887.75,2023-07-30
PROD000380,Ultra Staples 748,Grocery,Staples,SELR000827,335.62,383.71,2023-09-24
PROD000381,Essential Bags 277,Fashion,Bags,SELR000429,632.98,1017.58,2023-11-29
PROD000382,Advanced Kids Wear 824,Fashion,Kids Wear,SELR000879,379.23,526.78,2024-09-09
PROD000383,Smart Cycling 436,Sports & Fitness,Cycling,SELR000210,11646.02,16771.42,2023-04-06
PROD000384,Elite Bedding 440,Home & Kitchen,Bedding,SELR000140,2397.44,3200.09,2023-05-10
PROD000385,Superior Beverages 986,Grocery,Beverages,SELR000582,47.38,53.97,2023-10-25
PROD000386,Signature Watches & Jewellery 873,Fashion,Watches & Jewellery,SELR000196,273.46,385.58,2024-02-05
PROD000387,Advanced Women's Clothing 465,Fashion,Women's Clothing,SELR000812,837.79,1351.26,2023-12-31
PROD000388,Essential Women's Clothing 626,Fashion,Women's Clothing,SELR000645,4107.83,6740.53,2024-02-14
PROD000389,Ultra Yoga Accessories 505,Sports & Fitness,Yoga Accessories,SELR001000,5266.03,6701.01,2025-06-24
PROD000390,Smart Children's Books 214,Books,Children's Books,SELR000938,110.86,132.66,2023-07-08
PROD000391,Deluxe Bedding 451,Home & Kitchen,Bedding,SELR001119,1013.76,1389.56,2023-11-14
PROD000392,Classic Bedding 623,Home & Kitchen,Bedding,SELR000608,1370.63,1952.97,2022-12-31
PROD000393,Compact Accessories 870,Electronics,Accessories,SELR001069,4144.07,4840.44,2024-01-31
PROD000394,Everyday Sportswear 278,Sports & Fitness,Sportswear,SELR000519,4475.67,6030.99,2024-01-23
PROD000395,Advanced Educational Toys 656,Toys & Baby Products,Educational Toys,SELR001087,367.17,502.72,2023-07-17
PROD000396,Classic Comic 333,Books,Comics,SELR001067,403.33,459.29,2023-07-25
PROD000397,Essential Kids Wear 666,Fashion,Kids Wear,SELR000555,964.9,1564.63,2023-07-28
PROD000398,Superior Makeup 801,Beauty & Personal Care,Makeup,SELR000661,237.28,326.11,2023-01-29
PROD000399,Essential Kids Wear 946,Fashion,Kids Wear,SELR000270,555.05,825.87,2023-03-01
PROD000400,Advanced Cameras 419,Electronics,Cameras,SELR000603,58261.74,67337.4,2023-10-29
PROD000401,Signature Watches & Jewellery 246,Fashion,Watches & Jewellery,SELR000416,2775.72,4422.84,2022-12-12
PROD000402,Deluxe Laptops 985,Electronics,Laptops,SELR000565,2503.39,3101.87,2025-04-17
PROD000403,Advanced Kids Wear 960,Fashion,Kids Wear,SELR000975,4348.13,7104.44,2023-04-16
PROD000404,Compact Fiction 545,Books,Fiction,SELR000348,448.73,514.83,2023-01-30
PROD000405,Compact Kids Wear 288,Fashion,Kids Wear,SELR000009,352.98,491.83,2023-08-28
PROD000406,Comfort Children's Books 615,Books,Children's Books,SELR000650,443.8,527.91,2023-04-02
PROD000407,Elite Toy 412,Toys & Baby Products,Toys,SELR000134,1740.26,2431.05,2024-10-04
PROD000408,Comfort Makeup 165,Beauty & Personal Care,Makeup,SELR001065,214.49,326.36,2023-12-29
PROD000409,Comfort Kitchen Appliances 440,Home & Kitchen,Kitchen Appliances,SELR000690,384.44,492.44,2025-04-11
PROD000410,Signature Comics 749,Books,Comics,SELR001067,755.98,871.7,2024-02-16
PROD000411,Pro Accessories 310,Electronics,Accessories,SELR000485,2106.27,2686.8,2023-05-28
PROD000412,Ultra Home Decor 465,Home & Kitchen,Home Decor,SELR000147,12573.12,17689.56,2023-06-01
PROD000413,Basic Furniture 153,Home & Kitchen,Furniture,SELR000742,611.18,781.5,2024-10-21
PROD000414,Smart Staple 454,Grocery,Staples,SELR000339,75.28,81.5,2024-05-22
PROD000415,Trendy Snacks 867,Grocery,Snacks,SELR000666,1336.23,1443.02,2023-12-26
PROD000416,Basic Personal Care Essentials 358,Grocery,Personal Care Essentials,SELR000012,556.88,593.71,2023-05-07
PROD000417,Superior Cycling 427,Sports & Fitness,Cycling,SELR000004,1853.53,2257.07,2023-07-01
PROD000418,Superior Grooming Tools 238,Beauty & Personal Care,Grooming Tools,SELR001054,146.39,193.1,2023-07-18
PROD000419,Advanced Beverages 783,Grocery,Beverages,SELR000136,1121.23,1274.45,2022-12-27
PROD000420,Essential Beverages 234,Grocery,Beverages,SELR001137,383.56,420.27,2023-04-14
PROD000421,Ultra Bedding 121,Home & Kitchen,Bedding,SELR000422,5805.25,7992.42,2023-01-30
PROD000422,Compact Toy 181,Toys & Baby Products,Toys,SELR000379,757.15,1037.79,2025-10-02
PROD000423,Trendy Beverages 151,Grocery,Beverages,SELR000566,891.99,1048.3,2025-04-09
PROD000424,Classic Bedding 421,Home & Kitchen,Bedding,SELR000122,17750.72,23649.49,2022-11-30
PROD000425,Premium Tablets 727,Electronics,Tablets,SELR001099,923.94,1054.45,2022-11-30
PROD000426,Advanced Footwear 226,Fashion,Footwear,SELR001038,441.61,620.55,2023-12-07
PROD000427,Advanced Children's Books 951,Books,Children's Books,SELR001067,243.36,301.86,2023-04-29
PROD000428,Elite Headphones 211,Electronics,Headphones,SELR000368,8073.52,9825.11,2023-12-20
PROD000429,Superior Furniture 251,Home & Kitchen,Furniture,SELR000070,16039.8,19749.59,2025-03-11
PROD000430,Premium Skincare 962,Beauty & Personal Care,Skincare,SELR000362,125.69,182.21,2023-11-22
PROD000431,Everyday Staple 420,Grocery,Staples,SELR000066,254.21,284.19,2023-05-22
PROD000432,Pro Snacks 753,Grocery,Snacks,SELR000450,845.08,911.9,2023-04-15
PROD000433,Smart Self-Help 316,Books,Self-Help,SELR000294,414.17,533.35,2023-10-25
PROD000434,Ultra Home Decor 388,Home & Kitchen,Home Decor,SELR000826,1861.73,2519.63,2025-04-24
PROD000435,Superior Bag 473,Fashion,Bags,SELR001005,306.06,435.28,2025-05-15
PROD000436,Comfort Outdoor Gear 359,Sports & Fitness,Outdoor Gear,SELR000269,236.94,318.24,2023-05-13
PROD000437,Smart Bags 820,Fashion,Bags,SELR000596,1377.67,2249.46,2023-09-05
PROD000438,Basic Haircare 722,Beauty & Personal Care,Haircare,SELR000296,936.77,1171.81,2025-08-08
PROD000439,Compact Diapers 717,Toys & Baby Products,Diapers,SELR000189,2786.16,3573.01,2024-01-10
PROD000440,Deluxe Skincare 415,Beauty & Personal Care,,SELR000001,1195.89,1589.58,2023-10-19
PROD000441,Classic Cycling 747,Sports & Fitness,Cycling,SELR000403,4495.98,6437.68,2023-05-28
PROD000442,Premium Outdoor Gear 204,Sports & Fitness,Outdoor Gear,SELR001040,276.74,369.75,2023-12-20
PROD000443,Essential Staple 226,Grocery,Staples,SELR000423,248.46,271.9,2022-12-29
PROD000444,Advanced Bedding 758,Home & Kitchen,Bedding,SELR000579,1215.26,1671.61,2023-12-14
PROD000445,Ultra Cookware 631,Home & Kitchen,Cookware,SELR000911,994.1,1219.8,2023-06-05
PROD000446,Deluxe Men's Clothing 504,Fashion,Men's Clothing,SELR000098,2309.29,3507.39,2023-03-13
PROD000447,Elite Makeup 528,Beauty & Personal Care,Makeup,SELR000936,268.72,413.42,2023-12-13
PROD000448,Signature Watches & Jewellery 843,Fashion,Watches & Jewellery,SELR000969,3355.15,5494.16,2023-09-25
PROD000449,Everyday Storage 209,Home & Kitchen,Storage,SELR000580,2443.18,3112.82,2025-09-24
PROD000450,Advanced Self-Help 444,Books,Self-Help,SELR000310,152.75,197.16,2023-03-29
PROD000451,Pro Headphones 783,Electronics,Headphones,SELR000485,40217.52,49603.03,2023-06-22
PROD000452,Signature Grooming Tool 491,Beauty & Personal Care,Grooming Tools,SELR000093,620.66,847.39,2023-09-12
PROD000453,Signature Bags 950,Fashion,Bags,SELR000741,1909.66,2488.92,2024-05-09
PROD000454,Premium Watches & Jewellery 889,Fashion,Watches & Jewellery,SELR000125,1137.76,1749.34,2023-05-14
PROD000455,Ultra Cameras 799,Electronics,Cameras,SELR000417,22010.93,25999.19,2025-08-04
PROD000456,Comfort Bags 115,Fashion,Bags,SELR000130,2154.23,2872.77,2024-06-10
PROD000457,Basic Diaper 333,Toys & Baby Products,Diapers,SELR000710,339.89,420.16,2023-05-19
PROD000458,Smart Baby Care 342,Toys & Baby Products,Baby Care,SELR000662,493.88,635.16,2024-02-01
PROD000459,Advanced Team Sports 449,Sports & Fitness,Team Sports,SELR000034,924.59,1217.19,2024-02-04
PROD000460,Pro Haircare 670,Beauty & Personal Care,Haircare,SELR000218,488.82,682.95,2023-04-09
PROD000461,Everyday Self-Help 370,Books,Self-Help,SELR000516,647.3,741.53,2023-08-09
PROD000462,Signature Baby Feeding 345,Toys & Baby Products,Baby Feeding,SELR000381,513.07,615.7,2023-12-31
PROD000463,Premium Kitchen Appliances 424,Home & Kitchen,Kitchen Appliances,SELR000132,336.76,457.81,2023-08-01
PROD000464,Signature Accessories 100,Electronics,Accessories,SELR001001,37678.9,43521.53,2023-11-02
PROD000465,Pro Yoga Accessories 404,Sports & Fitness,,SELR000545,1036.72,1298.46,2023-11-29
PROD000466,Deluxe Baby Care 784,Toys & Baby Products,Baby Care,SELR000946,247.49,351.69,2023-08-14
PROD000467,Basic Bags 559,Fashion,Bags,SELR001078,1306.49,2020.76,2023-05-11
PROD000468,Pro Kitchen Appliance 927,Home & Kitchen,Kitchen Appliances,SELR000082,11098.33,15041.91,2023-07-26
PROD000469,Compact Kitchen Appliances 414,Home & Kitchen,Kitchen Appliances,SELR000267,627.62,868.66,2023-12-14
PROD000470,Essential Home Decor 852,Home & Kitchen,Home Decor,SELR000768,6409.64,8430.01,2023-04-22
PROD000471,Pro Fitness Equipment 654,Sports & Fitness,Fitness Equipment,SELR001000,2499.3,3301.92,2023-12-20
PROD000472,Pro Furniture 306,Home & Kitchen,Furniture,SELR000619,1172.86,1612.27,2023-02-28
PROD000473,Pro Baby Care 397,Toys & Baby Products,Baby Care,SELR000435,357.22,457.9,2024-09-17
PROD000474,Advanced Comics 871,Books,Comics,SELR000511,272.41,335.23,2023-01-04
PROD000475,Advanced Smartphone 356,Electronics,Smartphones,SELR000899,33935.11,41084.73,2024-09-19
PROD000476,Basic Beverages 801,Grocery,Beverages,SELR000374,513.7,562.57,2023-10-20
PROD000477,Deluxe Fiction 966,Books,Fiction,SELR000412,428.67,488.13,2023-01-20
PROD000478,Trendy Cookware 465,Home & Kitchen,Cookware,SELR000072,1999.35,2756.45,2023-03-09
PROD000479,Elite Kitchen Appliance 413,Home & Kitchen,Kitchen Appliances,SELR000638,626.17,893.85,2023-07-27
PROD000480,Comfort Personal Care Essentials 533,Grocery,Personal Care Essentials,SELR000395,153.43,175.0,2023-07-12
PROD000481,Advanced Cookware 165,Home & Kitchen,Cookware,SELR001157,2054.3,2852.24,2024-07-27
PROD000482,Elite Watches & Jewellery 380,Fashion,Watches & Jewellery,SELR000557,1353.32,1817.37,2024-01-10
PROD000483,Classic Footwear 296,Fashion,Footwear,SELR000125,3620.0,5542.3,2023-06-27
PROD000484,Basic Watches & Jewellery 833,Fashion,Watches & Jewellery,SELR000698,978.41,1503.63,2023-10-01
PROD000485,Superior Sportswear 311,Sports & Fitness,Sportswear,SELR000735,582.03,810.32,2023-11-08
PROD000486,Ultra Men's Clothing 512,Fashion,Men's Clothing,SELR001116,820.62,1298.02,2023-02-12
PROD000487,Signature Cycling 704,Sports & Fitness,Cycling,SELR001069,614.24,858.44,2023-04-29
PROD000488,Classic Bedding 234,Home & Kitchen,Bedding,SELR000410,12284.47,17758.29,2023-10-30
PROD000489,Ultra Dairy 577,Grocery,Dairy,SELR000987,626.22,716.7,2023-11-17
PROD000490,Trendy Storage 861,Home & Kitchen,Storage,SELR000230,2521.49,3137.53,2023-03-05
PROD000491,Premium Toys 625,Toys & Baby Products,Toys,SELR000866,1068.27,1432.35,2023-04-23
PROD000492,Classic Baby Gear 854,Toys & Baby Products,Baby Gear,SELR000135,188.22,258.37,2023-11-20
PROD000493,Pro Women's Clothing 951,Fashion,Women's Clothing,SELR001020,384.51,580.15,2023-05-04
PROD000494,Trendy Yoga Accessories 838,Sports & Fitness,Yoga Accessories,SELR000433,1384.98,1964.96,2025-05-30
PROD000495,Premium Kids Wear 649,Fashion,Kids Wear,SELR000635,489.18,665.25,2024-05-27
PROD000496,Comfort Snacks 573,Grocery,Snacks,SELR001147,259.15,289.01,2023-01-31
PROD000497,Pro Personal Hygiene 491,Beauty & Personal Care,Personal Hygiene,SELR000539,201.68,289.23,2023-08-27
PROD000498,Deluxe Men's Clothing 845,Fashion,Men's Clothing,SELR000966,3427.58,5343.9,2024-01-30
PROD000499,Everyday Kids Wear 370,Fashion,Kids Wear,SELR000561,458.13,633.8,2024-12-09
PROD000500,Everyday Storage 899,Home & Kitchen,Storage,SELR001022,2941.37,4046.82,2023-04-04
PROD000501,Essential Packaged Food 991,Grocery,Packaged Food,SELR000395,1381.67,1481.95,2023-08-14
PROD000502,Basic Self-Help 375,Books,Self-Help,SELR000898,386.92,502.12,2023-02-04
PROD000503,Ultra Smart Watches 210,Electronics,Smart Watches,SELR001001,1302.82,1661.17,2025-05-01
PROD000504,Essential Watches & Jewellery 253,Fashion,Watches & Jewellery,SELR000587,950.82,1474.81,2024-12-30
PROD000505,Compact Furniture 793,Home & Kitchen,Furniture,SELR000730,1711.27,2418.78,2023-09-15
PROD000506,Basic Grooming Tool 135,Beauty & Personal Care,Grooming Tools,SELR000146,2234.78,2905.21,2023-05-12
PROD000507,Elite Women's Clothing 333,Fashion,Women's Clothing,SELR000989,2167.37,2833.31,2024-01-26
PROD000508,Trendy Men's Clothing 367,Fashion,Men's Clothing,SELR000067,556.51,831.05,2023-12-17
PROD000509,Trendy Diaper 926,Toys & Baby Products,Diapers,SELR000908,1243.65,1605.95,2024-02-27
PROD000510,Classic Furniture 256,Home & Kitchen,Furniture,SELR000127,907.82,1143.38,2023-02-05
PROD000511,Basic Non-Fiction 721,Books,Non-Fiction,SELR000650,180.04,205.87,2024-02-06
PROD000512,Superior Storage 956,Home & Kitchen,Storage,SELR000409,874.01,1231.38,2024-03-27
PROD000513,Essential Furniture 449,Home & Kitchen,Furniture,SELR001158,973.6,1391.05,2023-03-07
PROD000514,Elite Grooming Tool 795,Beauty & Personal Care,Grooming Tools,SELR000601,264.24,369.3,2023-12-29
PROD000515,Classic Watches & Jewellery 840,Fashion,Watches & Jewellery,SELR001020,405.78,529.94,2023-12-28
PROD000516,Deluxe Kids Wear 750,Fashion,Kids Wear,SELR000969,1524.63,2162.25,2023-04-13
PROD000517,Elite Baby Care 906,Toys & Baby Products,Baby Care,SELR000135,503.04,654.92,2023-12-19
PROD000518,Advanced Snacks 673,Grocery,Snacks,SELR000649,628.8,696.69,2023-01-01
PROD000519,Trendy Non-Fiction 450,Books,Non-Fiction,SELR000540,122.82,143.72,2025-06-19
PROD000520,Deluxe Accessories 758,Electronics,Accessories,SELR001001,10078.48,12888.64,2022-12-09
PROD000521,Classic Accessories 341,Electronics,Accessories,SELR000565,1501.33,1738.87,2023-07-22
PROD000522,Premium Men's Clothing 800,Fashion,Men's Clothing,SELR000245,1017.4,1659.0,2024-01-14
PROD000523,Classic Baby Feeding 878,Toys & Baby Products,Baby Feeding,SELR000574,219.38,306.8,2023-09-05
PROD000524,Essential Dairy 425,Grocery,Dairy,SELR000781,507.46,556.57,2023-07-25
PROD000525,Signature Personal Hygiene 856,Beauty & Personal Care,Personal Hygiene,SELR000080,1448.25,2060.08,2023-02-26
PROD000526,Compact Baby Feeding 383,Toys & Baby Products,Baby Feeding,SELR000315,273.56,347.81,2023-09-03
PROD000527,Superior Footwear 966,Fashion,Footwear,SELR000416,645.8,912.55,2023-04-25
PROD000528,Smart Personal Hygiene 121,Beauty & Personal Care,Personal Hygiene,SELR000893,1326.04,1920.22,2023-09-06
PROD000529,Superior Footwear 656,Fashion,Footwear,SELR000659,2673.51,3953.53,2025-09-27
PROD000530,Smart Women's Clothing 200,Fashion,Women's Clothing,SELR000284,688.58,911.48,2025-04-29
PROD000531,Superior Baby Care 746,Toys & Baby Products,Baby Care,SELR000595,2431.39,2963.12,2023-07-13
PROD000532,Everyday Packaged Food 426,Grocery,Packaged Food,SELR000666,97.57,111.25,2024-09-03
PROD000533,Deluxe Laptops 882,Electronics,Laptops,SELR000202,23042.01,25630.37,2024-01-19
PROD000534,Signature Bags 430,Fashion,Bags,SELR000888,1447.66,1951.44,2024-11-25
PROD000535,Advanced Skincare 712,Beauty & Personal Care,Skincare,SELR000504,1373.27,2017.28,2023-05-03
PROD000536,Classic Accessories 483,Electronics,Accessories,SELR000227,21465.84,23858.77,2023-09-17
PROD000537,Comfort Personal Hygiene 289,Beauty & Personal Care,Personal Hygiene,SELR001048,726.48,960.59,2023-09-23
PROD000538,Comfort Haircare 156,Beauty & Personal Care,Haircare,SELR001191,591.96,915.65,2025-10-07
PROD000539,Compact Kids Wear 565,Fashion,Kids Wear,SELR000045,324.72,489.65,2024-03-18
PROD000540,Essential Bags 585,Fashion,Bags,SELR001114,402.77,595.51,2022-12-01
PROD000541,Smart Women's Clothing 954,Fashion,Women's Clothing,SELR000552,1126.71,1644.63,2023-11-30
PROD000542,Trendy Baby Care 112,Toys & Baby Products,Baby Care,SELR000184,1413.02,2039.76,2023-07-05
PROD000543,Signature Home Decor 864,Home & Kitchen,Home Decor,SELR000622,8108.15,11679.47,2025-04-25
PROD000544,Superior Fragrances 819,Beauty & Personal Care,Fragrances,SELR000157,220.81,341.81,2023-08-31
PROD000545,Comfort Footwear 571,Fashion,Footwear,SELR000552,603.95,792.36,2023-05-23
PROD000546,Premium Cycling 271,Sports & Fitness,Cycling,SELR001000,1193.23,1505.32,2023-02-27
PROD000547,Essential Laptops 875,Electronics,Laptops,SELR000711,22835.24,25476.12,2024-02-06
PROD000548,Pro Smart Watche 848,Electronics,Smart Watches,SELR000242,8905.93,10260.45,2023-02-08
PROD000549,Classic Children's Books 598,Books,Children's Books,SELR000494,165.82,211.86,2025-07-09
PROD000550,Smart Outdoor Gear 675,Sports & Fitness,Outdoor Gear,SELR000059,1650.73,2115.18,2025-05-23
PROD000551,Advanced Women's Clothing 776,Fashion,Women's Clothing,SELR000464,2160.34,3453.55,2023-08-07
PROD000552,Essential Men's Clothing 256,Fashion,Men's Clothing,SELR001155,897.18,1223.53,2024-05-12
PROD000553,Pro Educational Toy 256,Toys & Baby Products,Educational Toys,SELR001101,4901.7,6321.94,2023-08-21
PROD000554,Premium Smartphone 241,Electronics,Smartphones,SELR000998,1975.0,2209.23,2023-12-10
PROD000555,Ultra Watches & Jewellery 165,Fashion,Watches & Jewellery,SELR000741,357.61,582.93,2023-04-09
PROD000556,Elite Bedding 419,Home & Kitchen,Bedding,SELR000422,14468.6,19341.99,2022-12-09
PROD000557,Advanced Watches & Jewellery 706,Fashion,Watches & Jewellery,SELR000205,1848.24,2941.33,2025-07-01
PROD000558,Superior Fitness Equipment 812,Sports & Fitness,Fitness Equipment,SELR000906,1960.06,2678.9,2023-08-31
PROD000559,Compact Yoga Accessorie 410,Sports & Fitness,Yoga Accessories,SELR000648,10482.28,13030.88,2023-10-28
PROD000560,Deluxe Haircare 782,Beauty & Personal Care,Haircare,SELR000719,187.58,276.85,2022-12-28
PROD000561,Essential Haircare 451,Beauty & Personal Care,Haircare,SELR000732,1154.5,1507.52,2024-01-05
PROD000562,Classic Furniture 326,Home & Kitchen,Furniture,SELR000437,1034.81,1425.56,2023-08-26
PROD000563,Classic Self-Help 523,Books,Self-Help,SELR000124,339.86,435.3,2023-07-06
PROD000564,Essential Tablets 971,Electronics,Tablets,SELR000044,31761.98,37723.12,2024-07-26
PROD000565,Smart Women's Clothing 962,Fashion,Women's Clothing,SELR000316,1718.05,2620.39,2024-02-11
PROD000566,Pro Yoga Accessorie 327,Sports & Fitness,Yoga Accessories,SELR001000,291.58,380.92,2023-02-07
PROD000567,Smart Bags 241,Fashion,Bags,SELR001182,891.48,1438.92,2023-06-21
PROD000568,Premium Smart Watches 583,Electronics,Smart Watches,SELR001010,39248.21,43580.2,2023-06-29
PROD000569,Smart Women's Clothing 969,Fashion,Women's Clothing,SELR000250,2876.45,4355.21,2023-08-05
PROD000570,Pro Fitness Equipment 553,Sports & Fitness,Fitness Equipment,SELR000440,213.74,276.88,2023-03-13
PROD000571,Superior Cameras 205,Electronics,Cameras,SELR000749,39736.16,46272.04,2025-04-06
PROD000572,Classic Cycling 286,Sports & Fitness,Cycling,SELR000114,3190.47,4279.74,2023-05-20
PROD000573,Superior Non-Fiction 622,Books,Non-Fiction,SELR000650,431.3,520.38,2025-09-28
PROD000574,Premium Skincare 868,Beauty & Personal Care,Skincare,SELR000682,566.85,862.06,2024-11-24
PROD000575,Smart Kids Wear 528,Fashion,Kids Wear,SELR000309,826.78,1130.21,2023-02-28
PROD000576,Superior Personal Care Essentials 382,Grocery,Personal Care Essentials,SELR000996,154.96,177.89,2024-01-31
PROD000577,Everyday Footwear 214,Fashion,Footwear,SELR000894,987.41,1536.64,2023-06-26
PROD000578,Pro Diapers 376,Toys & Baby Products,Diapers,SELR000663,347.74,467.95,2023-09-07
PROD000579,Superior Yoga Accessorie 328,Sports & Fitness,Yoga Accessories,SELR000359,6885.44,9173.64,2023-09-20
PROD000580,Pro Smart Watches 626,Electronics,Smart Watches,SELR000950,13161.41,16085.68,2023-07-18
PROD000581,Elite Children's Books 451,Books,Children's Books,SELR000540,626.78,741.51,2023-09-16
PROD000582,Pro Cookware 200,Home & Kitchen,Cookware,SELR000826,3906.16,5139.4,2023-08-10
PROD000583,Everyday Cookware 238,Home & Kitchen,Cookware,SELR000681,1486.98,1976.64,2023-11-02
PROD000584,Comfort Cookware 887,Home & Kitchen,Cookware,SELR000875,1593.22,1953.21,2023-07-02
PROD000585,Smart Makeup 217,Beauty & Personal Care,Makeup,SELR000893,1307.51,1863.6,2025-02-21
PROD000586,Comfort Outdoor Gear 924,Sports & Fitness,Outdoor Gear,SELR000325,351.29,444.5,2024-03-21
PROD000587,Compact Baby Care 704,Toys & Baby Products,Baby Care,SELR000060,1278.27,1699.47,2024-11-21
PROD000588,Ultra Kids Wear 574,Fashion,Kids Wear,SELR000764,2023.16,2976.54,2023-08-16
PROD000589,Deluxe Fragrances 350,Beauty & Personal Care,Fragrances,SELR000249,1819.41,2316.55,2023-08-25
PROD000590,Elite Outdoor Gear 842,Sports & Fitness,Outdoor Gear,SELR000108,2462.47,3183.7,2023-07-11
PROD000591,Classic Fitness Equipment 151,Sports & Fitness,Fitness Equipment,SELR001065,702.49,1008.72,2023-05-28
PROD000592,Advanced Storage 790,Home & Kitchen,Storage,SELR000343,10306.27,13009.14,2023-11-24
PROD000593,Smart Cookware 844,Home & Kitchen,Cookware,SELR000147,379.54,538.74,2025-02-05
PROD000594,Signature Comic 734,Books,Comics,SELR001052,151.03,194.39,2025-07-16
PROD000595,Pro Women's Clothing 767,Fashion,Women's Clothing,SELR000234,557.25,804.72,2024-07-30
PROD000596,Essential Men's Clothing 750,Fashion,Men's Clothing,SELR000263,284.71,423.69,2023-01-15
PROD000597,Deluxe Haircare 111,Beauty & Personal Care,Haircare,SELR000144,220.3,303.87,2022-12-25
PROD000598,Basic Women's Clothing 902,Fashion,Women's Clothing,SELR000574,3564.88,4949.48,2023-09-18
PROD000599,Advanced Smart Watches 218,Electronics,Smart Watches,SELR000168,13051.87,14831.6,2024-11-10
PROD000600,Deluxe Smartphone 163,Electronics,Smartphones,SELR000114,11689.33,13466.66,2023-11-28
PROD000601,Premium Team Sport 720,Sports & Fitness,Team Sports,SELR000159,3258.02,4537.29,2025-01-02
PROD000602,Premium Baby Care 266,Toys & Baby Products,Baby Care,SELR000085,3290.44,4704.18,2025-02-08
PROD000603,Pro Storage 110,Home & Kitchen,Storage,SELR000769,805.74,1006.9,2023-03-29
PROD000604,Deluxe Kids Wear 843,Fashion,Kids Wear,SELR000927,287.64,446.45,2023-03-22
PROD000605,Compact Packaged Food 133,Grocery,Packaged Food,SELR001161,62.32,72.05,2025-01-23
PROD000606,Trendy Watches & Jewellery 668,Fashion,Watches & Jewellery,SELR001127,4064.9,5494.88,2023-09-20
PROD000607,Superior Diapers 623,Toys & Baby Products,Diapers,SELR000236,405.11,539.2,2023-10-03
PROD000608,Premium Skincare 437,Beauty & Personal Care,Skincare,SELR000188,479.8,661.06,2024-02-29
PROD000609,Advanced Kids Wear 369,Fashion,Kids Wear,SELR000534,468.24,754.44,2023-03-06
PROD000610,Comfort Bedding 960,Home & Kitchen,Bedding,SELR000865,4887.54,6135.76,2024-06-29
PROD000611,Advanced Watches & Jewellery 806,Fashion,Watches & Jewellery,SELR001078,253.23,396.79,2024-02-10
PROD000612,Everyday Non-Fiction 929,Books,Non-Fiction,SELR000324,103.0,131.68,2023-07-25
PROD000613,Signature Headphones 759,Electronics,Headphones,SELR001185,8207.31,10402.08,2025-03-29
PROD000614,Smart Staples 966,Grocery,Staples,SELR000940,614.44,717.25,2023-04-16
PROD000615,Everyday Children's Book 915,Books,Children's Books,SELR000337,633.28,775.0,2024-01-07
PROD000616,Premium Personal Care Essentials 196,Grocery,Personal Care Essentials,SELR000978,59.04,67.74,2025-08-25
PROD000617,Essential Baby Care 508,Toys & Baby Products,Baby Care,SELR000278,1197.03,1572.49,2023-02-15
PROD000618,Advanced Bags 493,Fashion,Bags,SELR000468,1256.39,1735.44,2023-04-25
PROD000619,Essential Personal Hygiene 583,Beauty & Personal Care,Personal Hygiene,SELR000496,441.11,567.82,2024-01-01
PROD000620,Premium Dairy 882,Grocery,Dairy,SELR000120,149.04,166.34,2023-10-30
PROD000621,Signature Storage 410,Home & Kitchen,Storage,SELR000122,10054.71,13485.9,2023-12-06
PROD000622,Deluxe Cameras 384,Electronics,Cameras,SELR000368,43537.99,55477.2,2023-02-08
PROD000623,Advanced Kids Wear 682,Fashion,Kids Wear,SELR001115,288.03,434.63,2023-08-20
PROD000624,Classic Women's Clothing 846,Fashion,Women's Clothing,SELR000129,593.69,948.7,2024-05-27
PROD000625,Ultra Beverage 378,Grocery,Beverages,SELR000339,207.27,221.65,2023-06-22
PROD000626,Advanced Storage 948,Home & Kitchen,Storage,SELR000010,723.5,994.8,2023-01-13
PROD000627,Elite Team Sports 139,Sports & Fitness,Team Sports,SELR000293,277.08,358.75,2023-03-30
PROD000628,Smart Toys 389,Toys & Baby Products,Toys,SELR000231,3187.61,3848.41,2023-03-26
PROD000629,Superior Men's Clothing 853,Fashion,Men's Clothing,SELR000715,1870.08,2873.23,2023-02-21
PROD000630,Trendy Non-Fiction 477,Books,Non-Fiction,SELR000650,220.38,251.29,2023-12-22
PROD000631,Basic Smart Watches 229,Electronics,Smart Watches,SELR000636,1255.08,1599.54,2025-04-09
PROD000632,Elite Tablet 118,,Tablets,SELR000507,15699.31,18331.74,2024-09-18
PROD000633,Trendy Men's Clothing 583,Fashion,Men's Clothing,SELR000382,2781.42,3716.44,2024-02-24
PROD000634,Ultra Men's Clothing 493,Fashion,Men's Clothing,SELR001047,360.8,493.99,2022-12-12
PROD000635,Classic Bedding 657,Home & Kitchen,Bedding,SELR000122,6836.77,8983.82,2023-02-03
PROD000636,Ultra Furniture 442,Home & Kitchen,Furniture,SELR000354,4166.0,5305.25,2023-12-24
PROD000637,Basic Kids Wear 451,Fashion,Kids Wear,SELR000389,2364.07,3736.62,2023-06-22
PROD000638,Basic Cameras 413,Electronics,Cameras,SELR000822,4924.24,5602.17,2024-05-12
PROD000639,Advanced Sportswear 115,Sports & Fitness,Sportswear,SELR000821,2638.49,3335.13,2024-06-23
PROD000640,Basic Tablets 944,Electronics,Tablets,SELR000726,1535.69,1859.48,2023-08-24
PROD000641,Ultra Staples 428,Grocery,Staples,SELR000341,223.12,257.48,2023-05-11
PROD000642,Basic Baby Gear 449,Toys & Baby Products,Baby Gear,SELR001101,418.06,525.23,2023-01-04
PROD000643,Pro Sportswear 654,Sports & Fitness,Sportswear,SELR000889,2754.08,3787.59,2024-02-13
PROD000644,Deluxe Haircare 912,Beauty & Personal Care,Haircare,SELR000049,453.98,627.72,2024-01-18
PROD000645,Classic Team Sports 860,Sports & Fitness,Team Sports,SELR001080,331.67,436.93,2023-02-16
PROD000646,Superior Sportswear 744,Sports & Fitness,Sportswear,SELR001097,10242.75,12582.45,2023-07-17
PROD000647,Premium Diapers 452,Toys & Baby Products,Diapers,SELR000112,1099.1,1323.97,2023-06-23
PROD000648,Pro Educational Toy 252,Toys & Baby Products,Educational Toys,SELR000239,469.46,652.68,2024-09-09
PROD000649,Superior Home Decor 586,Home & Kitchen,Home Decor,SELR000148,3059.28,3789.41,2023-05-29
PROD000650,Elite Makeup 293,Beauty & Personal Care,Makeup,SELR001051,513.82,654.47,2023-09-14
PROD000651,Deluxe Snack 755,Grocery,Snacks,SELR000251,129.34,149.04,2023-01-13
PROD000652,Ultra Tablets 107,Electronics,Tablets,SELR000273,2490.58,2942.9,2023-05-14
PROD000653,Signature Fragrances 550,Beauty & Personal Care,Fragrances,SELR000312,600.66,904.58,2023-03-22
PROD000654,Premium Sportswear 322,Sports & Fitness,Sportswear,SELR000210,328.91,439.96,2023-05-08
PROD000655,Signature Cycling 210,Sports & Fitness,Cycling,SELR000728,226.87,277.54,2025-03-12
PROD000656,Everyday Storage 120,Home & Kitchen,Storage,SELR000223,740.63,1026.17,2023-06-02
PROD000657,Premium Men's Clothing 499,Fashion,Men's Clothing,SELR000205,281.54,459.13,2024-04-05
PROD000658,Basic Kids Wear 190,Fashion,Kids Wear,SELR000928,860.56,1371.32,2023-07-18
PROD000659,Superior Haircare 797,Beauty & Personal Care,Haircare,SELR000217,245.1,331.22,2023-10-11
PROD000660,Basic Toys 164,Toys & Baby Products,Toys,SELR000946,1919.77,2485.71,2023-09-07
PROD000661,Everyday Baby Gear 586,Toys & Baby Products,Baby Gear,SELR000026,889.07,1246.75,2023-12-07
PROD000662,Ultra Bag 726,Fashion,Bags,SELR000678,1641.5,2614.19,2023-02-02
PROD000663,Classic Watches & Jewellery 180,Fashion,Watches & Jewellery,SELR000647,321.0,485.62,2024-02-25
PROD000664,Essential Academic 417,Books,Academic,SELR000840,443.68,545.4,2023-11-09
PROD000665,Trendy Sportswear 567,Sports & Fitness,Sportswear,SELR001000,2228.56,3077.55,2023-02-26
PROD000666,Signature Bedding 617,Home & Kitchen,Bedding,SELR001108,9504.86,12097.85,2022-12-09
PROD000667,Superior Kitchen Appliance 396,Home & Kitchen,Kitchen Appliances,SELR000275,460.31,569.41,2022-12-08
PROD000668,Everyday Headphone 982,Electronics,Headphones,SELR000626,1605.68,1955.83,2024-12-19
PROD000669,Compact Self-Help 223,Books,Self-Help,SELR000733,279.85,331.04,2023-06-09
PROD000670,Elite Haircare 423,Beauty & Personal Care,Haircare,SELR000826,2245.11,3412.69,2023-02-19
PROD000671,Advanced Storage 373,Home & Kitchen,Storage,SELR001081,2724.91,3611.74,2025-04-15
PROD000672,Trendy Baby Feeding 479,Toys & Baby Products,Baby Feeding,SELR000492,387.2,509.16,2023-06-20
PROD000673,Elite Sportswear 660,Sports & Fitness,Sportswear,SELR000310,1075.74,1292.75,2022-12-15
PROD000674,Superior Baby Care 642,Toys & Baby Products,Baby Care,SELR001018,2144.43,2808.44,2023-08-12
PROD000675,Superior Bedding 727,Home & Kitchen,Bedding,SELR000267,747.1,1025.95,2022-12-13
PROD000676,Premium Storage 240,Home & Kitchen,Storage,SELR000414,1875.61,2423.59,2024-06-22
PROD000677,Elite Baby Feeding 141,Toys & Baby Products,Baby Feeding,SELR000465,336.97,409.34,2022-12-25
PROD000678,Everyday Diaper 810,Toys & Baby Products,Diapers,SELR000877,875.25,1132.45,2023-11-25
PROD000679,Everyday Baby Care 383,Toys & Baby Products,Baby Care,SELR000941,172.79,242.44,2023-03-23
PROD000680,Comfort Staples 509,Grocery,Staples,SELR000066,708.55,792.73,2023-07-22
PROD000681,Essential Home Decor 247,Home & Kitchen,Home Decor,SELR000230,9307.07,12384.28,2023-05-23
PROD000682,Superior Women's Clothing 911,Fashion,Women's Clothing,SELR000797,407.34,603.34,2024-01-05
PROD000683,Classic Furniture 389,Home & Kitchen,Furniture,SELR000649,1078.73,1428.29,2025-03-25
PROD000684,Signature Educational Toy 983,Toys & Baby Products,Educational Toys,SELR000908,4511.32,5814.56,2024-02-09
PROD000685,Trendy Cookware 752,Home & Kitchen,Cookware,SELR000352,726.12,907.33,2023-10-22
PROD000686,Advanced Fiction 438,Books,Fiction,SELR000650,898.28,1008.49,2024-06-17
PROD000687,Comfort Educational Toys 852,Toys & Baby Products,Educational Toys,SELR000112,3614.38,4393.07,2023-03-10
PROD000688,Essential Diapers 882,Toys & Baby Products,Diapers,SELR000656,2100.39,2674.66,2023-04-22
PROD000689,Smart Baby Feeding 626,Toys & Baby Products,Baby Feeding,SELR001019,360.3,448.57,2024-08-04
PROD000690,Everyday Personal Hygiene 324,Beauty & Personal Care,Personal Hygiene,SELR001072,185.02,234.96,2024-07-24
PROD000691,Basic Storage 333,Home & Kitchen,Storage,SELR000346,566.0,767.12,2023-02-17
PROD000692,Basic Diapers 991,Toys & Baby Products,Diapers,SELR000289,1105.71,1404.55,2023-10-22
PROD000693,Pro Kids Wear 224,Fashion,Kids Wear,SELR000206,1783.93,2799.64,2023-05-29
PROD000694,Comfort Bag 283,Fashion,Bags,SELR000488,4249.39,6178.27,2023-03-22
PROD000695,Classic Baby Gear 281,Toys & Baby Products,Baby Gear,SELR000209,557.89,805.19,2023-04-15
PROD000696,Smart Cycling 360,Sports & Fitness,Cycling,SELR000812,9469.34,13557.6,2023-11-15
PROD000697,Everyday Grooming Tool 853,Beauty & Personal Care,Grooming Tools,SELR000322,851.58,1222.29,2025-01-16
PROD000698,Classic Smartphones 893,Electronics,Smartphones,SELR001199,47355.26,56180.74,2022-11-29
PROD000699,Elite Furniture 353,Home & Kitchen,Furniture,SELR000222,718.97,1040.07,2025-08-03
PROD000700,Elite Baby Care 510,Toys & Baby Products,Baby Care,SELR000574,2873.83,3488.87,2023-11-19
PROD000701,Smart Fragrance 575,Beauty & Personal Care,Fragrances,SELR000843,172.35,261.04,2023-02-11
PROD000702,Premium Kitchen Appliances 757,Home & Kitchen,Kitchen Appliances,SELR000512,1029.2,1420.47,2022-12-29
PROD000703,Classic Personal Hygiene 200,Beauty & Personal Care,Personal Hygiene,SELR000701,175.34,228.15,2023-09-11
PROD000704,Smart Diapers 905,Toys & Baby Products,Diapers,SELR000908,2061.77,2978.89,2024-01-05
PROD000705,Ultra Baby Care 240,Toys & Baby Products,Baby Care,SELR000278,872.73,1056.64,2022-12-29
PROD000706,Advanced Storage 982,Home & Kitchen,Storage,SELR000116,783.02,993.59,2024-04-18
PROD000707,Basic Makeup 192,Beauty & Personal Care,Makeup,SELR000921,2435.77,3350.99,2023-11-20
PROD000708,Everyday Men's Clothing 153,Fashion,Men's Clothing,SELR000037,3868.37,6192.69,2023-02-09
PROD000709,Compact Home Decor 313,Home & Kitchen,Home Decor,SELR001113,1899.87,2328.7,2023-03-26
PROD000710,Superior Footwear 387,Fashion,Footwear,SELR000319,4161.58,5424.72,2024-09-27
PROD000711,Premium Personal Hygiene 489,Beauty & Personal Care,Personal Hygiene,SELR000985,1887.99,2594.04,2023-09-03
PROD000712,Signature Haircare 715,Beauty & Personal Care,Haircare,SELR000372,316.51,434.41,2023-07-17
PROD000713,Superior Watches & Jewellery 428,Fashion,Watches & Jewellery,SELR000855,701.39,1080.97,2024-08-16
PROD000714,Smart Watches & Jewellery 602,Fashion,Watches & Jewellery,SELR000741,1308.77,1819.08,2024-01-05
PROD000715,Premium Footwear 105,Fashion,Footwear,SELR000824,1148.41,1655.7,2023-06-08
PROD000716,Elite Accessories 446,Electronics,Accessories,SELR000242,45852.36,57802.77,2023-07-29
PROD000717,Everyday Outdoor Gear 796,Sports & Fitness,Outdoor Gear,SELR001165,2504.75,3610.2,2023-07-31
PROD000718,Everyday Men's Clothing 765,Fashion,Men's Clothing,SELR000731,739.31,983.87,2023-08-07
PROD000719,Pro Cameras 373,Electronics,Cameras,SELR000675,986.5,1233.15,2023-04-09
PROD000720,Premium Diapers 859,Toys & Baby Products,Diapers,SELR000531,575.57,814.48,2024-12-21
PROD000721,Everyday Watches & Jewellery 738,Fashion,Watches & Jewellery,SELR000009,941.41,1227.51,2023-01-29
PROD000722,Signature Baby Care 510,Toys & Baby Products,Baby Care,SELR000322,957.54,1291.38,2023-10-28
PROD000723,Smart Makeup 165,Beauty & Personal Care,Makeup,SELR000600,513.29,770.66,2023-04-20
PROD000724,Trendy Sportswear 207,Sports & Fitness,Sportswear,SELR000060,2793.66,3607.13,2022-12-20
PROD000725,Basic Grooming Tools 100,Beauty & Personal Care,Grooming Tools,SELR000548,1214.24,1634.22,2022-12-18
PROD000726,Advanced Men's Clothing 121,Fashion,Men's Clothing,SELR000849,2821.93,3945.16,2024-02-15
PROD000727,Everyday Staples 491,Grocery,Staples,SELR000940,407.07,451.78,2024-08-29
PROD000728,Essential Dairy 635,Grocery,Dairy,SELR000341,44.57,50.61,2023-09-01
PROD000729,Everyday Men's Clothing 599,Fashion,Men's Clothing,SELR000931,756.44,1151.3,2024-07-19
PROD000730,Smart Children's Books 303,Books,,SELR000613,380.75,429.3,2023-12-21
PROD000731,Ultra Personal Hygiene 980,,Personal Hygiene,SELR000705,232.13,338.94,2024-01-09
PROD000732,Advanced Toys 499,Toys & Baby Products,Toys,SELR000363,773.17,1017.97,2023-11-21
PROD000733,Essential Beverages 442,Grocery,Beverages,SELR000759,30.28,33.2,2024-02-21
PROD000734,Signature Laptops 533,Electronics,Laptops,SELR000835,15193.29,19138.34,2025-03-06
PROD000735,Essential Packaged Food 906,Grocery,Packaged Food,SELR000554,283.36,318.75,2023-06-21
PROD000736,Ultra Baby Feeding 496,Toys & Baby Products,Baby Feeding,SELR000514,780.41,1068.87,2023-04-08
PROD000737,Everyday Children's Books 780,Books,Children's Books,SELR000640,725.18,841.01,2023-12-15
PROD000738,Signature Laptop 809,Electronics,Laptops,SELR000636,18478.16,21137.06,2023-04-03
PROD000739,Basic Snacks 100,Grocery,Snacks,SELR000670,33.97,36.32,2023-11-27
PROD000740,Ultra Cycling 755,Sports & Fitness,Cycling,SELR000240,241.98,307.33,2025-01-01
PROD000741,Compact Women's Clothing 961,Fashion,Women's Clothing,SELR000400,361.06,480.14,2025-02-26
PROD000742,Premium Baby Gear 362,Toys & Baby Products,Baby Gear,SELR000287,251.68,304.42,2025-06-27
PROD000743,Signature Fragrances 808,Beauty & Personal Care,Fragrances,SELR000018,362.62,542.78,2023-11-24
PROD000744,Advanced Dairy 870,Grocery,Dairy,SELR000703,261.8,279.55,2023-12-12
PROD000745,Essential Outdoor Gear 722,Sports & Fitness,Outdoor Gear,SELR000440,928.33,1213.75,2023-08-13
PROD000746,Everyday Bags 224,Fashion,Bags,SELR000188,411.49,588.66,2023-08-01
PROD000747,Essential Diapers 643,Toys & Baby Products,Diapers,SELR000845,488.57,646.6,2023-06-26
PROD000748,Smart Grooming Tools 287,Beauty & Personal Care,Grooming Tools,SELR000217,1132.28,1578.0,2023-08-25
PROD000749,Basic Kitchen Appliances 227,Home & Kitchen,Kitchen Appliances,SELR000443,406.09,500.59,2025-09-23
PROD000750,Premium Kitchen Appliances 659,Home & Kitchen,Kitchen Appliances,SELR000414,11377.52,15698.65,2023-07-11
PROD000751,Superior Smartphones 703,Electronics,Smartphones,SELR001033,14394.16,18199.63,2023-07-24
PROD000752,Classic Fitness Equipment 154,,Fitness Equipment,SELR000993,1836.15,2237.23,2025-05-10
PROD000753,Advanced Bedding 385,Home & Kitchen,Bedding,SELR000223,5589.92,7028.33,2025-07-11
PROD000754,Superior Educational Toys 363,Toys & Baby Products,Educational Toys,SELR001002,1551.05,2016.63,2023-06-15
PROD000755,Comfort Baby Feeding 438,Toys & Baby Products,Baby Feeding,SELR000050,165.61,201.03,2024-01-12
PROD000756,Classic Children's Books 188,Books,Children's Books,SELR000938,263.68,323.54,2023-04-11
PROD000757,Compact Women's Clothing 116,Fashion,Women's Clothing,SELR000917,409.7,547.91,2024-02-15
PROD000758,Deluxe Team Sports 102,Sports & Fitness,Team Sports,SELR001097,933.31,1307.61,2024-01-11
PROD000759,Signature Headphone 162,Electronics,Headphones,SELR000176,25142.13,30752.47,2023-11-22
PROD000760,Advanced Personal Care Essentials 985,Grocery,Personal Care Essentials,SELR001161,158.41,176.32,2023-10-15
PROD000761,Premium Cookware 786,Home & Kitchen,Cookware,SELR000394,756.63,946.95,2023-04-21
PROD000762,Comfort Diaper 703,Toys & Baby Products,Diapers,SELR000675,158.57,224.38,2023-02-09
PROD000763,Signature Kitchen Appliances 851,Home & Kitchen,Kitchen Appliances,SELR000223,2287.77,2792.68,2024-03-30
PROD000764,Compact Men's Clothing 188,Fashion,Men's Clothing,SELR000022,1153.98,1604.5,2023-10-15
PROD000765,Pro Baby Feeding 370,Toys & Baby Products,Baby Feeding,SELR000806,671.29,918.4,2023-12-14
PROD000766,Classic Fragrance 551,Beauty & Personal Care,Fragrances,SELR000018,1626.13,2374.38,2024-10-22
PROD000767,Basic Dairy 326,Grocery,Dairy,SELR000155,999.78,1087.93,2024-01-14
PROD000768,Compact Baby Care 401,Toys & Baby Products,Baby Care,SELR000355,1525.11,2169.4,2023-01-03
PROD000769,Advanced Bedding 516,Home & Kitchen,Bedding,SELR001158,1060.92,1489.39,2023-01-16
PROD000770,Pro Kitchen Appliances 101,Home & Kitchen,Kitchen Appliances,SELR000530,14091.81,19278.89,2024-06-26
PROD000771,Elite Fragrances 277,Beauty & Personal Care,Fragrances,SELR001065,203.62,270.46,2024-06-15
PROD000772,Trendy Personal Care Essentials 314,Grocery,Personal Care Essentials,SELR000023,428.93,499.25,2023-02-02
PROD000773,Smart Baby Feeding 660,Toys & Baby Products,Baby Feeding,SELR000135,163.03,208.94,2022-12-15
PROD000774,Classic Kids Wear 690,Fashion,Kids Wear,SELR000356,491.06,710.92,2023-12-04
PROD000775,Deluxe Self-Help 127,Books,Self-Help,SELR000692,673.47,815.24,2023-02-06
PROD000776,Trendy Men's Clothing 581,Fashion,Men's Clothing,SELR001176,1118.24,1692.08,2023-12-13
PROD000777,Essential Fragrance 834,Beauty & Personal Care,Fragrances,SELR000001,631.05,919.11,2023-09-18
PROD000778,Superior Packaged Food 578,Grocery,Packaged Food,SELR000423,45.6,48.46,2023-09-02
PROD000779,Essential Diapers 502,Toys & Baby Products,Diapers,SELR000652,2723.91,3594.81,2023-01-19
PROD000780,Essential Cookware 494,Home & Kitchen,Cookware,SELR000973,1018.25,1348.66,2022-12-04
PROD000781,Classic Kitchen Appliances 948,Home & Kitchen,Kitchen Appliances,SELR000820,4296.18,5361.6,2023-01-30
PROD000782,Deluxe Kids Wear 604,Fashion,Kids Wear,SELR001020,1135.57,1520.25,2023-04-21
PROD000783,Smart Laptops 362,Electronics,Laptops,SELR001150,35052.23,42105.76,2024-02-09
PROD000784,Everyday Cookware 217,Home & Kitchen,Cookware,SELR000815,8297.6,11499.07,2024-07-25
PROD000785,Pro Snack 474,Grocery,Snacks,SELR001190,728.14,801.7,2023-03-14
PROD000786,Basic Furniture 702,Home & Kitchen,Furniture,SELR000223,531.02,756.73,2023-04-06
PROD000787,Superior Kids Wear 786,Fashion,Kids Wear,SELR000984,3224.06,5187.99,2023-04-30
PROD000788,Compact Comic 934,Books,Comics,SELR001189,1168.31,1433.87,2023-08-21
PROD000789,Pro Bags 895,Fashion,Bags,SELR000635,1099.67,1736.45,2023-12-02
PROD000790,Advanced Bags 875,Fashion,Bags,SELR000909,343.71,541.02,2024-12-28
PROD000791,Ultra Educational Toys 340,Toys & Baby Products,Educational Toys,SELR000085,2588.29,3479.43,2023-11-18
PROD000792,Trendy Laptops 638,Electronics,Laptops,SELR000852,4405.02,5365.85,2022-12-06
PROD000793,Essential Furniture 284,Home & Kitchen,Furniture,SELR000422,12710.45,15968.55,2025-04-18
PROD000794,Classic Skincare 241,Beauty & Personal Care,Skincare,SELR000576,326.65,474.11,2023-08-24
PROD000795,Advanced Watches & Jewellery 348,Fashion,Watches & Jewellery,SELR000592,2778.78,4246.6,2023-01-14
PROD000796,Compact Women's Clothing 559,Fashion,Women's Clothing,SELR000081,1379.14,1834.27,2025-01-02
PROD000797,Smart Women's Clothing 474,Fashion,Women's Clothing,SELR000376,875.73,1411.3,2023-09-16
PROD000798,Advanced Women's Clothing 897,Fashion,Women's Clothing,SELR000455,711.05,1019.18,2023-10-08
PROD000799,Essential Baby Gear 111,Toys & Baby Products,Baby Gear,SELR000381,525.54,678.31,2024-03-24
PROD000800,Elite Cookware 171,Home & Kitchen,Cookware,SELR001008,1573.42,2199.44,2023-11-19
PROD000801,Elite Home Decor 392,Home & Kitchen,Home Decor,SELR000865,1933.27,2628.53,2023-06-02
PROD000802,Comfort Storage 250,Home & Kitchen,Storage,SELR000825,1835.74,2608.56,2023-09-04
PROD000803,Pro Baby Care 465,Toys & Baby Products,Baby Care,SELR000455,280.74,345.51,2023-03-04
PROD000804,Compact Cameras 745,Electronics,Cameras,SELR001190,4805.9,6129.31,2024-02-25
PROD000805,Basic Dairy 281,Grocery,Dairy,SELR000415,463.5,525.59,2024-12-26
PROD000806,Classic Men's Clothing 339,Fashion,Men's Clothing,SELR000635,772.53,1084.1,2024-05-25
PROD000807,Superior Diaper 791,Toys & Baby Products,Diapers,SELR000499,4293.82,5610.86,2023-02-20
PROD000808,Advanced Men's Clothing 732,Fashion,Men's Clothing,SELR000393,1952.29,3091.76,2025-10-01
PROD000809,Superior Smartphones 624,Electronics,Smartphones,SELR000960,14415.93,16461.1,2023-05-19
PROD000810,Trendy Personal Hygiene 129,Beauty & Personal Care,Personal Hygiene,SELR001131,303.23,381.12,2023-09-17
PROD000811,Compact Watches & Jewellery 980,Fashion,Watches & Jewellery,SELR000510,4118.83,6557.71,2023-09-22
PROD000812,Superior Comic 966,Books,Comics,SELR000840,271.27,347.4,2023-12-02
PROD000813,Pro Outdoor Gear 549,Sports & Fitness,Outdoor Gear,SELR001100,375.23,454.22,2023-12-16
PROD000814,Ultra Cycling 460,Sports & Fitness,Cycling,SELR000545,348.02,494.48,2023-05-25
PROD000815,Essential Watches & Jewellery 328,Fashion,Watches & Jewellery,SELR000873,397.56,526.3,2024-08-28
PROD000816,Ultra Cycling 979,Sports & Fitness,Cycling,SELR000024,427.52,557.39,2023-06-14
PROD000817,Comfort Kids Wear 256,Fashion,Kids Wear,SELR000270,1049.78,1451.39,2023-05-30
PROD000818,Pro Educational Toy 336,Toys & Baby Products,Educational Toys,SELR000315,2529.88,3642.93,2023-04-30
PROD000819,Signature Academic 621,Books,Academic,SELR000113,204.54,263.36,2023-07-09
PROD000820,Basic Personal Hygiene 873,Beauty & Personal Care,Personal Hygiene,SELR000496,1669.49,2530.62,2023-08-19
PROD000821,Ultra Staples 659,Grocery,Staples,SELR000783,37.89,43.96,2023-09-09
PROD000822,Compact Personal Hygiene 159,Beauty & Personal Care,Personal Hygiene,SELR000601,791.17,998.04,2023-05-18
PROD000823,Premium Makeup 742,Beauty & Personal Care,Makeup,SELR000385,1357.5,1795.31,2023-09-06
PROD000824,Basic Bags 467,Fashion,Bags,SELR001041,2503.15,3802.53,2024-02-24
PROD000825,Essential Outdoor Gear 625,Sports & Fitness,Outdoor Gear,SELR000161,1501.31,1810.35,2023-09-22
PROD000826,Compact Bedding 976,Home & Kitchen,Bedding,SELR001119,11457.7,14367.27,2023-08-31
PROD000827,Signature Cameras 772,Electronics,Cameras,SELR000030,30736.94,37617.99,2023-04-07
PROD000828,Elite Personal Care Essential 488,Grocery,Personal Care Essentials,SELR001013,39.38,44.31,2023-04-30
PROD000829,Basic Tablets 584,Electronics,Tablets,SELR000821,54937.62,69556.82,2025-09-17
PROD000830,Premium Outdoor Gear 733,Sports & Fitness,Outdoor Gear,SELR000545,364.06,452.63,2023-07-18
PROD000831,Smart Men's Clothing 646,Fashion,Men's Clothing,SELR001116,389.76,609.84,2022-12-31
PROD000832,Ultra Cookware 370,Home & Kitchen,Cookware,SELR000238,579.38,715.45,2023-11-21
PROD000833,Ultra Personal Care Essential 298,Grocery,Personal Care Essentials,SELR001132,138.13,162.44,2025-06-15
PROD000834,Pro Headphones 731,Electronics,Headphones,SELR000997,3103.22,3818.08,2023-12-02
PROD000835,Premium Sportswear 571,Sports & Fitness,Sportswear,SELR001165,360.59,488.7,2023-02-07
PROD000836,Superior Grooming Tools 705,Beauty & Personal Care,Grooming Tools,SELR000080,779.14,1185.27,2023-09-16
PROD000837,Signature Staple 245,Grocery,Staples,SELR001177,494.91,531.78,2023-06-13
PROD000838,Everyday Footwear 287,Fashion,Footwear,SELR000534,805.52,1047.33,2022-11-28
PROD000839,Basic Fiction 938,Books,Fiction,SELR000771,180.62,233.87,2024-12-31
PROD000840,Smart Kitchen Appliances 114,Home & Kitchen,Kitchen Appliances,SELR000070,1938.65,2751.99,2023-12-31
PROD000841,Elite Furniture 439,Home & Kitchen,Furniture,SELR001104,330.61,470.26,2023-06-27
PROD000842,Compact Cookware 692,Home & Kitchen,Cookware,SELR000123,11444.64,15682.46,2024-01-19
PROD000843,Signature Bedding 298,Home & Kitchen,Bedding,SELR001157,482.87,686.4,2022-12-22
PROD000844,Ultra Home Decor 964,Home & Kitchen,Home Decor,SELR001171,11945.8,15126.26,2024-01-01
PROD000845,Classic Laptops 397,Electronics,Laptops,SELR000957,49961.62,62881.07,2023-10-06
PROD000846,Superior Kitchen Appliances 629,Home & Kitchen,Kitchen Appliances,SELR000336,694.1,909.67,2023-10-01
PROD000847,Advanced Sportswear 759,Sports & Fitness,Sportswear,SELR000810,793.77,1051.4,2023-07-16
PROD000848,Smart Home Decor 597,Home & Kitchen,Home Decor,SELR000108,11426.11,16237.64,2022-12-09
PROD000849,Comfort Kids Wear 224,Fashion,Kids Wear,SELR000123,415.39,620.14,2023-06-23
PROD000850,Superior Furniture 733,Home & Kitchen,Furniture,SELR000409,2671.25,3535.65,2024-02-07
PROD000851,Ultra Kitchen Appliances 620,Home & Kitchen,Kitchen Appliances,SELR000926,5597.36,7660.4,2023-06-27
PROD000852,Deluxe Cycling 763,Sports & Fitness,Cycling,SELR000221,616.9,793.97,2022-12-28
PROD000853,Essential Toys 687,Toys & Baby Products,Toys,SELR000499,3380.4,4331.79,2023-07-12
PROD000854,Elite Skincare 386,Beauty & Personal Care,Skincare,SELR001040,501.17,772.74,2023-02-03
PROD000855,Basic Yoga Accessories 325,Sports & Fitness,Yoga Accessories,SELR000978,6689.67,9196.57,2024-07-14
PROD000856,Superior Smartphone 369,Electronics,Smartphones,SELR000164,3045.93,3695.24,2023-09-11
PROD000857,Advanced Baby Gear 803,Toys & Baby Products,Baby Gear,SELR000435,1424.98,1856.6,2022-12-27
PROD000858,Signature Kids Wear 288,Fashion,Kids Wear,SELR000353,277.51,396.36,2023-06-27
PROD000859,Comfort Women's Clothing 248,Fashion,Women's Clothing,SELR001128,1085.89,1772.77,2025-10-14
PROD000860,Smart Men's Clothing 863,Fashion,Men's Clothing,SELR000309,2047.13,2738.6,2024-11-22
PROD000861,Elite Headphones 731,Electronics,Headphones,SELR001112,3011.3,3595.19,2022-12-28
PROD000862,Compact Fiction 414,Books,Fiction,SELR000229,305.1,341.99,2025-07-03
PROD000863,Smart Footwear 655,Fashion,Footwear,SELR000764,3730.31,6029.73,2023-09-09
PROD000864,Everyday Kids Wear 938,Fashion,Kids Wear,SELR000833,3609.87,5234.29,2024-09-03
PROD000865,Comfort Women's Clothing 354,Fashion,Women's Clothing,SELR000241,2780.05,4303.49,2023-01-20
PROD000866,Everyday Educational Toy 161,Toys & Baby Products,Educational Toys,SELR000085,902.44,1100.33,2025-09-08
PROD000867,Trendy Children's Book 906,Books,Children's Books,SELR000369,150.49,175.0,2024-03-09
PROD000868,Signature Toys 541,Toys & Baby Products,Toys,SELR000686,3471.0,4742.57,2024-05-09
PROD000869,Pro Personal Care Essentials 963,Grocery,Personal Care Essentials,SELR000192,1403.66,1583.29,2023-11-15
PROD000870,Everyday Baby Feeding 568,Toys & Baby Products,Baby Feeding,SELR000254,201.88,266.36,2023-12-23
PROD000871,Basic Cookware 961,Home & Kitchen,Cookware,SELR000280,474.12,676.72,2023-09-02
PROD000872,Compact Women's Clothing 281,Fashion,Women's Clothing,SELR000384,559.05,765.36,2023-02-07
PROD000873,Premium Women's Clothing 637,Fashion,Women's Clothing,SELR000910,1096.93,1735.86,2023-07-29
PROD000874,Superior Bag 157,Fashion,Bags,SELR000704,1092.86,1435.34,2023-05-05
PROD000875,Trendy Fitness Equipment 162,Sports & Fitness,Fitness Equipment,SELR000545,4189.07,5062.56,2023-03-24
PROD000876,Trendy Tablet 396,Electronics,Tablets,SELR000811,11411.58,13819.98,2023-01-20
PROD000877,Pro Men's Clothing 817,Fashion,Men's Clothing,SELR000169,456.76,665.18,2024-10-22
PROD000878,Classic Cycling 516,Sports & Fitness,Cycling,SELR000767,205.14,260.71,2023-11-07
PROD000879,Superior Laptops 464,Electronics,Laptops,SELR000413,12188.25,14030.51,2023-02-13
PROD000880,Elite Cameras 951,Electronics,Cameras,SELR000227,986.41,1204.77,2023-09-11
PROD000881,Deluxe Smart Watche 160,Electronics,Smart Watches,SELR000791,20937.93,26284.16,2023-04-15
PROD000882,Superior Sportswear 870,Sports & Fitness,Sportswear,SELR000821,7209.13,9545.47,2023-07-07
PROD000883,Ultra Smartphones 860,Electronics,Smartphones,SELR000694,4798.15,5783.96,2023-05-28
PROD000884,Trendy Bags 232,Fashion,Bags,SELR001041,2471.47,3624.08,2023-04-13
PROD000885,Essential Bags 700,Fashion,Bags,SELR001182,4437.57,6759.0,2023-07-06
PROD000886,Classic Fiction 174,Books,Fiction,SELR000836,213.54,269.67,2025-07-22
PROD000887,Advanced Kids Wear 389,Fashion,Kids Wear,SELR000350,386.54,629.1,2023-07-16
PROD000888,Premium Laptops 720,Electronics,Laptops,SELR000729,3573.57,4371.58,2023-11-26
PROD000889,Classic Baby Gear 270,Toys & Baby Products,Baby Gear,SELR000455,1343.88,1644.86,2025-07-04
PROD000890,Compact Snacks 922,Grocery,Snacks,SELR000129,504.81,553.99,2025-07-24
PROD000891,Trendy Kids Wear 696,Fashion,Kids Wear,SELR000611,752.36,1003.49,2023-12-01
PROD000892,Superior Bags 876,Fashion,Bags,SELR000404,2599.06,4161.35,2023-01-23
PROD000893,Deluxe Watches & Jewellery 155,Fashion,Watches & Jewellery,SELR000581,368.54,583.92,2023-08-14
PROD000894,Signature Outdoor Gear 338,Sports & Fitness,Outdoor Gear,SELR000269,7903.31,9676.21,2023-06-29
PROD000895,Premium Kids Wear 821,Fashion,,SELR000129,4466.67,5813.78,2022-11-29
PROD000896,Compact Baby Gear 597,Toys & Baby Products,Baby Gear,SELR000247,2877.22,3854.24,2024-01-13
PROD000897,Elite Personal Care Essentials 395,Grocery,Personal Care Essentials,SELR000781,1269.16,1396.81,2023-11-03
PROD000898,Ultra Makeup 341,Beauty & Personal Care,Makeup,SELR000800,383.38,575.87,2023-08-22
PROD000899,Elite Accessories 316,Electronics,Accessories,SELR000637,18212.72,22002.66,2024-05-06
PROD000900,Classic Baby Care 459,Toys & Baby Products,Baby Care,SELR000756,1436.85,1969.43,2023-11-08
PROD000901,Basic Cycling 346,Sports & Fitness,Cycling,SELR001180,243.28,299.09,2025-09-24
PROD000902,Premium Non-Fiction 467,Books,Non-Fiction,SELR001156,155.61,179.23,2023-04-11
PROD000903,Advanced Smart Watche 927,Electronics,Smart Watches,SELR001162,32575.63,38146.45,2024-12-19
PROD000904,Essential Team Sports 266,Sports & Fitness,Team Sports,SELR001180,1483.54,1813.41,2025-02-05
PROD000905,Trendy Staple 154,Grocery,Staples,SELR000479,904.13,959.5,2024-01-20
PROD000906,Smart Baby Gear 109,Toys & Baby Products,Baby Gear,SELR000134,200.88,281.84,2023-01-19
PROD000907,Pro Fragrances 231,Beauty & Personal Care,Fragrances,SELR000232,182.7,271.86,2024-01-18
PROD000908,Smart Storage 276,Home & Kitchen,Storage,SELR000352,1259.55,1761.49,2023-05-03
PROD000909,Essential Kitchen Appliances 439,Home & Kitchen,Kitchen Appliances,SELR000091,368.69,478.74,2023-11-20
PROD000910,Premium Team Sport 128,Sports & Fitness,Team Sports,SELR000266,1434.85,1946.27,2023-02-13
PROD000911,Compact Diapers 995,Toys & Baby Products,Diapers,SELR000908,2815.48,3550.65,2024-11-08
PROD000912,Advanced Fragrances 693,Beauty & Personal Care,Fragrances,SELR000333,1000.62,1296.33,2023-08-01
PROD000913,Essential Women's Clothing 968,Fashion,Women's Clothing,SELR000918,2489.39,4049.31,2024-02-23
PROD000914,Essential Camera 229,Electronics,Cameras,SELR001185,984.88,1097.53,2025-03-19
PROD000915,Deluxe Grooming Tool 833,Beauty & Personal Care,Grooming Tools,SELR000504,1513.97,2292.25,2025-01-25
PROD000916,Smart Packaged Food 604,Grocery,Packaged Food,SELR000827,378.81,422.51,2023-12-16
PROD000917,Ultra Accessories 101,Electronics,Accessories,SELR000485,23543.55,27168.03,2022-11-30
PROD000918,Signature Home Decor 685,Home & Kitchen,Home Decor,SELR000742,17402.45,24625.13,2023-05-22
PROD000919,Comfort Toys 592,Toys & Baby Products,Toys,SELR000361,3365.79,4758.29,2023-06-01
PROD000920,Compact Storage 241,Home & Kitchen,Storage,SELR000973,13675.2,16886.6,2023-03-04
PROD000921,Ultra Bags 364,Fashion,Bags,SELR000035,3455.54,4792.87,2024-11-18
PROD000922,Classic Men's Clothing 120,Fashion,Men's Clothing,SELR000583,705.99,1009.36,2023-01-04
PROD000923,Deluxe Storage 635,Home & Kitchen,Storage,SELR000815,777.0,1026.3,2023-03-26
PROD000924,Comfort Smart Watches 564,Electronics,Smart Watches,SELR000417,7388.29,8324.82,2023-03-23
PROD000925,Compact Team Sports 400,Sports & Fitness,Team Sports,SELR000099,871.58,1121.76,2025-08-18
PROD000926,Signature Haircare 443,Beauty & Personal Care,Haircare,SELR000761,1052.76,1499.38,2023-10-13
PROD000927,Essential Team Sports 171,Sports & Fitness,Team Sports,SELR000907,3753.02,5239.16,2022-11-30
PROD000928,Premium Fragrances 217,Beauty & Personal Care,Fragrances,SELR000002,1027.11,1358.22,2023-09-11
PROD000929,Everyday Accessories 112,Electronics,Accessories,SELR000311,7278.63,8617.78,2023-06-01
PROD000930,Compact Women's Clothing 563,Fashion,Women's Clothing,SELR000208,309.67,499.51,2023-09-08
PROD000931,Everyday Bags 126,Fashion,Bags,SELR001128,325.62,534.59,2022-12-25
PROD000932,Basic Headphones 334,Electronics,Headphones,SELR000075,919.85,1132.66,2023-12-26
PROD000933,Elite Self-Help 812,Books,Self-Help,SELR001189,202.88,260.26,2023-08-19
PROD000934,Essential Accessories 631,Electronics,Accessories,SELR000335,29980.95,33114.02,2023-03-23
PROD000935,Basic Yoga Accessorie 402,Sports & Fitness,Yoga Accessories,SELR000735,218.81,295.56,2023-11-25
PROD000936,Advanced Women's Clothing 920,Fashion,Women's Clothing,SELR000849,385.23,502.71,2023-07-01
PROD000937,Everyday Accessories 632,Electronics,Accessories,SELR001121,56408.5,68475.14,2025-03-21
PROD000938,Pro Kids Wear 496,Fashion,Kids Wear,SELR000924,257.95,379.62,2023-02-12
PROD000939,Elite Bedding 435,Home & Kitchen,Bedding,SELR000032,571.8,803.49,2023-07-10
PROD000940,Trendy Yoga Accessorie 141,Sports & Fitness,Yoga Accessories,SELR001180,224.92,290.76,2023-03-07
PROD000941,Everyday Dairy 482,Grocery,Dairy,SELR000957,76.12,89.65,2023-10-30
PROD000942,Trendy Headphone 317,Electronics,Headphones,SELR000038,1127.9,1386.84,2023-05-16
PROD000943,Signature Personal Hygiene 590,Beauty & Personal Care,Personal Hygiene,SELR000680,559.03,835.72,2023-01-20
PROD000944,Premium Comics 517,Books,Comics,SELR000413,168.96,215.24,2024-07-12
PROD000945,Essential Footwear 805,Fashion,Footwear,SELR000583,3898.61,5358.98,2023-12-20
PROD000946,Premium Smartphone 638,Electronics,Smartphones,SELR000392,2326.43,2962.61,2023-12-15
PROD000947,Trendy Kids Wear 784,Fashion,Kids Wear,SELR000538,876.78,1396.12,2023-07-08
PROD000948,Essential Accessories 533,Electronics,Accessories,SELR000194,32507.35,37576.99,2023-04-17
PROD000949,Elite Baby Gear 899,Toys & Baby Products,Baby Gear,SELR001101,280.78,362.66,2023-03-08
PROD000950,Deluxe Home Decor 198,Home & Kitchen,Home Decor,SELR000258,3385.43,4517.28,2024-04-01
PROD000951,Compact Grooming Tool 638,Beauty & Personal Care,Grooming Tools,SELR000849,1285.82,1818.97,2025-02-23
PROD000952,Trendy Non-Fiction 133,Books,Non-Fiction,SELR000324,738.67,841.12,2025-01-01
PROD000953,Ultra Bedding 493,Home & Kitchen,Bedding,SELR000140,1810.91,2216.0,2023-03-21
PROD000954,Signature Sportswear 354,Sports & Fitness,Sportswear,SELR000519,327.98,420.75,2023-11-20
PROD000955,Trendy Smartphones 101,Electronics,Smartphones,SELR000565,42152.24,49251.85,2023-05-23
PROD000956,Smart Bedding 379,Home & Kitchen,Bedding,SELR001045,919.15,1263.17,2023-10-10
PROD000957,Compact Accessorie 490,Electronics,Accessories,SELR001153,17643.93,20936.98,2024-01-19
PROD000958,Compact Women's Clothing 461,Fashion,Women's Clothing,SELR000764,575.59,809.06,2023-06-02
PROD000959,Signature Footwear 522,Fashion,Footwear,SELR000101,427.42,609.88,2024-02-13
PROD000960,Smart Fitness Equipment 518,Sports & Fitness,Fitness Equipment,SELR001027,398.3,541.98,2024-11-29
PROD000961,Compact Team Sports 744,Sports & Fitness,Team Sports,SELR001136,7796.93,9851.92,2025-09-11
PROD000962,Advanced Comics 125,Books,Comics,SELR000491,181.17,232.2,2025-03-03
PROD000963,Classic Tablets 870,Electronics,Tablets,SELR001122,9725.97,11976.17,2023-01-30
PROD000964,Basic Diapers 984,Toys & Baby Products,Diapers,SELR000755,3389.5,4630.88,2025-01-29
PROD000965,Elite Smart Watche 751,Electronics,Smart Watches,SELR001142,20943.79,24496.91,2023-05-15
PROD000966,Compact Packaged Food 347,Grocery,Packaged Food,SELR000466,1177.72,1347.86,2023-08-03
PROD000967,Trendy Academic 624,Books,Academic,SELR000103,118.39,145.28,2023-06-30
PROD000968,Smart Skincare 569,Beauty & Personal Care,Skincare,SELR000976,162.74,228.92,2022-12-24
PROD000969,Basic Kitchen Appliances 785,Home & Kitchen,Kitchen Appliances,SELR000209,430.99,587.98,2023-08-06
PROD000970,Elite Non-Fiction 285,Books,Non-Fiction,SELR001192,309.12,376.99,2025-04-07
PROD000971,Ultra Comics 485,Books,Comics,SELR000533,499.81,582.31,2023-04-06
PROD000972,Essential Accessories 853,Electronics,Accessories,SELR000244,3260.76,3869.78,2025-10-01
PROD000973,Signature Academic 657,Books,Academic,SELR000413,406.69,523.1,2023-05-09
PROD000974,Everyday Laptops 992,Electronics,Laptops,SELR000335,3759.78,4536.22,2022-12-24
PROD000975,Essential Cookware 204,Home & Kitchen,Cookware,SELR000707,13108.29,18156.3,2025-03-04
PROD000976,Deluxe Outdoor Gear 219,Sports & Fitness,Outdoor Gear,SELR000379,767.13,1000.1,2023-06-08
PROD000977,Trendy Personal Care Essentials 491,Grocery,Personal Care Essentials,SELR000003,933.57,1038.62,2024-12-07
PROD000978,Superior Bedding 507,Home & Kitchen,Bedding,SELR000267,841.96,1128.49,2023-02-23
PROD000979,Premium Watches & Jewellery 649,Fashion,Watches & Jewellery,SELR000869,427.98,643.55,2022-11-30
PROD000980,Superior Home Decor 421,Home & Kitchen,Home Decor,SELR000530,17384.46,25084.64,2023-11-29
PROD000981,Classic Watches & Jewellery 742,Fashion,Watches & Jewellery,SELR000712,1473.76,2373.04,2023-12-28
PROD000982,Ultra Haircare 237,Beauty & Personal Care,Haircare,SELR000601,1654.69,2540.28,2024-01-21
PROD000983,Premium Storage 567,Home & Kitchen,Storage,SELR000525,10705.78,15276.74,2024-02-25
PROD000984,Pro Academic 266,Books,Academic,SELR001069,175.53,201.59,2023-04-20
PROD000985,Essential Kids Wear 521,Fashion,Kids Wear,SELR001089,283.88,434.55,2023-10-05
PROD000986,Comfort Men's Clothing 487,Fashion,Men's Clothing,SELR000257,3713.16,6118.73,2024-12-11
PROD000987,Comfort Home Decor 643,Home & Kitchen,Home Decor,SELR001168,9833.66,13876.6,2024-03-21
PROD000988,Compact Smartphones 558,Electronics,Smartphones,SELR000603,7835.46,9256.44,2024-01-13
PROD000989,Essential Men's Clothing 909,Fashion,Men's Clothing,SELR001141,1591.15,2081.14,2023-09-14
PROD000990,Basic Bag 364,Fashion,Bags,SELR001026,2483.32,3799.77,2023-12-20
PROD000991,Ultra Bedding 158,Home & Kitchen,Bedding,SELR000303,601.86,822.26,2024-02-05
PROD000992,Basic Footwear 277,Fashion,Footwear,SELR000094,1413.96,2228.12,2023-11-28
PROD000993,Pro Grooming Tools 299,Beauty & Personal Care,Grooming Tools,SELR000988,1777.97,2357.63,2025-04-18
PROD000994,Trendy Snack 931,Grocery,Snacks,SELR000458,725.93,785.35,2023-05-09
PROD000995,Elite Fragrances 782,Beauty & Personal Care,Fragrances,SELR000146,426.84,596.64,2023-07-29
PROD000996,Superior Men's Clothing 439,Fashion,Men's Clothing,SELR000104,2560.64,4136.4,2023-01-02
PROD000997,Ultra Headphones 883,Electronics,Headphones,SELR001001,862.92,1063.73,2024-08-10
PROD000998,Essential Smartphones 970,Electronics,Smartphones,SELR001151,37931.53,48240.37,2024-02-18
PROD000999,Smart Grooming Tool 434,Beauty & Personal Care,Grooming Tools,SELR001139,284.23,370.04,2023-02-03
PROD001000,Basic Sportswear 992,Sports & Fitness,Sportswear,SELR000221,1542.52,2198.47,2023-07-11
PROD001001,Ultra Accessories 348,Electronics,Accessories,SELR001029,3205.21,3817.12,2024-01-14
PROD001002,Trendy Kids Wear 337,Fashion,Kids Wear,SELR000092,4442.55,6484.4,2023-05-10
PROD001003,Smart Footwear 546,Fashion,Footwear,SELR000376,1536.62,2533.05,2023-08-25
PROD001004,Trendy Men's Clothing 199,Fashion,Men's Clothing,SELR001117,722.69,1008.53,2023-11-19
PROD001005,Ultra Baby Feeding 827,Toys & Baby Products,Baby Feeding,SELR000064,404.27,547.48,2023-11-24
PROD001006,Deluxe Kids Wear 554,Fashion,Kids Wear,SELR000405,400.11,543.18,2024-05-21
PROD001007,Essential Cameras 477,Electronics,Cameras,SELR000899,2511.3,3006.95,2022-12-25
PROD001008,Everyday Watches & Jewellery 621,Fashion,Watches & Jewellery,SELR000647,2868.21,4259.99,2025-08-17
PROD001009,Advanced Smart Watches 801,Electronics,Smart Watches,SELR000610,24991.76,31798.53,2023-11-09
PROD001010,Signature Headphones 856,Electronics,Headphones,SELR000273,20718.68,25187.74,2024-05-29
PROD001011,Deluxe Bedding 849,Home & Kitchen,Bedding,SELR000525,310.24,410.48,2023-03-30
PROD001012,Classic Footwear 575,Fashion,Footwear,SELR001153,542.52,802.57,2023-08-09
PROD001013,Essential Accessories 673,Electronics,Accessories,SELR000474,52419.55,60685.1,2022-12-29
PROD001014,Premium Haircare 459,Beauty & Personal Care,Haircare,SELR000524,201.35,301.57,2023-02-21
PROD001015,Premium Storage 536,Home & Kitchen,Storage,SELR001043,17319.19,24236.76,2025-10-16
PROD001016,Pro Cameras 722,Electronics,Cameras,SELR000568,1470.26,1763.03,2022-12-04
PROD001017,Comfort Packaged Food 771,Grocery,Packaged Food,SELR001151,146.4,166.31,2023-08-24
PROD001018,Basic Watches & Jewellery 418,Fashion,Watches & Jewellery,SELR001078,1726.75,2732.56,2023-08-08
PROD001019,Essential Baby Feeding 626,Toys & Baby Products,Baby Feeding,SELR000099,348.11,501.68,2024-12-29
PROD001020,Elite Baby Gear 853,Toys & Baby Products,Baby Gear,SELR000629,318.45,392.02,2023-08-27
PROD001021,Elite Bedding 120,Home & Kitchen,Bedding,SELR000409,8932.64,11849.57,2025-07-07
PROD001022,Superior Watches & Jewellery 316,Fashion,Watches & Jewellery,SELR000270,1031.13,1455.5,2023-01-11
PROD001023,Premium Staple 604,Grocery,Staples,SELR000155,35.97,38.97,2025-02-03
PROD001024,Everyday Furniture 284,Home & Kitchen,Furniture,SELR000795,6783.01,8625.36,2023-08-04
PROD001025,Advanced Men's Clothing 773,Fashion,Men's Clothing,SELR000129,4405.61,6939.63,2023-12-05
PROD001026,Basic Haircare 123,Beauty & Personal Care,Haircare,SELR001109,1842.72,2786.16,2023-06-13
PROD001027,Pro Storage 648,Home & Kitchen,Storage,SELR000875,5694.32,7557.63,2025-03-25
PROD001028,Elite Snack 130,Grocery,Snacks,SELR001070,1084.17,1204.71,2023-06-16
PROD001029,Advanced Sportswear 450,Sports & Fitness,Sportswear,SELR000159,296.08,399.45,2023-12-28
PROD001030,Pro Dairy 967,Grocery,Dairy,SELR000374,45.34,51.63,2024-02-18
PROD001031,Elite Academic 590,Books,Academic,SELR000684,1192.62,1480.68,2023-06-09
PROD001032,Elite Fitness Equipment 380,Sports & Fitness,Fitness Equipment,SELR001032,473.61,584.66,2023-04-12
PROD001033,Trendy Kitchen Appliances 469,Home & Kitchen,Kitchen Appliances,SELR000436,1290.71,1617.94,2023-08-18
PROD001034,Ultra Toy 656,Toys & Baby Products,Toys,SELR000271,1105.77,1543.41,2024-01-07
PROD001035,Signature Educational Toys 277,Toys & Baby Products,Educational Toys,SELR000786,1507.84,2042.07,2023-08-29
PROD001036,Smart Beverages 679,Grocery,Beverages,SELR000380,164.89,178.2,2023-05-04
PROD001037,Smart Children's Books 632,Books,Children's Books,SELR001102,486.07,581.09,2023-11-19
PROD001038,Compact Haircare 535,Beauty & Personal Care,Haircare,SELR001065,320.77,464.41,2023-02-17
PROD001039,Everyday Bags 609,Fashion,Bags,SELR000416,746.63,1014.61,2023-04-01
PROD001040,Compact Staples 312,Grocery,Staples,SELR000479,198.88,217.72,2023-02-05
PROD001041,Smart Headphones 410,Electronics,Headphones,SELR000286,20133.71,22317.66,2024-01-20
PROD001042,Pro Footwear 604,Fashion,,SELR001047,2940.98,4298.15,2024-02-02
PROD001043,Premium Kitchen Appliance 867,Home & Kitchen,Kitchen Appliances,SELR000802,320.24,400.51,2024-02-10
PROD001044,Advanced Personal Hygiene 894,Beauty & Personal Care,Personal Hygiene,SELR000285,2516.81,3551.47,2022-12-07
PROD001045,Superior Haircare 223,Beauty & Personal Care,Haircare,SELR000372,1424.17,2157.38,2024-01-14
PROD001046,Essential Kids Wear 229,Fashion,Kids Wear,SELR001020,630.97,941.05,2023-03-07
PROD001047,Deluxe Accessorie 875,Electronics,Accessories,SELR000566,13966.7,17479.12,2024-02-08
PROD001048,Deluxe Footwear 649,Fashion,Footwear,SELR000484,841.91,1374.94,2025-04-28
PROD001049,Ultra Kids Wear 516,Fashion,Kids Wear,SELR000635,1445.58,2321.39,2024-03-15
PROD001050,Compact Cameras 939,Electronics,Cameras,SELR000568,1154.22,1365.91,2023-09-25
PROD001051,Superior Sportswear 401,Sports & Fitness,Sportswear,SELR000088,416.51,594.76,2023-11-25
PROD001052,Elite Women's Clothing 831,Fashion,Women's Clothing,SELR000724,493.08,764.04,2023-05-18
PROD001053,Everyday Bags 302,Fashion,Bags,SELR000704,299.82,410.84,2023-12-11
PROD001054,Elite Kids Wear 775,Fashion,Kids Wear,SELR000966,630.15,991.63,2022-12-06
PROD001055,Compact Kitchen Appliances 732,,Kitchen Appliances,SELR000622,838.95,1181.14,2024-07-26
PROD001056,Advanced Snacks 846,Grocery,Snacks,SELR000404,656.07,773.54,2023-07-22
PROD001057,Ultra Women's Clothing 934,Fashion,Women's Clothing,SELR000596,1769.85,2695.66,2023-07-31
PROD001058,Deluxe Men's Clothing 230,Fashion,Men's Clothing,SELR000808,1422.43,1903.74,2024-01-07
PROD001059,Smart Outdoor Gear 419,Sports & Fitness,Outdoor Gear,SELR000631,1635.37,2310.57,2022-12-22
PROD001060,Basic Accessories 803,Electronics,Accessories,SELR000831,876.84,984.52,2024-01-08
PROD001061,Ultra Beverages 498,Grocery,Beverages,SELR000155,314.37,365.18,2024-09-01
PROD001062,Deluxe Baby Gear 584,Toys & Baby Products,Baby Gear,SELR000656,440.68,624.82,2024-02-26
PROD001063,Trendy Fragrance 268,Beauty & Personal Care,Fragrances,SELR000763,355.65,494.23,2023-10-23
PROD001064,Compact Toys 370,Toys & Baby Products,Toys,SELR000145,4240.74,5531.61,2023-05-03
PROD001065,Ultra Cookware 222,Home & Kitchen,Cookware,SELR000028,3492.12,5011.75,2025-07-27
PROD001066,Advanced Bedding 850,Home & Kitchen,Bedding,SELR000973,885.59,1099.15,2023-01-22
PROD001067,Basic Laptops 354,Electronics,Laptops,SELR000204,54045.29,64895.92,2023-01-22
PROD001068,Compact Accessories 975,Electronics,Accessories,SELR001124,55933.86,70253.72,2025-10-20
PROD001069,Trendy Watches & Jewellery 972,Fashion,Watches & Jewellery,SELR000493,1394.31,2042.62,2025-02-03
PROD001070,Comfort Cookware 271,Home & Kitchen,Cookware,SELR000268,2143.28,2696.64,2023-12-30
PROD001071,Everyday Furniture 682,Home & Kitchen,Furniture,SELR000258,1921.42,2707.28,2025-07-29
PROD001072,Premium Bags 991,Fashion,Bags,SELR000130,4356.51,7127.77,2023-11-06
PROD001073,Superior Haircare 306,Beauty & Personal Care,Haircare,SELR000249,2656.13,3335.31,2024-02-21
PROD001074,Trendy Watches & Jewellery 331,Fashion,Watches & Jewellery,SELR000270,1110.13,1520.93,2023-09-11
PROD001075,Classic Kids Wear 335,Fashion,Kids Wear,SELR000129,1480.09,2414.1,2023-01-09
PROD001076,Elite Watches & Jewellery 947,Fashion,Watches & Jewellery,SELR001047,3150.47,5051.17,2025-01-21
PROD001077,Ultra Yoga Accessories 320,Sports & Fitness,Yoga Accessories,SELR000477,893.99,1184.8,2023-11-10
PROD001078,Smart Cookware 414,Home & Kitchen,Cookware,SELR000173,951.61,1282.19,2023-06-25
PROD001079,Pro Comics 424,Books,Comics,SELR000413,211.04,267.09,2023-04-17
PROD001080,Premium Cameras 410,Electronics,Cameras,SELR001190,6166.64,7560.75,2023-07-12
PROD001081,Basic Bedding 482,Home & Kitchen,Bedding,SELR000306,10686.99,13774.92,2025-08-26
PROD001082,Pro Baby Feeding 496,Toys & Baby Products,Baby Feeding,SELR000236,1328.8,1875.55,2024-10-06
PROD001083,Premium Tablets 554,Electronics,Tablets,SELR000608,52338.51,59108.6,2023-05-08
PROD001084,Basic Bedding 778,Home & Kitchen,Bedding,SELR000618,4884.16,6447.58,2023-07-03
PROD001085,Essential Accessories 552,Electronics,Accessories,SELR000424,2807.95,3168.46,2023-06-07
PROD001086,Compact Watches & Jewellery 288,Fashion,Watches & Jewellery,SELR000698,1357.54,1923.54,2025-09-08
PROD001087,Pro Furniture 127,Home & Kitchen,Furniture,SELR001157,4621.96,5937.5,2023-04-04
PROD001088,Premium Kids Wear 827,Fashion,Kids Wear,SELR001183,250.43,392.8,2023-01-20
PROD001089,Classic Furniture 869,Home & Kitchen,Furniture,SELR000436,580.74,742.24,2023-11-07
PROD001090,Trendy Baby Feeding 316,Toys & Baby Products,Baby Feeding,SELR000558,342.38,440.15,2025-10-02
PROD001091,Advanced Footwear 423,Fashion,Footwear,SELR000153,1016.66,1610.76,2024-02-20
PROD001092,Compact Laptops 421,Electronics,Laptops,SELR000991,13960.32,15723.22,2025-01-10
PROD001093,Compact Beverages 268,Grocery,Beverages,SELR000294,61.54,71.49,2023-10-02
PROD001094,Superior Storage 155,Home & Kitchen,Storage,SELR000149,834.45,1060.0,2024-02-25
PROD001095,Ultra Baby Gear 975,Toys & Baby Products,Baby Gear,SELR000449,151.89,211.66,2023-12-29
PROD001096,Everyday Watches & Jewellery 161,,Watches & Jewellery,SELR000299,2112.99,3003.97,2024-12-09
PROD001097,Everyday Grooming Tool 385,Beauty & Personal Care,Grooming Tools,SELR000102,122.86,182.53,2023-05-09
PROD001098,Deluxe Baby Care 333,Toys & Baby Products,Baby Care,SELR000302,212.53,279.5,2025-07-03
PROD001099,Compact Women's Clothing 994,Fashion,Women's Clothing,SELR000167,2835.01,3927.9,2023-05-02
PROD001100,Classic Dairy 512,Grocery,Dairy,SELR000535,132.49,150.94,2025-08-11
PROD001101,Ultra Fragrances 207,Beauty & Personal Care,Fragrances,SELR000732,1047.66,1455.01,2023-08-14
PROD001102,Essential Packaged Food 318,Grocery,Packaged Food,SELR000944,163.7,181.77,2023-01-22
PROD001103,Deluxe Women's Clothing 165,Fashion,Women's Clothing,SELR000611,1018.69,1447.9,2023-01-08
PROD001104,Pro Home Decor 121,Home & Kitchen,Home Decor,SELR000121,857.17,1108.05,2025-05-08
PROD001105,Smart Cameras 516,Electronics,Cameras,SELR000040,6539.45,7643.21,2024-01-20
PROD001106,Essential Educational Toys 115,Toys & Baby Products,Educational Toys,SELR000916,1168.95,1587.18,2022-12-26
PROD001107,Smart Smartphone 334,Electronics,Smartphones,SELR000317,63907.01,77374.17,2023-05-27
PROD001108,Compact Laptops 732,Electronics,Laptops,SELR001086,20235.3,22615.89,2025-05-29
PROD001109,Premium Diaper 602,Toys & Baby Products,Diapers,SELR000134,2158.55,2864.89,2023-11-30
PROD001110,Ultra Kids Wear 105,Fashion,Kids Wear,SELR000445,3059.9,5017.67,2022-12-22
PROD001111,Trendy Skincare 762,Beauty & Personal Care,Skincare,SELR001107,251.89,385.05,2024-01-12
PROD001112,Ultra Footwear 639,Fashion,Footwear,SELR000611,1741.94,2715.14,2024-02-06
PROD001113,Basic Outdoor Gear 479,Sports & Fitness,Outdoor Gear,SELR000604,1383.44,1782.83,2024-02-16
PROD001114,Superior Women's Clothing 292,Fashion,Women's Clothing,SELR000909,2524.65,3301.46,2024-09-14
PROD001115,Elite Furniture 784,Home & Kitchen,Furniture,SELR001004,2743.99,3394.26,2024-09-26
PROD001116,Comfort Skincare 163,Beauty & Personal Care,Skincare,SELR000620,272.36,399.71,2023-02-13
PROD001117,Advanced Women's Clothing 677,Fashion,Women's Clothing,SELR000017,2214.84,3568.48,2023-01-22
PROD001118,Ultra Watches & Jewellery 718,Fashion,Watches & Jewellery,SELR000081,1977.01,3037.0,2023-12-08
PROD001119,Basic Bags 300,Fashion,Bags,SELR001182,3839.9,5714.13,2025-01-05
PROD001120,Superior Cycling 567,Sports & Fitness,Cycling,SELR000717,2908.91,4121.97,2024-03-20
PROD001121,Smart Bags 631,Fashion,Bags,SELR000068,2272.93,3567.3,2023-09-07
PROD001122,Ultra Bag 591,Fashion,Bags,SELR000855,1179.55,1751.33,2024-06-12
PROD001123,Signature Footwear 410,Fashion,Footwear,SELR001089,1630.21,2518.99,2023-02-24
PROD001124,Compact Cookware 664,Home & Kitchen,Cookware,SELR000100,2806.55,3543.71,2024-08-04
PROD001125,Everyday Sportswear 399,Sports & Fitness,Sportswear,SELR000092,553.02,731.8,2024-08-23
PROD001126,Premium Bedding 790,Home & Kitchen,Bedding,SELR000027,691.8,911.38,2023-05-30
PROD001127,Smart Personal Care Essential 270,Grocery,Personal Care Essentials,SELR001161,53.35,57.48,2024-07-30
PROD001128,Elite Fitness Equipment 307,Sports & Fitness,Fitness Equipment,SELR001180,6315.3,8434.48,2023-08-06
PROD001129,Essential Personal Care Essentials 887,Grocery,Personal Care Essentials,SELR000482,635.41,674.42,2023-11-21
PROD001130,Ultra Team Sports 567,Sports & Fitness,Team Sports,SELR000396,644.06,775.72,2025-07-10
PROD001131,Superior Footwear 925,Fashion,,SELR000647,252.46,331.02,2023-12-12
PROD001132,Signature Baby Feeding 899,Toys & Baby Products,Baby Feeding,SELR000207,933.92,1141.91,2023-04-13
PROD001133,Elite Children's Books 459,Books,Children's Books,SELR000836,725.62,880.12,2024-01-31
PROD001134,Pro Haircare 921,Beauty & Personal Care,Haircare,SELR000107,264.34,396.94,2024-01-02
PROD001135,Advanced Men's Clothing 381,Fashion,Men's Clothing,SELR000771,1090.62,1551.71,2023-05-06
PROD001136,Advanced Men's Clothing 395,Fashion,Men's Clothing,SELR000328,1290.84,1981.97,2024-08-27
PROD001137,Deluxe Fragrances 590,Beauty & Personal Care,Fragrances,SELR001051,725.03,1109.17,2024-03-28
PROD001138,Everyday Furniture 784,Home & Kitchen,Furniture,SELR000147,1278.03,1679.7,2025-04-13
PROD001139,Essential Sportswear 582,Sports & Fitness,Sportswear,SELR000500,6732.91,9152.53,2023-06-28
PROD001140,Essential Bedding 290,Home & Kitchen,Bedding,SELR001045,15677.96,21983.61,2025-07-19
PROD001141,Essential Kitchen Appliances 420,Home & Kitchen,Kitchen Appliances,SELR000935,2450.11,3346.81,2023-09-01
PROD001142,Signature Watches & Jewellery 148,Fashion,Watches & Jewellery,SELR000841,808.51,1087.19,2023-12-15
PROD001143,Premium Bag 407,Fashion,Bags,SELR000009,810.91,1134.08,2023-06-30
PROD001144,Elite Accessorie 837,Electronics,Accessories,SELR000699,15779.85,19258.6,2023-01-26
PROD001145,Pro Personal Care Essentials 169,Grocery,Personal Care Essentials,SELR000056,1174.04,1255.67,2023-10-31
PROD001146,Basic Skincare 180,Beauty & Personal Care,Skincare,SELR000013,540.52,740.3,2023-11-11
PROD001147,Superior Toys 715,Toys & Baby Products,Toys,SELR000560,953.49,1172.69,2024-08-01
PROD001148,Everyday Academic 838,Books,Academic,SELR000964,337.38,417.76,2023-12-28
PROD001149,Premium Comic 264,Books,Comics,SELR000494,216.59,267.94,2025-01-27
PROD001150,Smart Furniture 305,Home & Kitchen,Furniture,SELR000627,890.28,1161.76,2023-04-19
PROD001151,Superior Beverages 937,Grocery,Beverages,SELR000709,1043.7,1109.46,2023-02-11
PROD001152,Premium Baby Feeding 356,Toys & Baby Products,Baby Feeding,SELR000287,390.45,559.88,2023-01-12
PROD001153,Basic Cycling 285,Sports & Fitness,Cycling,SELR001165,365.17,474.48,2024-12-21
PROD001154,Classic Headphone 241,Electronics,Headphones,SELR001001,5892.95,7174.52,2024-02-29
PROD001155,Everyday Cycling 284,Sports & Fitness,,SELR000108,2448.25,3321.52,2023-09-18
PROD001156,Trendy Camera 898,Electronics,Cameras,SELR000193,50015.94,58553.72,2025-06-13
PROD001157,Essential Smartphone 891,Electronics,Smartphones,SELR000526,6895.19,8781.13,2025-05-26
PROD001158,Everyday Fitness Equipment 843,Sports & Fitness,Fitness Equipment,SELR000286,337.99,485.71,2024-09-01
PROD001159,Trendy Snack 482,Grocery,Snacks,SELR000759,1225.24,1438.94,2023-05-28
PROD001160,Everyday Men's Clothing 818,Fashion,Men's Clothing,SELR000793,303.44,455.82,2023-05-23
PROD001161,Comfort Laptops 330,Electronics,Laptops,SELR000641,31904.37,36896.33,2023-09-17
PROD001162,Superior Baby Gear 776,Toys & Baby Products,,SELR000134,1189.72,1503.94,2023-01-27
PROD001163,Ultra Laptops 982,Electronics,Laptops,SELR000636,1414.58,1773.05,2023-06-04
PROD001164,Compact Tablets 316,Electronics,Tablets,SELR000460,59847.72,66583.84,2025-07-27
PROD001165,Deluxe Sportswear 726,Sports & Fitness,Sportswear,SELR000519,328.67,442.77,2024-10-02
PROD001166,Ultra Snacks 384,Grocery,Snacks,SELR000395,42.05,47.76,2023-10-24
PROD001167,Deluxe Storage 313,Home & Kitchen,Storage,SELR000488,5707.89,7507.96,2025-01-10
PROD001168,Everyday Personal Hygiene 695,Beauty & Personal Care,Personal Hygiene,SELR000315,1368.88,1757.76,2023-02-05
PROD001169,Compact Watches & Jewellery 407,Fashion,Watches & Jewellery,SELR000882,597.14,945.07,2023-09-04
PROD001170,Classic Men's Clothing 149,Fashion,Men's Clothing,SELR000724,322.73,451.75,2022-12-04
PROD001171,Signature Comics 970,Books,Comics,SELR001052,466.33,543.06,2024-02-24
PROD001172,Ultra Beverage 373,Grocery,Beverages,SELR000211,196.84,228.43,2024-01-16
PROD001173,Deluxe Watches & Jewellery 760,Fashion,Watches & Jewellery,SELR001117,545.06,791.73,2025-09-11
PROD001174,Comfort Footwear 298,Fashion,Footwear,SELR000129,263.54,407.95,2023-10-14
PROD001175,Trendy Kids Wear 644,Fashion,Kids Wear,SELR000484,697.65,1116.95,2023-07-23
PROD001176,Everyday Headphone 800,Electronics,Headphones,SELR000568,1180.94,1465.31,2023-10-12
PROD001177,Classic Footwear 355,Fashion,Footwear,SELR000677,2627.09,4128.79,2023-03-07
PROD001178,Elite Laptops 155,Electronics,Laptops,SELR000566,20212.73,23099.15,2024-02-05
PROD001179,Premium Children's Book 637,Books,Children's Books,SELR000261,280.02,333.07,2024-01-06
PROD001180,Trendy Men's Clothing 956,Fashion,Men's Clothing,SELR000376,501.77,738.66,2023-07-24
PROD001181,Comfort Sportswear 749,Sports & Fitness,Sportswear,SELR000519,3478.16,4590.06,2024-05-01
PROD001182,Advanced Haircare 283,Beauty & Personal Care,Haircare,SELR000472,2763.27,4041.64,2025-07-03
PROD001183,Trendy Dairy 577,Grocery,Dairy,SELR000940,169.53,187.92,2023-11-23
PROD001184,Advanced Baby Feeding 451,Toys & Baby Products,Baby Feeding,SELR000230,1161.06,1518.59,2024-05-01
PROD001185,Everyday Storage 443,Home & Kitchen,Storage,SELR000968,744.32,997.27,2023-10-13
PROD001186,Elite Smartphone 603,Electronics,Smartphones,SELR000811,15411.9,17947.46,2024-02-23
PROD001187,Compact Children's Book 293,Books,Children's Books,SELR000481,200.74,232.68,2023-03-05
PROD001188,Superior Tablets 256,Electronics,Tablets,SELR001179,3944.71,4512.7,2022-12-06
PROD001189,Deluxe Watches & Jewellery 995,Fashion,Watches & Jewellery,SELR000966,2269.01,3456.95,2024-08-03
PROD001190,Compact Cameras 685,Electronics,,SELR001096,2825.4,3612.36,2025-04-08
PROD001191,Elite Baby Gear 618,Toys & Baby Products,Baby Gear,SELR000085,1443.35,1783.43,2024-06-21
PROD001192,Comfort Accessories 354,Electronics,Accessories,SELR001151,30688.65,37920.93,2023-05-12
PROD001193,Compact Home Decor 160,Home & Kitchen,Home Decor,SELR000683,2324.06,2960.15,2023-12-31
PROD001194,Basic Cookware 192,Home & Kitchen,Cookware,SELR000409,8298.16,10361.41,2023-01-17
PROD001195,Premium Sportswear 951,Sports & Fitness,Sportswear,SELR000735,1107.54,1555.35,2024-02-13
PROD001196,Ultra Footwear 684,Fashion,Footwear,SELR000659,2534.93,3854.27,2024-04-02
PROD001197,Trendy Personal Care Essential 935,Grocery,Personal Care Essentials,SELR000987,30.92,34.01,2025-04-22
PROD001198,Deluxe Self-Help 790,Books,Self-Help,SELR000426,831.98,1039.85,2025-05-26
PROD001199,Premium Kitchen Appliances 311,Home & Kitchen,Kitchen Appliances,SELR001108,8288.62,10232.18,2024-10-16
PROD001200,Pro Kids Wear 908,Fashion,Kids Wear,SELR000841,3791.94,5233.52,2023-10-13
PROD001201,Advanced Personal Care Essentials 469,Grocery,Personal Care Essentials,SELR000178,110.07,127.78,2024-11-09
PROD001202,Advanced Self-Help 897,Books,Self-Help,SELR001179,272.77,337.07,2024-09-10
PROD001203,Essential Kitchen Appliance 882,Home & Kitchen,Kitchen Appliances,SELR000622,2879.43,4086.49,2023-07-06
PROD001204,Elite Kids Wear 242,Fashion,Kids Wear,SELR000561,392.57,523.78,2024-01-09
PROD001205,Advanced Headphones 925,Electronics,Headphones,SELR000040,12905.47,16158.11,2022-12-10
PROD001206,Elite Accessorie 531,Electronics,Accessories,SELR000005,46350.14,54321.74,2023-08-22
PROD001207,Smart Smart Watches 122,Electronics,Smart Watches,SELR000636,20255.19,23705.49,2023-03-12
PROD001208,Smart Smart Watches 525,Electronics,Smart Watches,SELR000030,3251.51,3590.84,2025-02-20
PROD001209,Smart Footwear 297,Fashion,Footwear,SELR000330,515.11,700.32,2024-03-02
PROD001210,Elite Dairy 313,Grocery,Dairy,SELR000423,85.8,93.92,2025-04-24
PROD001211,Smart Self-Help 603,Books,Self-Help,SELR000796,843.92,976.09,2022-11-29
PROD001212,Essential Dairy 887,Grocery,Dairy,SELR000432,739.75,860.42,2023-09-22
PROD001213,Signature Grooming Tools 359,Beauty & Personal Care,Grooming Tools,SELR000575,533.96,783.52,2023-05-27
PROD001214,Advanced Makeup 595,Beauty & Personal Care,Makeup,SELR000183,334.64,420.08,2023-11-08
PROD001215,Compact Tablets 135,Electronics,Tablets,SELR000123,18130.05,21922.03,2023-12-19
PROD001216,Deluxe Team Sport 600,Sports & Fitness,Team Sports,SELR000092,1322.53,1884.17,2024-10-30
PROD001217,Superior Bag 673,Fashion,Bags,SELR000464,2045.72,2964.16,2024-10-14
PROD001218,Signature Storage 747,Home & Kitchen,Storage,SELR001008,373.28,530.62,2025-02-25
PROD001219,Smart Diapers 820,Toys & Baby Products,Diapers,SELR001057,4737.87,6437.01,2024-02-13
PROD001220,Deluxe Dairy 705,Grocery,Dairy,SELR000192,605.72,678.84,2023-11-20
PROD001221,Premium Bags 604,Fashion,Bags,SELR000783,495.44,802.23,2023-05-19
PROD001222,Basic Non-Fiction 481,Books,Non-Fiction,SELR000811,551.44,672.06,2023-10-28
PROD001223,Comfort Headphones 178,Electronics,Headphones,SELR000009,16060.19,19145.91,2025-10-08
PROD001224,Compact Smart Watches 122,Electronics,Smart Watches,SELR000006,1034.18,1260.53,2023-05-19
PROD001225,Ultra Smart Watches 555,Electronics,Smart Watches,SELR000811,818.57,932.89,2023-12-11
PROD001226,Ultra Women's Clothing 408,Fashion,Women's Clothing,SELR000188,392.41,556.84,2025-08-26
PROD001227,Deluxe Outdoor Gear 498,Sports & Fitness,Outdoor Gear,SELR001080,8244.28,10057.4,2023-03-28
PROD001228,Signature Furniture 628,Home & Kitchen,Furniture,SELR000478,1296.12,1807.69,2023-08-14
PROD001229,Pro Smart Watches 929,Electronics,Smart Watches,SELR001066,35599.39,43876.36,2025-03-28
PROD001230,Premium Baby Care 328,Toys & Baby Products,Baby Care,SELR000287,4425.8,6080.95,2024-02-13
PROD001231,Ultra Haircare 861,Beauty & Personal Care,Haircare,SELR000988,1319.37,1816.28,2023-08-07
PROD001232,Ultra Kitchen Appliance 149,Home & Kitchen,Kitchen Appliances,SELR000132,1033.28,1370.37,2023-07-15
PROD001233,Deluxe Kitchen Appliances 197,Home & Kitchen,Kitchen Appliances,SELR000487,6959.75,9531.8,2023-04-29
PROD001234,Everyday Bedding 672,Home & Kitchen,Bedding,SELR000072,7074.15,9651.58,2023-03-09
PROD001235,Everyday Bedding 577,Home & Kitchen,Bedding,SELR000963,6035.13,7578.93,2023-04-27
PROD001236,Basic Makeup 829,Beauty & Personal Care,Makeup,SELR000876,340.12,482.42,2023-06-25
PROD001237,Signature Baby Care 610,Toys & Baby Products,Baby Care,SELR000934,158.96,227.01,2023-06-10
PROD001238,Premium Watches & Jewellery 309,Fashion,Watches & Jewellery,SELR000125,499.53,664.87,2023-06-05
PROD001239,Ultra Storage 582,Home & Kitchen,Storage,SELR001043,4552.59,5757.02,2023-07-18
PROD001240,Smart Smart Watches 761,Electronics,Smart Watches,SELR000726,9468.61,10839.81,2023-06-30
PROD001241,Pro Personal Care Essentials 497,Grocery,Personal Care Essentials,SELR000709,57.42,65.93,2023-04-18
PROD001242,Ultra Kids Wear 592,Fashion,Kids Wear,SELR000587,768.16,1153.05,2024-04-16
PROD001243,Ultra Bags 379,Fashion,Bags,SELR000812,466.91,697.26,2023-03-20
PROD001244,Compact Toy 286,Toys & Baby Products,Toys,SELR000068,657.01,796.83,2024-02-06
PROD001245,Deluxe Skincare 766,Beauty & Personal Care,Skincare,SELR000680,1244.67,1762.09,2023-09-29
PROD001246,Compact Laptops 857,Electronics,Laptops,SELR000791,47222.1,58811.87,2023-04-05
PROD001247,Compact Kids Wear 521,Fashion,Kids Wear,SELR000668,1302.72,1713.17,2023-10-11
PROD001248,Advanced Women's Clothing 976,Fashion,Women's Clothing,SELR001050,2196.86,3278.08,2024-02-15
PROD001249,Elite Diapers 433,Toys & Baby Products,Diapers,SELR000904,2803.77,3769.5,2023-11-13
PROD001250,Signature Kitchen Appliances 631,Home & Kitchen,Kitchen Appliances,SELR000422,302.5,425.75,2023-11-20
PROD001251,Compact Men's Clothing 599,Fashion,Men's Clothing,SELR000095,2519.11,3362.48,2023-03-07
PROD001252,Comfort Personal Hygiene 968,Beauty & Personal Care,Personal Hygiene,SELR001200,1084.24,1526.43,2023-02-19
PROD001253,Premium Kitchen Appliance 313,Home & Kitchen,Kitchen Appliances,SELR000511,3358.02,4783.67,2023-08-12
PROD001254,Ultra Smartphones 480,Electronics,Smartphones,SELR000687,2397.3,2642.71,2023-04-05
PROD001255,Smart Snacks 741,Grocery,Snacks,SELR000339,67.84,79.36,2023-01-21
PROD001256,Advanced Laptops 719,Electronics,Laptops,SELR001099,2027.08,2475.9,2024-01-19
PROD001257,Basic Baby Care 321,Toys & Baby Products,Baby Care,SELR000806,2391.59,3356.12,2025-04-18
PROD001258,Deluxe Academic 287,Books,Academic,SELR000511,101.61,113.98,2023-11-30
PROD001259,Everyday Tablets 375,Electronics,Tablets,SELR000919,61933.35,74006.45,2023-10-29
PROD001260,Essential Yoga Accessorie 267,Sports & Fitness,Yoga Accessories,SELR000177,259.6,313.26,2023-01-31
PROD001261,Compact Fiction 470,Books,Fiction,SELR000261,748.42,960.14,2023-02-21
PROD001262,Compact Skincare 385,Beauty & Personal Care,Skincare,SELR000988,649.22,883.92,2023-08-22
PROD001263,Advanced Grooming Tools 681,Beauty & Personal Care,Grooming Tools,SELR000819,1150.89,1446.34,2024-11-29
PROD001264,Essential Tablets 224,Electronics,Tablets,SELR000313,41673.53,47761.88,2023-04-03
PROD001265,Smart Camera 179,Electronics,Cameras,SELR000156,1852.22,2141.06,2023-02-05
PROD001266,Trendy Team Sports 377,Sports & Fitness,Team Sports,SELR000477,259.63,336.84,2025-03-20
PROD001267,Superior Accessories 598,Electronics,Accessories,SELR000766,18540.96,22057.75,2023-03-15
PROD001268,Advanced Bag 836,Fashion,Bags,SELR000712,1723.6,2369.64,2023-02-14
PROD001269,Classic Furniture 768,Home & Kitchen,Furniture,SELR000111,1529.79,2049.12,2025-09-27
PROD001270,Everyday Kids Wear 699,Fashion,Kids Wear,SELR000316,1308.15,1785.93,2023-05-07
PROD001271,Pro Academic 171,Books,Academic,SELR001127,742.65,843.82,2023-05-31
PROD001272,Signature Packaged Food 409,Grocery,Packaged Food,SELR000451,44.07,48.03,2025-07-07
PROD001273,Ultra Snack 124,Grocery,Snacks,SELR000209,387.89,414.76,2023-08-14
PROD001274,Essential Tablet 355,Electronics,Tablets,SELR001185,827.65,980.75,2024-04-20
PROD001275,Advanced Bedding 909,Home & Kitchen,Bedding,SELR000777,1240.31,1557.89,2022-12-14
PROD001276,Classic Staples 903,Grocery,Staples,SELR000467,390.41,443.88,2023-03-17
PROD001277,Basic Furniture 760,Home & Kitchen,Furniture,SELR000225,494.16,628.99,2023-07-17
PROD001278,Superior Team Sports 998,Sports & Fitness,Team Sports,SELR000433,891.29,1290.15,2025-04-11
PROD001279,Smart Skincare 569,Beauty & Personal Care,Skincare,SELR000679,1424.38,1924.55,2022-12-10
PROD001280,Superior Watches & Jewellery 685,Fashion,Watches & Jewellery,SELR000515,4072.19,5942.24,2023-12-04
PROD001281,Compact Kids Wear 927,Fashion,Kids Wear,SELR000671,750.52,1223.72,2023-01-09
PROD001282,Signature Cycling 816,Sports & Fitness,Cycling,SELR001066,4074.38,5447.29,2023-09-17
PROD001283,Basic Accessories 157,Electronics,Accessories,SELR001185,11228.31,14317.28,2023-03-07
PROD001284,Pro Staple 326,Grocery,Staples,SELR000854,54.56,60.11,2025-05-16
PROD001285,Ultra Grooming Tools 591,Beauty & Personal Care,Grooming Tools,SELR001140,465.3,719.09,2023-10-11
PROD001286,Essential Cameras 243,Electronics,Cameras,SELR000156,1158.47,1297.6,2023-11-25
PROD001287,Everyday Outdoor Gear 743,Sports & Fitness,Outdoor Gear,SELR000731,1189.01,1477.12,2023-12-05
PROD001288,Elite Furniture 236,Home & Kitchen,Furniture,SELR000608,4952.82,6453.31,2022-12-17
PROD001289,Premium Footwear 863,Fashion,Footwear,SELR000879,2885.1,4506.57,2023-12-21
PROD001290,Smart Baby Feeding 509,Toys & Baby Products,Baby Feeding,SELR000750,781.76,1103.25,2023-01-04
PROD001291,Compact Team Sport 626,Sports & Fitness,Team Sports,SELR000359,302.2,406.55,2025-05-17
PROD001292,Essential Skincare 958,Beauty & Personal Care,Skincare,SELR000897,841.63,1114.15,2023-09-26
PROD001293,Pro Staple 915,Grocery,Staples,SELR000570,36.43,40.95,2024-01-14
PROD001294,Ultra Fragrances 696,Beauty & Personal Care,Fragrances,SELR000163,627.0,906.7,2023-10-25
PROD001295,Classic Furniture 209,Home & Kitchen,Furniture,SELR000600,717.37,904.83,2023-10-20
PROD001296,Ultra Women's Clothing 619,Fashion,Women's Clothing,SELR000593,4221.73,5656.24,2025-03-13
PROD001297,Signature Women's Clothing 864,Fashion,Women's Clothing,SELR000391,4492.31,6972.04,2022-12-04
PROD001298,Trendy Kitchen Appliances 555,Home & Kitchen,Kitchen Appliances,SELR001158,3945.95,5122.43,2022-11-28
PROD001299,Superior Home Decor 142,Home & Kitchen,Home Decor,SELR000973,10476.26,14973.87,2024-10-24
PROD001300,Smart Fiction 926,Books,Fiction,SELR000533,599.56,748.11,2023-03-16
PROD001301,Premium Cookware 978,Home & Kitchen,Cookware,SELR000425,2259.56,2797.12,2023-07-14
PROD001302,Signature Fragrances 240,Beauty & Personal Care,Fragrances,SELR000032,2990.64,3752.25,2023-12-14
PROD001303,Deluxe Personal Care Essentials 658,Grocery,Personal Care Essentials,SELR000155,208.35,230.03,2023-05-26
PROD001304,Compact Toys 243,Toys & Baby Products,Toys,SELR000310,2280.59,3156.21,2024-01-11
PROD001305,Elite Kids Wear 817,Fashion,Kids Wear,SELR000984,1535.73,2036.62,2023-09-17
PROD001306,Premium Diapers 468,Toys & Baby Products,Diapers,SELR000560,344.18,421.12,2025-06-13
PROD001307,Elite Beverages 603,Grocery,Beverages,SELR000395,1381.57,1485.65,2023-11-26
PROD001308,Classic Cameras 227,Electronics,Cameras,SELR000175,56267.45,63035.76,2023-07-07
PROD001309,Trendy Footwear 607,Fashion,Footwear,SELR000887,3021.86,4536.17,2022-12-16
PROD001310,Superior Footwear 912,Fashion,Footwear,SELR000204,2766.83,4210.87,2023-12-24
PROD001311,Ultra Yoga Accessories 206,Sports & Fitness,Yoga Accessories,SELR000821,4657.35,6439.73,2023-01-27
PROD001312,Pro Grooming Tools 855,Beauty & Personal Care,Grooming Tools,SELR001054,277.27,424.37,2023-06-26
PROD001313,Essential Kitchen Appliances 108,Home & Kitchen,Kitchen Appliances,SELR000028,4184.29,5299.31,2023-02-06
PROD001314,Comfort Children's Book 203,Books,Children's Books,SELR000796,212.44,258.32,2023-11-24
PROD001315,Trendy Women's Clothing 734,Fashion,Women's Clothing,SELR000611,3197.96,5049.14,2023-09-16
PROD001316,Deluxe Cookware 959,Home & Kitchen,Cookware,SELR001108,1033.26,1424.19,2024-02-06
PROD001317,Deluxe Personal Care Essential 670,Grocery,Personal Care Essentials,SELR000450,30.2,33.21,2023-12-30
PROD001318,Deluxe Baby Gear 319,Toys & Baby Products,Baby Gear,SELR000916,2849.0,3526.5,2023-03-27
PROD001319,Everyday Academic 440,Books,Academic,SELR001058,239.09,267.82,2023-03-23
PROD001320,Ultra Women's Clothing 212,Fashion,Women's Clothing,SELR000428,267.29,361.13,2024-04-12
PROD001321,Elite Accessorie 862,Electronics,Accessories,SELR000168,1252.08,1487.65,2024-04-06
PROD001322,Trendy Kids Wear 216,Fashion,Kids Wear,SELR000025,3370.47,4481.46,2025-02-17
PROD001323,Classic Bedding 752,Home & Kitchen,Bedding,SELR000488,10563.86,14511.33,2025-10-04
PROD001324,Elite Bags 214,Fashion,Bags,SELR000924,407.33,570.84,2024-07-15
PROD001325,Signature Toy 563,Toys & Baby Products,Toys,SELR000236,296.35,414.1,2023-04-05
PROD001326,Superior Cycling 599,Sports & Fitness,Cycling,SELR000545,3893.75,4968.82,2022-12-04
PROD001327,Basic Home Decor 531,Home & Kitchen,Home Decor,SELR001065,374.75,471.73,2023-12-14
PROD001328,Everyday Footwear 700,Fashion,Footwear,SELR000389,1543.85,2055.84,2023-07-16
PROD001329,Essential Cookware 297,Home & Kitchen,Cookware,SELR000826,2697.98,3671.87,2024-08-15
PROD001330,Smart Kitchen Appliances 420,Home & Kitchen,Kitchen Appliances,SELR000849,5012.46,6259.72,2023-09-06
PROD001331,Deluxe Fitness Equipment 132,Sports & Fitness,Fitness Equipment,SELR001080,1313.58,1728.47,2023-07-13
PROD001332,Deluxe Camera 204,Electronics,Cameras,SELR000637,31501.57,37309.49,2023-03-19
PROD001333,Basic Snack 195,Grocery,Snacks,SELR001161,147.32,158.34,2023-08-25
PROD001334,Trendy Laptops 987,Electronics,Laptops,SELR001042,16958.77,20546.6,2023-10-27
PROD001335,Essential Watches & Jewellery 579,Fashion,Watches & Jewellery,SELR000086,1985.67,3037.48,2022-12-09
PROD001336,Smart Educational Toy 329,Toys & Baby Products,Educational Toys,SELR000026,3228.81,4582.77,2023-03-14
PROD001337,Basic Kids Wear 774,Fashion,Kids Wear,SELR000725,608.37,829.72,2023-05-12
PROD001338,Premium Smart Watches 750,Electronics,Smart Watches,SELR000053,47043.36,57785.58,2023-01-21
PROD001339,Elite Fragrance 118,Beauty & Personal Care,Fragrances,SELR000249,2732.43,3822.91,2023-01-04
PROD001340,Ultra Bedding 740,Home & Kitchen,Bedding,SELR000069,15421.81,19249.9,2023-03-21
PROD001341,Basic Accessorie 396,Electronics,Accessories,SELR000926,10729.56,12761.87,2025-08-14
PROD001342,Deluxe Headphone 370,Electronics,Headphones,SELR000740,809.36,918.4,2023-07-30
PROD001343,Essential Laptops 853,Electronics,Laptops,SELR000340,1571.07,1745.37,2023-12-06
PROD001344,Classic Grooming Tools 672,Beauty & Personal Care,Grooming Tools,SELR000763,2538.85,3908.84,2025-03-08
PROD001345,Superior Women's Clothing 791,Fashion,Women's Clothing,SELR000101,3291.01,5417.36,2025-10-14
PROD001346,Smart Self-Help 667,Books,Self-Help,SELR001156,786.5,1012.85,2023-07-28
PROD001347,Basic Staples 811,Grocery,Staples,SELR000339,65.0,70.9,2022-12-03
PROD001348,Classic Kids Wear 961,Fashion,Kids Wear,SELR000264,3020.42,4433.42,2024-11-29
PROD001349,Ultra Kids Wear 360,Fashion,Kids Wear,SELR000255,1985.8,2972.09,2023-03-14
PROD001350,Pro Kids Wear 643,Fashion,Kids Wear,SELR000660,604.78,846.51,2024-06-16
PROD001351,Elite Kids Wear 826,Fashion,Kids Wear,SELR000849,2173.25,3229.95,2023-08-31
PROD001352,Trendy Kids Wear 903,Fashion,Kids Wear,SELR000484,706.43,1070.92,2025-10-13
PROD001353,Ultra Comics 951,Books,Comics,SELR000261,282.26,340.27,2025-07-20
PROD001354,Advanced Kids Wear 728,Fashion,Kids Wear,SELR000775,1773.79,2590.24,2023-06-15
PROD001355,Essential Kitchen Appliances 360,Home & Kitchen,Kitchen Appliances,SELR001175,14664.23,19526.81,2024-04-05
PROD001356,Basic Outdoor Gear 265,Sports & Fitness,Outdoor Gear,SELR001100,10263.52,14491.29,2023-11-30
PROD001357,Smart Personal Care Essentials 478,Grocery,Personal Care Essentials,SELR000697,978.99,1127.4,2023-08-17
PROD001358,Essential Watches & Jewellery 829,Fashion,Watches & Jewellery,SELR000555,1434.78,2132.7,2023-09-03
PROD001359,Basic Kids Wear 546,Fashion,Kids Wear,SELR000878,1231.45,1687.72,2023-12-03
PROD001360,Superior Diapers 232,Toys & Baby Products,Diapers,SELR000240,318.12,384.46,2023-11-23
PROD001361,Basic Bag 224,Fashion,Bags,SELR000205,2156.86,2898.17,2023-02-14
PROD001362,Deluxe Cycling 914,Sports & Fitness,Cycling,SELR000500,2168.6,2677.09,2023-05-01
PROD001363,Basic Cycling 541,Sports & Fitness,Cycling,SELR000519,262.64,350.2,2023-07-12
PROD001364,Deluxe Furniture 180,Home & Kitchen,Furniture,SELR000872,10705.77,13937.66,2024-06-07
PROD001365,Classic Watches & Jewellery 744,Fashion,Watches & Jewellery,SELR000037,3563.04,4644.81,2025-02-01
PROD001366,Essential Watches & Jewellery 166,Fashion,Watches & Jewellery,SELR000984,960.66,1298.2,2023-12-06
PROD001367,Advanced Cookware 456,Home & Kitchen,Cookware,SELR000683,1093.02,1339.45,2024-12-28
PROD001368,Superior Home Decor 307,Home & Kitchen,Home Decor,SELR001157,346.72,479.84,2024-01-22
PROD001369,Essential Academic 248,Books,Academic,SELR000294,506.83,586.65,2023-07-23
PROD001370,Everyday Outdoor Gear 579,Sports & Fitness,Outdoor Gear,SELR000334,8005.88,10984.02,2025-02-17
PROD001371,Everyday Baby Care 747,Toys & Baby Products,Baby Care,SELR000198,487.58,634.78,2023-06-04
PROD001372,Comfort Baby Gear 537,Toys & Baby Products,Baby Gear,SELR000247,418.43,589.0,2022-11-30
PROD001373,Everyday Fitness Equipment 837,Sports & Fitness,Fitness Equipment,SELR001097,1511.35,1864.75,2025-01-19
PROD001374,Superior Tablets 924,Electronics,Tablets,SELR000811,1942.35,2240.28,2023-09-06
PROD001375,Signature Home Decor 959,Home & Kitchen,Home Decor,SELR000267,1563.11,2120.05,2023-02-10
PROD001376,Deluxe Grooming Tools 935,Beauty & Personal Care,Grooming Tools,SELR000074,2673.17,3551.51,2023-07-11
PROD001377,Deluxe Makeup 363,Beauty & Personal Care,Makeup,SELR000819,345.36,434.18,2023-10-22
PROD001378,Basic Watches & Jewellery 256,Fashion,Watches & Jewellery,SELR000645,733.83,1127.36,2023-11-20
PROD001379,Superior Makeup 753,Beauty & Personal Care,Makeup,SELR000239,2663.69,3921.1,2025-06-05
PROD001380,Premium Bags 860,Fashion,Bags,SELR000972,351.61,566.62,2023-01-10
PROD001381,Comfort Watches & Jewellery 678,Fashion,Watches & Jewellery,SELR000561,2823.0,3856.66,2023-05-17
PROD001382,Ultra Personal Care Essentials 846,Grocery,Personal Care Essentials,SELR000292,1160.22,1329.26,2023-08-27
PROD001383,Pro Bedding 698,Home & Kitchen,Bedding,SELR000858,7397.57,9806.23,2023-01-14
PROD001384,Everyday Haircare 141,Beauty & Personal Care,Haircare,SELR000623,228.94,341.06,2023-02-26
PROD001385,Pro Makeup 513,Beauty & Personal Care,Makeup,SELR000944,557.98,859.41,2025-05-02
PROD001386,Superior Haircare 130,Beauty & Personal Care,Haircare,SELR001040,196.58,266.68,2024-09-25
PROD001387,Classic Bags 183,Fashion,Bags,SELR000651,2095.33,3143.62,2023-08-20
PROD001388,Comfort Skincare 142,Beauty & Personal Care,Skincare,SELR000601,484.03,706.92,2023-02-07
PROD001389,Elite Women's Clothing 920,Fashion,Women's Clothing,SELR000015,2082.07,3127.38,2024-11-19
PROD001390,Classic Sportswear 504,Sports & Fitness,Sportswear,SELR000161,738.66,1000.65,2024-01-20
PROD001391,Comfort Watches & Jewellery 729,Fashion,Watches & Jewellery,SELR000969,1208.84,1908.97,2024-02-11
PROD001392,Pro Baby Care 232,Toys & Baby Products,Baby Care,SELR000175,1483.3,1964.17,2023-02-19
PROD001393,Advanced Comics 861,Books,Comics,SELR000953,103.73,119.29,2023-03-09
PROD001394,Smart Home Decor 602,Home & Kitchen,Home Decor,SELR001171,1190.25,1616.73,2024-03-08
PROD001395,Advanced Watches & Jewellery 682,Fashion,Watches & Jewellery,SELR000849,2469.26,4039.66,2024-01-08
PROD001396,Essential Furniture 585,Home & Kitchen,Furniture,SELR000371,3496.76,4852.23,2022-11-29
PROD001397,Ultra Outdoor Gear 606,Sports & Fitness,Outdoor Gear,SELR000810,2547.1,3330.51,2023-03-10
PROD001398,Superior Outdoor Gear 769,Sports & Fitness,Outdoor Gear,SELR000161,2427.32,3155.93,2025-02-09
PROD001399,Signature Cycling 825,Sports & Fitness,Cycling,SELR000906,1281.35,1829.46,2023-11-25
PROD001400,Smart Educational Toys 375,Toys & Baby Products,Educational Toys,SELR000278,1083.38,1327.25,2024-06-01
PROD001401,Trendy Cookware 418,Home & Kitchen,Cookware,SELR000872,2561.27,3686.31,2024-07-24
PROD001402,Advanced Fitness Equipment 344,Sports & Fitness,Fitness Equipment,SELR000551,301.25,434.64,2025-08-26
PROD001403,Premium Furniture 379,Home & Kitchen,Furniture,SELR000148,17111.78,23083.18,2023-01-26
PROD001404,Classic Fragrances 422,Beauty & Personal Care,Fragrances,SELR000437,349.87,438.25,2024-06-04
PROD001405,Signature Kitchen Appliances 858,Home & Kitchen,Kitchen Appliances,SELR000038,319.66,418.52,2023-06-08
PROD001406,Smart Fiction 969,Books,Fiction,SELR001170,698.44,900.73,2024-08-20
PROD001407,Smart Accessories 175,Electronics,Accessories,SELR001121,1580.12,1876.86,2023-03-26
PROD001408,Basic Women's Clothing 186,Fashion,Women's Clothing,SELR000824,1065.96,1527.64,2023-10-27
PROD001409,Advanced Kids Wear 512,Fashion,Kids Wear,SELR000660,1190.51,1933.1,2022-12-03
PROD001410,Comfort Educational Toys 444,Toys & Baby Products,Educational Toys,SELR001196,698.1,861.77,2025-04-14
PROD001411,Premium Cookware 770,Home & Kitchen,Cookware,SELR000027,4575.0,5614.52,2023-02-08
PROD001412,Premium Storage 314,Home & Kitchen,Storage,SELR000478,14086.02,20229.98,2023-11-10
PROD001413,Advanced Kitchen Appliances 274,Home & Kitchen,Kitchen Appliances,SELR000038,437.49,589.16,2024-10-21
PROD001414,Signature Cookware 317,Home & Kitchen,Cookware,SELR000633,7852.39,10418.97,2022-12-26
PROD001415,Essential Packaged Food 708,Grocery,Packaged Food,SELR001036,195.23,229.67,2023-11-13
PROD001416,Superior Baby Gear 565,Toys & Baby Products,Baby Gear,SELR001111,336.61,448.22,2023-07-13
PROD001417,Smart Staples 843,Grocery,Staples,SELR001133,47.04,51.57,2024-07-07
PROD001418,Advanced Personal Care Essentials 439,Grocery,Personal Care Essentials,SELR000211,837.11,959.31,2023-01-17
PROD001419,Trendy Footwear 798,Fashion,Footwear,SELR000599,1466.13,1964.41,2023-01-19
PROD001420,Advanced Kids Wear 234,Fashion,Kids Wear,SELR000284,2922.8,4104.59,2024-05-07
PROD001421,Everyday Grooming Tools 851,Beauty & Personal Care,Grooming Tools,SELR001170,671.51,886.43,2025-10-03
PROD001422,Compact Fitness Equipment 737,Sports & Fitness,Fitness Equipment,SELR001165,1686.47,2260.77,2023-12-18
PROD001423,Deluxe Watches & Jewellery 731,Fashion,Watches & Jewellery,SELR000376,668.84,987.92,2023-08-03
PROD001424,Smart Children's Books 896,Books,Children's Books,SELR000547,272.65,339.6,2022-12-15
PROD001425,Signature Women's Clothing 841,Fashion,Women's Clothing,SELR000170,1204.13,1935.42,2024-01-04
PROD001426,Advanced Footwear 388,Fashion,Footwear,SELR000312,288.57,377.83,2023-03-22
PROD001427,Smart Women's Clothing 974,Fashion,Women's Clothing,SELR000035,431.14,578.38,2025-08-25
PROD001428,Everyday Personal Care Essentials 694,Grocery,Personal Care Essentials,SELR000747,234.75,254.47,2023-12-12
PROD001429,Compact Academic 872,Books,Academic,SELR000307,103.04,120.65,2023-09-30
PROD001430,Pro Fragrances 211,Beauty & Personal Care,Fragrances,SELR000199,618.04,904.98,2023-06-01
PROD001431,Classic Packaged Food 851,Grocery,Packaged Food,SELR000003,166.7,195.96,2025-09-14
PROD001432,Compact Snacks 928,Grocery,Snacks,SELR000458,65.46,73.43,2023-03-15
PROD001433,Ultra Furniture 533,Home & Kitchen,Furniture,SELR000008,845.9,1188.94,2023-08-15
PROD001434,Advanced Non-Fiction 325,Books,Non-Fiction,SELR000591,158.15,204.51,2024-02-06
PROD001435,Signature Bags 571,Fashion,Bags,SELR000747,1983.7,2965.44,2024-06-06
PROD001436,Compact Storage 896,Home & Kitchen,Storage,SELR000649,2652.87,3457.67,2023-02-06
PROD001437,Compact Smart Watches 609,Electronics,Smart Watches,SELR001076,877.5,1109.79,2023-05-10
PROD001438,Essential Storage 548,Home & Kitchen,Storage,SELR000260,7773.92,9725.31,2024-12-12
PROD001439,Trendy Skincare 939,Beauty & Personal Care,Skincare,SELR000905,177.76,238.63,2024-02-07
PROD001440,Essential Smartphone 651,Electronics,Smartphones,SELR000028,22937.78,27309.03,2023-02-16
PROD001441,Advanced Cookware 549,Home & Kitchen,Cookware,SELR000306,4369.23,5336.69,2023-08-21
PROD001442,Premium Yoga Accessories 518,Sports & Fitness,Yoga Accessories,SELR000906,8780.44,10900.23,2024-02-13
PROD001443,Classic Fragrance 761,Beauty & Personal Care,Fragrances,SELR000496,334.95,513.87,2024-02-29
PROD001444,Premium Cameras 542,Electronics,Cameras,SELR000944,20081.09,23936.49,2023-11-23
PROD001445,Smart Tablets 519,Electronics,Tablets,SELR000590,35571.91,39521.36,2023-11-20
PROD001446,Pro Kids Wear 714,Fashion,Kids Wear,SELR001116,311.68,422.11,2025-08-25
PROD001447,Basic Staple 228,Grocery,Staples,SELR000178,84.45,96.71,2023-04-18
PROD001448,Compact Staples 794,Grocery,Staples,SELR000759,240.81,267.58,2024-02-22
PROD001449,Ultra Women's Clothing 140,Fashion,Women's Clothing,SELR001176,2400.5,3387.12,2023-09-09
PROD001450,Signature Outdoor Gear 165,Sports & Fitness,Outdoor Gear,SELR000728,283.78,368.69,2023-01-18
PROD001451,Deluxe Fragrance 939,Beauty & Personal Care,Fragrances,SELR000664,1414.42,1969.19,2024-09-29
PROD001452,Superior Baby Gear 980,Toys & Baby Products,Baby Gear,SELR000982,4614.97,6525.72,2023-12-27
PROD001453,Trendy Laptop 844,Electronics,Laptops,SELR000109,25922.22,32122.1,2023-01-25
PROD001454,Ultra Grooming Tools 192,Beauty & Personal Care,Grooming Tools,SELR000575,779.04,1184.4,2023-10-14
PROD001455,Trendy Skincare 329,Beauty & Personal Care,Skincare,SELR000252,801.29,1091.16,2023-04-23
PROD001456,Smart Bag 584,Fashion,Bags,SELR000428,440.4,697.85,2023-02-14
PROD001457,Compact Tablets 640,Electronics,Tablets,SELR000865,4091.63,5083.29,2023-01-18
PROD001458,Premium Camera 690,Electronics,Cameras,SELR000009,60318.67,70679.44,2024-06-18
PROD001459,Comfort Kitchen Appliances 635,Home & Kitchen,Kitchen Appliances,SELR000814,1210.63,1524.33,2023-12-01
PROD001460,Deluxe Yoga Accessories 280,Sports & Fitness,Yoga Accessories,SELR000993,1400.48,1909.56,2022-12-02
PROD001461,Basic Fitness Equipment 663,Sports & Fitness,Fitness Equipment,SELR000718,719.8,951.16,2023-10-16
PROD001462,Pro Bags 108,Fashion,Bags,SELR000411,1180.63,1648.55,2025-08-12
PROD001463,Deluxe Staple 500,Grocery,Staples,SELR001036,32.89,35.71,2023-11-27
PROD001464,Smart Storage 177,Home & Kitchen,Storage,SELR000028,8039.75,10322.68,2023-08-21
PROD001465,Essential Baby Feeding 436,Toys & Baby Products,Baby Feeding,SELR000302,157.45,205.67,2025-06-21
PROD001466,Basic Laptop 376,Electronics,Laptops,SELR000176,16087.54,19875.08,2024-12-22
PROD001467,Pro Packaged Food 813,Grocery,Packaged Food,SELR000339,151.47,170.95,2024-02-24
PROD001468,Basic Baby Gear 680,Toys & Baby Products,Baby Gear,SELR000435,2048.38,2913.43,2023-12-11
PROD001469,Ultra Packaged Food 219,Grocery,Packaged Food,SELR001013,366.68,419.08,2023-05-07
PROD001470,Smart Staples 736,Grocery,Staples,SELR000689,44.13,49.01,2024-01-29
PROD001471,Deluxe Home Decor 562,Home & Kitchen,Home Decor,SELR000963,11424.17,14359.79,2022-11-30
PROD001472,Compact Yoga Accessorie 995,Sports & Fitness,Yoga Accessories,SELR000396,711.52,974.41,2023-07-30
PROD001473,Basic Personal Hygiene 152,Beauty & Personal Care,Personal Hygiene,SELR000362,2188.9,2774.9,2023-11-18
PROD001474,Smart Cookware 125,Home & Kitchen,Cookware,SELR001132,10592.24,13459.28,2023-10-03
PROD001475,Smart Baby Care 388,Toys & Baby Products,Baby Care,SELR000271,3069.52,4365.8,2024-12-07
PROD001476,Everyday Kids Wear 547,Fashion,Kids Wear,SELR000716,2351.7,3817.6,2024-08-22
PROD001477,Deluxe Storage 170,Home & Kitchen,Storage,SELR000122,15353.44,21998.3,2023-11-04
PROD001478,Smart Diapers 608,Toys & Baby Products,Diapers,SELR001110,906.83,1193.31,2024-02-29
PROD001479,Signature Kids Wear 816,Fashion,Kids Wear,SELR000771,338.85,466.13,2025-08-26
PROD001480,Basic Bags 704,Fashion,Bags,SELR000464,1647.54,2215.23,2023-12-26
PROD001481,Smart Kids Wear 756,Fashion,Kids Wear,SELR000284,3809.64,5255.27,2024-01-19
PROD001482,Superior Self-Help 544,Books,Self-Help,SELR000684,123.29,143.3,2024-02-06
PROD001483,Everyday Personal Care Essentials 461,Grocery,Personal Care Essentials,SELR000466,36.33,39.23,2023-11-25
PROD001484,Trendy Accessories 189,Electronics,Accessories,SELR000791,10603.83,12216.14,2023-11-19
PROD001485,Deluxe Fragrance 524,Beauty & Personal Care,Fragrances,SELR000679,1581.81,2169.33,2024-10-25
PROD001486,Ultra Makeup 341,Beauty & Personal Care,Makeup,SELR000133,1194.71,1747.24,2023-04-24
PROD001487,Smart Sportswear 807,Sports & Fitness,Sportswear,SELR001136,348.71,423.38,2023-08-02
PROD001488,Trendy Fitness Equipment 329,Sports & Fitness,Fitness Equipment,SELR000301,6283.8,8641.57,2025-10-12
PROD001489,Basic Baby Feeding 482,Toys & Baby Products,Baby Feeding,SELR000845,277.05,379.56,2023-07-29
PROD001490,Smart Watches & Jewellery 245,Fashion,Watches & Jewellery,SELR000921,647.91,855.15,2023-07-20
PROD001491,Comfort Footwear 252,Fashion,Footwear,SELR000647,484.28,757.68,2024-08-31
PROD001492,Premium Haircare 779,Beauty & Personal Care,Haircare,SELR000929,422.08,596.59,2023-01-03
PROD001493,Compact Storage 159,Home & Kitchen,Storage,SELR000281,524.7,651.32,2024-02-07
PROD001494,Basic Furniture 356,Home & Kitchen,Furniture,SELR000130,799.0,1061.62,2023-08-07
PROD001495,Superior Cameras 981,Electronics,Cameras,SELR000392,33166.03,41040.0,2022-12-12
PROD001496,Advanced Bags 644,Fashion,Bags,SELR000329,397.07,526.12,2023-05-16
PROD001497,Classic Baby Gear 276,Toys & Baby Products,Baby Gear,SELR000086,330.76,467.39,2025-10-06
PROD001498,Basic Cameras 432,Electronics,Cameras,SELR000740,7731.57,9627.68,2023-10-27
PROD001499,Ultra Personal Hygiene 307,Beauty & Personal Care,Personal Hygiene,SELR000679,394.31,562.73,2023-12-10
PROD001500,Classic Non-Fiction 310,Books,Non-Fiction,SELR000011,436.57,538.21,2024-06-11
PROD001501,Basic Tablet 646,Electronics,Tablets,SELR001016,6324.06,7228.8,2023-10-15
PROD001502,Pro Footwear 216,Fashion,Footwear,SELR000764,862.59,1415.66,2024-08-23
PROD001503,Ultra Bedding 615,Home & Kitchen,Bedding,SELR001023,914.07,1267.55,2023-12-19
PROD001504,Pro Furniture 503,Home & Kitchen,Furniture,SELR001047,14354.65,19382.2,2023-10-30
PROD001505,Premium Watches & Jewellery 650,Fashion,Watches & Jewellery,SELR000471,1028.47,1380.5,2023-03-17
PROD001506,Ultra Cycling 124,Sports & Fitness,Cycling,SELR000265,4369.71,6239.4,2023-04-19
PROD001507,Classic Men's Clothing 733,Fashion,Men's Clothing,SELR000205,4255.66,5832.72,2024-08-30
PROD001508,Trendy Cameras 864,Electronics,Cameras,SELR000176,45733.38,53354.77,2023-03-21
PROD001509,Elite Tablets 855,Electronics,Tablets,SELR000930,12177.61,13885.6,2025-05-26
PROD001510,Advanced Kids Wear 170,Fashion,Kids Wear,SELR000400,512.55,777.35,2025-09-18
PROD001511,Pro Cookware 439,Home & Kitchen,Cookware,SELR000770,2183.87,3148.73,2023-04-08
PROD001512,Elite Toys 501,Toys & Baby Products,Toys,SELR000877,379.17,538.24,2024-08-03
PROD001513,Advanced Headphones 400,Electronics,Headphones,SELR000164,6060.6,6813.44,2023-10-24
PROD001514,Compact Makeup 898,Beauty & Personal Care,Makeup,SELR000373,259.1,382.61,2023-04-25
PROD001515,Compact Personal Hygiene 325,Beauty & Personal Care,Personal Hygiene,SELR000093,1716.98,2166.61,2023-08-09
PROD001516,Comfort Fitness Equipment 677,Sports & Fitness,Fitness Equipment,SELR001092,1071.83,1418.61,2023-03-26
PROD001517,Elite Personal Hygiene 393,Beauty & Personal Care,,SELR000705,868.88,1255.7,2023-02-02
PROD001518,Elite Smartphone 955,Electronics,Smartphones,SELR001076,30853.93,35457.65,2022-12-06
PROD001519,Ultra Makeup 750,Beauty & Personal Care,Makeup,SELR000680,172.05,224.69,2024-02-02
PROD001520,Premium Footwear 594,Fashion,Footwear,SELR000643,3749.19,5591.31,2025-01-16
PROD001521,Pro Self-Help 979,Books,Self-Help,SELR000765,171.02,215.73,2025-05-25
PROD001522,Signature Footwear 993,Fashion,Footwear,SELR000725,1363.94,1948.47,2023-06-29
PROD001523,Everyday Fitness Equipment 813,Sports & Fitness,Fitness Equipment,SELR000731,215.56,300.86,2024-05-17
PROD001524,Compact Fragrances 193,Beauty & Personal Care,Fragrances,SELR000007,1208.15,1605.19,2025-07-30
PROD001525,Smart Fitness Equipment 868,Sports & Fitness,Fitness Equipment,SELR000545,593.39,752.35,2024-08-15
PROD001526,Essential Women's Clothing 673,Fashion,Women's Clothing,SELR000474,1735.8,2435.26,2023-02-18
PROD001527,Everyday Outdoor Gear 890,Sports & Fitness,Outdoor Gear,SELR000210,712.69,922.33,2022-12-11
PROD001528,Advanced Self-Help 818,Books,Self-Help,SELR000131,1142.16,1373.82,2023-04-26
PROD001529,Essential Home Decor 381,Home & Kitchen,Home Decor,SELR000173,1406.54,1868.03,2023-01-13
PROD001530,Superior Watches & Jewellery 275,Fashion,Watches & Jewellery,SELR000153,1998.65,3216.41,2022-12-10
PROD001531,Smart Women's Clothing 389,Fashion,Women's Clothing,SELR001089,4381.94,6441.99,2023-12-02
PROD001532,Compact Footwear 725,Fashion,Footwear,SELR001127,945.25,1338.1,2022-12-31
PROD001533,Elite Self-Help 532,Books,Self-Help,SELR000533,691.54,856.13,2022-12-29
PROD001534,Basic Home Decor 139,Home & Kitchen,Home Decor,SELR000225,1328.12,1778.71,2023-05-09
PROD001535,Everyday Outdoor Gear 767,Sports & Fitness,Outdoor Gear,SELR000099,464.53,638.03,2023-08-15
PROD001536,Basic Children's Books 140,Books,Children's Books,SELR000294,185.7,219.67,2023-07-14
PROD001537,Essential Yoga Accessories 515,Sports & Fitness,Yoga Accessories,SELR000545,264.34,331.73,2025-04-22
PROD001538,Pro Fitness Equipment 225,Sports & Fitness,Fitness Equipment,SELR000301,444.18,614.67,2024-08-01
PROD001539,Superior Haircare 772,Beauty & Personal Care,Haircare,SELR000372,1122.03,1583.69,2025-08-28
PROD001540,Deluxe Home Decor 863,Home & Kitchen,Home Decor,SELR000286,1463.41,2084.72,2023-11-13
PROD001541,Elite Men's Clothing 727,Fashion,Men's Clothing,SELR000242,3218.89,4863.71,2022-12-16
PROD001542,Signature Staple 955,Grocery,Staples,SELR000944,393.51,454.73,2024-01-21
PROD001543,Signature Toy 244,Toys & Baby Products,Toys,SELR001126,1891.43,2376.06,2023-04-16
PROD001544,Pro Bedding 748,Home & Kitchen,Bedding,SELR001053,2355.99,2956.61,2024-08-19
PROD001545,Deluxe Diapers 245,Toys & Baby Products,Diapers,SELR000941,2562.6,3493.83,2024-02-29
PROD001546,Everyday Educational Toys 637,Toys & Baby Products,Educational Toys,SELR000212,4646.53,5734.41,2023-01-12
PROD001547,Signature Cookware 490,Home & Kitchen,Cookware,SELR001199,2422.37,3358.67,2024-07-17
PROD001548,Trendy Outdoor Gear 760,Sports & Fitness,Outdoor Gear,SELR000187,6971.01,9852.48,2023-01-17
PROD001549,Pro Cycling 498,Sports & Fitness,Cycling,SELR001041,457.32,661.09,2024-02-15
PROD001550,Comfort Watches & Jewellery 584,Fashion,Watches & Jewellery,SELR000595,4263.76,6989.03,2024-05-17
PROD001551,Classic Accessorie 795,Electronics,Accessories,SELR000164,11884.53,14852.67,2023-12-17
PROD001552,Comfort Cookware 895,Home & Kitchen,Cookware,SELR000394,409.56,523.73,2025-07-16
PROD001553,Ultra Fiction 743,Books,Fiction,SELR000943,124.54,150.82,2023-12-21
PROD001554,Everyday Men's Clothing 771,Fashion,Men's Clothing,SELR000125,4063.86,6206.37,2023-08-29
PROD001555,Trendy Academic 314,Books,Academic,SELR000324,312.91,395.12,2022-12-19
PROD001556,Superior Cycling 181,Sports & Fitness,Cycling,SELR000519,1903.75,2502.32,2023-07-08
PROD001557,Advanced Cycling 165,Sports & Fitness,Cycling,SELR000099,2630.7,3493.43,2023-09-24
PROD001558,Advanced Footwear 681,Fashion,Footwear,SELR000196,1596.81,2524.44,2024-02-21
PROD001559,Comfort Bedding 234,Home & Kitchen,Bedding,SELR000274,1992.38,2620.88,2023-12-15
PROD001560,Trendy Women's Clothing 998,Fashion,Women's Clothing,SELR000585,1256.66,2031.6,2023-07-19
PROD001561,Classic Footwear 963,Fashion,Footwear,SELR000808,848.98,1355.58,2023-12-02
PROD001562,Trendy Accessories 126,Electronics,Accessories,SELR000469,12071.52,13305.61,2024-01-31
PROD001563,Compact Smart Watches 334,Electronics,Smart Watches,SELR000864,6494.61,7390.19,2024-01-03
PROD001564,Superior Women's Clothing 316,Fashion,Women's Clothing,SELR000725,386.09,533.6,2024-02-24
PROD001565,Classic Haircare 846,Beauty & Personal Care,Haircare,SELR000600,1188.78,1709.72,2023-05-11
PROD001566,Comfort Storage 903,Home & Kitchen,Storage,SELR000525,2702.26,3604.58,2025-03-27
PROD001567,Superior Men's Clothing 136,Fashion,Men's Clothing,SELR000741,769.95,1239.86,2022-12-03
PROD001568,Elite Beverages 342,Grocery,Beverages,SELR000292,1151.68,1326.43,2024-06-10
PROD001569,Superior Haircare 569,Beauty & Personal Care,Haircare,SELR000249,303.46,462.52,2023-12-07
PROD001570,Everyday Toys 178,Toys & Baby Products,Toys,SELR001159,2651.77,3264.34,2023-04-25
PROD001571,Signature Fragrances 939,Beauty & Personal Care,Fragrances,SELR000573,360.43,485.97,2023-06-16
PROD001572,Ultra Tablets 870,Electronics,Tablets,SELR000994,19831.26,23684.51,2023-05-10
PROD001573,Everyday Toys 631,Toys & Baby Products,Toys,SELR000476,382.41,480.95,2024-08-22
PROD001574,Advanced Personal Care Essentials 525,Grocery,Personal Care Essentials,SELR000239,179.64,204.78,2025-09-16
PROD001575,Deluxe Grooming Tools 346,Beauty & Personal Care,Grooming Tools,SELR000992,617.09,819.69,2023-11-02
PROD001576,Smart Makeup 242,Beauty & Personal Care,Makeup,SELR000197,882.84,1368.12,2024-02-12
PROD001577,Pro Cookware 318,Home & Kitchen,Cookware,SELR000865,618.39,829.59,2023-08-05
PROD001578,Premium Storage 531,Home & Kitchen,Storage,SELR001158,1396.67,1774.1,2023-02-13
PROD001579,Compact Academic 446,Books,Academic,SELR000684,879.57,1136.76,2023-09-14
PROD001580,Trendy Bedding 315,Home & Kitchen,Bedding,SELR000706,1258.41,1635.78,2022-12-06
PROD001581,Elite Watches & Jewellery 272,Fashion,Watches & Jewellery,SELR000464,325.93,494.18,2023-06-08
PROD001582,Ultra Accessories 873,Electronics,Accessories,SELR000859,899.06,1069.26,2023-12-14
PROD001583,Everyday Smart Watches 439,Electronics,Smart Watches,SELR000282,1566.53,1912.76,2023-02-17
PROD001584,Compact Watches & Jewellery 841,Fashion,Watches & Jewellery,SELR001153,3664.17,4877.28,2023-08-10
PROD001585,Superior Furniture 199,Home & Kitchen,Furniture,SELR000540,7245.38,10223.46,2023-11-19
PROD001586,Trendy Baby Feeding 609,Toys & Baby Products,Baby Feeding,SELR000877,278.25,398.08,2023-11-07
PROD001587,Ultra Footwear 374,Fashion,Footwear,SELR001116,1504.39,2237.37,2023-08-26
PROD001588,Deluxe Kids Wear 586,Fashion,Kids Wear,SELR000833,1740.79,2438.56,2023-04-28
PROD001589,Everyday Women's Clothing 745,Fashion,Women's Clothing,SELR000677,269.05,391.4,2023-03-18
PROD001590,Basic Haircare 107,Beauty & Personal Care,Haircare,SELR000138,1313.21,2003.43,2023-02-07
PROD001591,Everyday Skincare 561,Beauty & Personal Care,Skincare,SELR000548,479.12,636.79,2023-10-31
PROD001592,Signature Fragrances 362,Beauty & Personal Care,Fragrances,SELR000875,183.12,280.29,2023-03-28
PROD001593,Smart Baby Care 198,Toys & Baby Products,Baby Care,SELR000401,337.13,481.34,2023-09-21
PROD001594,Basic Baby Feeding 834,Toys & Baby Products,Baby Feeding,SELR001101,285.71,344.15,2022-12-19
PROD001595,Everyday Beverage 588,Grocery,Beverages,SELR000415,72.12,80.71,2023-04-10
PROD001596,Classic Personal Care Essential 791,Grocery,Personal Care Essentials,SELR001036,117.37,137.2,2023-05-23
PROD001597,Signature Furniture 632,Home & Kitchen,Furniture,SELR000062,2794.89,3485.47,2023-11-17
PROD001598,Signature Fragrance 551,Beauty & Personal Care,Fragrances,SELR001129,898.17,1227.51,2023-01-11
PROD001599,Pro Footwear 324,Fashion,Footwear,SELR000196,1779.08,2802.34,2023-07-01
PROD001600,Elite Non-Fiction 169,Books,Non-Fiction,SELR000650,1157.51,1416.56,2023-06-28
PROD001601,Classic Kids Wear 758,Fashion,Kids Wear,SELR000686,721.63,1047.63,2025-07-31
PROD001602,Compact Kids Wear 734,Fashion,Kids Wear,SELR000797,800.46,1166.82,2023-11-29
PROD001603,Deluxe Smartphone 180,Electronics,Smartphones,SELR000997,913.05,1045.01,2024-02-20
PROD001604,Advanced Haircare 891,Beauty & Personal Care,Haircare,SELR000285,2884.11,4408.08,2022-12-18
PROD001605,Pro Outdoor Gear 280,Sports & Fitness,Outdoor Gear,SELR000440,243.72,352.15,2024-05-25
PROD001606,Superior Laptops 372,Electronics,Laptops,SELR000273,26036.5,28653.02,2024-01-13
PROD001607,Pro Bedding 154,Home & Kitchen,Bedding,SELR000583,12629.83,18198.14,2023-12-19
PROD001608,Comfort Cookware 951,Home & Kitchen,Cookware,SELR000230,3936.84,5516.76,2023-01-22
PROD001609,Superior Comics 120,Books,Comics,SELR000261,226.96,277.58,2023-05-24
PROD001610,Comfort Tablet 424,Electronics,Tablets,SELR000332,19962.79,23975.85,2025-06-12
PROD001611,Pro Accessories 439,Electronics,Accessories,SELR000838,3053.74,3715.96,2023-02-28
PROD001612,Classic Fragrance 575,Beauty & Personal Care,Fragrances,SELR000430,1783.37,2676.48,2024-11-18
PROD001613,Advanced Makeup 946,Beauty & Personal Care,Makeup,SELR000876,183.63,254.08,2024-03-11
PROD001614,Classic Dairy 229,Grocery,Dairy,SELR000423,34.91,39.65,2023-12-20
PROD001615,Pro Makeup 149,Beauty & Personal Care,Makeup,SELR000144,261.64,400.08,2025-01-18
PROD001616,Trendy Baby Gear 140,Toys & Baby Products,Baby Gear,SELR000946,1311.05,1704.57,2022-12-01
PROD001617,Essential Watches & Jewellery 842,Fashion,Watches & Jewellery,SELR000921,2070.74,2842.27,2024-02-28
PROD001618,Superior Storage 237,Home & Kitchen,Storage,SELR000618,436.22,540.95,2023-06-08
PROD001619,Deluxe Baby Gear 260,Toys & Baby Products,Baby Gear,SELR000948,1157.8,1646.64,2023-01-01
PROD001620,Everyday Accessories 948,Electronics,Accessories,SELR000227,2130.68,2635.25,2024-02-12
PROD001621,Pro Children's Books 356,Books,Children's Books,SELR000475,108.74,128.71,2023-04-01
PROD001622,Trendy Accessories 318,Electronics,Accessories,SELR000474,14176.63,17702.72,2023-01-17
PROD001623,Elite Furniture 400,Home & Kitchen,Furniture,SELR000681,14264.58,19478.15,2023-09-30
PROD001624,Compact Kids Wear 659,Fashion,Kids Wear,SELR000562,952.19,1258.05,2023-11-11
PROD001625,Advanced Fragrances 782,Beauty & Personal Care,Fragrances,SELR000480,291.42,444.98,2023-01-24
PROD001626,Pro Comics 229,Books,Comics,SELR000572,423.87,500.88,2023-10-27
PROD001627,Everyday Tablets 781,Electronics,Tablets,SELR000794,2389.39,2677.21,2023-05-19
PROD001628,Trendy Watches & Jewellery 806,Fashion,Watches & Jewellery,SELR000583,2194.87,3170.12,2023-04-22
PROD001629,Compact Women's Clothing 976,Fashion,Women's Clothing,SELR000879,3745.97,5465.51,2024-09-06
PROD001630,Compact Men's Clothing 841,Fashion,Men's Clothing,SELR000923,2662.11,3582.09,2025-02-02
PROD001631,Pro Bedding 970,Home & Kitchen,Bedding,SELR000881,556.49,713.89,2023-02-12
PROD001632,Essential Baby Feeding 663,Toys & Baby Products,Baby Feeding,SELR000094,293.3,423.59,2023-12-15
PROD001633,Deluxe Cameras 306,Electronics,Cameras,SELR000641,27957.48,32506.56,2024-02-23
PROD001634,Classic Furniture 277,Home & Kitchen,Furniture,SELR000277,2520.26,3383.82,2024-01-17
PROD001635,Trendy Kitchen Appliances 176,Home & Kitchen,Kitchen Appliances,SELR000881,3604.38,4483.24,2023-11-22
PROD001636,Deluxe Women's Clothing 426,Fashion,Women's Clothing,SELR000784,685.5,911.76,2024-07-27
PROD001637,Compact Women's Clothing 737,Fashion,Women's Clothing,SELR000869,3561.37,5132.68,2023-04-18
PROD001638,Elite Team Sport 426,Sports & Fitness,Team Sports,SELR000004,3924.43,5612.74,2023-12-22
PROD001639,Signature Grooming Tools 924,Beauty & Personal Care,Grooming Tools,SELR001093,324.9,414.69,2023-10-21
PROD001640,Everyday Dairy 289,Grocery,Dairy,SELR000211,111.77,127.48,2024-12-17
PROD001641,Comfort Kitchen Appliance 326,Home & Kitchen,Kitchen Appliances,SELR000925,2321.86,2872.7,2024-11-15
PROD001642,Trendy Grooming Tool 914,Beauty & Personal Care,Grooming Tools,SELR000401,150.42,219.6,2023-08-19
PROD001643,Everyday Educational Toy 945,Toys & Baby Products,Educational Toys,SELR000112,1985.0,2436.34,2023-10-31
PROD001644,Premium Staple 818,Grocery,Staples,SELR001133,671.93,740.11,2024-10-01
PROD001645,Advanced Educational Toys 534,Toys & Baby Products,Educational Toys,SELR000492,190.53,244.54,2023-10-26
PROD001646,Deluxe Footwear 400,Fashion,Footwear,SELR000671,2064.83,3158.21,2022-12-15
PROD001647,Trendy Baby Care 991,Toys & Baby Products,Baby Care,SELR000379,811.55,1030.59,2023-02-28
PROD001648,Classic Beverage 748,Grocery,Beverages,SELR000768,153.88,170.16,2024-06-26
PROD001649,Pro Comic 776,Books,Comics,SELR000475,261.96,316.49,2023-10-14
PROD001650,Superior Fitness Equipment 932,Sports & Fitness,Fitness Equipment,SELR001165,1290.01,1581.06,2024-02-14
PROD001651,Compact Baby Feeding 483,Toys & Baby Products,Baby Feeding,SELR000207,414.94,511.32,2023-04-14
PROD001652,Compact Storage 271,Home & Kitchen,Storage,SELR000176,3529.71,4649.51,2023-11-18
PROD001653,Classic Comic 345,Books,Comics,SELR000498,529.29,601.16,2023-09-28
PROD001654,Premium Yoga Accessories 936,Sports & Fitness,,SELR001165,820.98,1022.19,2023-03-30
PROD001655,Ultra Self-Help 228,Books,Self-Help,SELR000938,124.57,156.86,2023-02-14
PROD001656,Trendy Fiction 830,Books,Fiction,SELR000733,137.25,158.04,2023-09-09
PROD001657,Pro Footwear 291,Fashion,Footwear,SELR001115,721.68,1012.14,2023-04-26
PROD001658,Deluxe Watches & Jewellery 184,Fashion,Watches & Jewellery,SELR000349,3569.14,5874.89,2023-03-04
PROD001659,Deluxe Kitchen Appliance 700,Home & Kitchen,Kitchen Appliances,SELR000553,1691.27,2141.59,2023-03-07
PROD001660,Deluxe Academic 848,Books,Academic,SELR000483,343.05,414.83,2023-03-09
PROD001661,Comfort Fitness Equipment 605,Sports & Fitness,Fitness Equipment,SELR000495,1348.08,1624.56,2024-03-12
PROD001662,Signature Snacks 321,Grocery,Snacks,SELR001113,49.57,53.38,2023-02-22
PROD001663,Signature Self-Help 335,Books,Self-Help,SELR001186,238.11,291.58,2024-02-18
PROD001664,Pro Makeup 579,Beauty & Personal Care,Makeup,SELR001107,2024.67,2666.5,2023-02-22
PROD001665,Smart Laptops 613,Electronics,Laptops,SELR000929,23765.44,27109.65,2023-06-03
PROD001666,Essential Makeup 519,Beauty & Personal Care,Makeup,SELR000074,133.28,192.59,2023-07-14
PROD001667,Classic Diaper 807,Toys & Baby Products,Diapers,SELR000269,318.38,455.26,2024-07-03
PROD001668,Smart Yoga Accessorie 928,Sports & Fitness,Yoga Accessories,SELR000788,9136.73,11203.99,2023-04-18
PROD001669,Pro Baby Gear 852,Toys & Baby Products,Baby Gear,SELR000861,296.91,371.91,2023-12-12
PROD001670,Basic Educational Toy 544,Toys & Baby Products,Educational Toys,SELR000029,3665.23,4469.77,2023-11-19
PROD001671,Ultra Women's Clothing 423,Fashion,Women's Clothing,SELR000882,2192.1,3070.47,2023-07-18
PROD001672,Everyday Cycling 925,Sports & Fitness,Cycling,SELR000718,2171.13,2701.59,2024-01-12
PROD001673,Superior Fragrances 850,Beauty & Personal Care,Fragrances,SELR001056,1609.39,2335.6,2023-05-06
PROD001674,Deluxe Storage 441,Home & Kitchen,Storage,SELR000121,327.13,416.94,2023-07-09
PROD001675,Everyday Men's Clothing 629,Fashion,Men's Clothing,SELR001183,962.36,1429.98,2023-08-29
PROD001676,Comfort Women's Clothing 308,Fashion,Women's Clothing,SELR001117,2731.44,3920.81,2023-02-23
PROD001677,Smart Women's Clothing 682,Fashion,Women's Clothing,SELR000744,3642.36,4982.23,2024-04-14
PROD001678,Basic Fragrances 334,Beauty & Personal Care,Fragrances,SELR000466,1897.63,2886.85,2024-02-29
PROD001679,Ultra Kids Wear 733,Fashion,Kids Wear,SELR000509,1529.69,2506.6,2024-06-20
PROD001680,Smart Bedding 447,Home & Kitchen,Bedding,SELR000656,1611.42,2225.1,2022-12-18
PROD001681,Essential Haircare 692,Beauty & Personal Care,Haircare,SELR000047,123.96,165.17,2023-01-12
PROD001682,Comfort Bedding 392,Home & Kitchen,Bedding,SELR000303,3049.38,4334.58,2023-08-06
PROD001683,Premium Dairy 239,Grocery,Dairy,SELR001133,1247.71,1409.33,2025-09-29
PROD001684,Ultra Storage 311,Home & Kitchen,Storage,SELR001158,9976.74,14005.58,2023-03-08
PROD001685,Comfort Accessorie 344,Electronics,Accessories,SELR000109,24025.4,26909.95,2023-12-27
PROD001686,Advanced Baby Gear 709,Toys & Baby Products,Baby Gear,SELR001062,803.53,1061.91,2024-02-01
PROD001687,Elite Personal Care Essentials 764,Grocery,Personal Care Essentials,SELR000734,653.11,738.24,2024-08-27
PROD001688,Deluxe Sportswear 988,Sports & Fitness,Sportswear,SELR000359,5739.21,8259.37,2023-04-25
PROD001689,Signature Self-Help 901,Books,Self-Help,SELR001052,395.04,498.74,2025-10-18
PROD001690,Signature Smartphones 178,Electronics,Smartphones,SELR000823,9411.54,11412.68,2025-02-22
PROD001691,Deluxe Non-Fiction 916,Books,Non-Fiction,SELR000294,324.65,419.68,2023-08-05
PROD001692,Advanced Men's Clothing 298,Fashion,Men's Clothing,SELR000739,2655.96,4151.75,2025-10-21
PROD001693,Ultra Home Decor 440,Home & Kitchen,Home Decor,SELR000366,1156.57,1540.14,2023-02-11
PROD001694,Pro Men's Clothing 951,Fashion,Men's Clothing,SELR001183,3027.79,4928.44,2024-02-03
PROD001695,Superior Children's Books 797,Books,Children's Books,SELR001052,1192.69,1493.48,2023-04-18
PROD001696,Essential Watches & Jewellery 890,Fashion,Watches & Jewellery,SELR000498,2067.01,2755.02,2025-02-22
PROD001697,Trendy Women's Clothing 253,Fashion,Women's Clothing,SELR000154,2194.46,3119.12,2023-01-16
PROD001698,Deluxe Cameras 728,Electronics,Cameras,SELR000565,35840.02,39496.6,2023-11-02
PROD001699,Basic Team Sport 303,Sports & Fitness,Team Sports,SELR000099,9172.95,12117.19,2023-07-02
PROD001700,Compact Bags 260,Fashion,Bags,SELR000471,361.88,546.56,2024-02-08
PROD001701,Pro Cookware 724,Home & Kitchen,Cookware,SELR000681,5101.12,7138.27,2023-02-02
PROD001702,Classic Kids Wear 901,Fashion,Kids Wear,SELR000270,1900.86,2839.28,2023-03-09
PROD001703,Superior Fiction 384,Books,Fiction,SELR001035,121.46,154.9,2023-09-15
PROD001704,Advanced Kids Wear 658,Fashion,Kids Wear,SELR000250,4289.24,6743.99,2023-12-04
PROD001705,Ultra Diapers 124,Toys & Baby Products,Diapers,SELR000750,169.43,235.33,2024-01-09
PROD001706,Advanced Women's Clothing 598,Fashion,Women's Clothing,SELR000270,545.02,892.05,2024-12-14
PROD001707,Pro Camera 772,Electronics,Cameras,SELR000499,1057.74,1181.08,2022-11-30
PROD001708,Essential Men's Clothing 173,Fashion,Men's Clothing,SELR000775,422.29,660.29,2023-05-12
PROD001709,Elite Tablets 156,Electronics,Tablets,SELR000694,14033.25,17273.57,2025-06-29
PROD001710,Premium Kitchen Appliances 236,Home & Kitchen,Kitchen Appliances,SELR000675,1277.56,1817.08,2023-05-30
PROD001711,Classic Footwear 338,Fashion,Footwear,SELR001078,908.06,1223.1,2025-03-31
PROD001712,Ultra Toy 586,Toys & Baby Products,Toys,SELR000537,2212.39,2947.75,2024-02-27
PROD001713,Smart Home Decor 145,Home & Kitchen,Home Decor,SELR000631,3406.4,4457.54,2022-12-12
PROD001714,Comfort Kids Wear 587,Fashion,Kids Wear,SELR001183,1950.23,2559.58,2023-04-23
PROD001715,Deluxe Kitchen Appliances 430,Home & Kitchen,Kitchen Appliances,SELR000147,2241.33,2954.63,2025-06-06
PROD001716,Everyday Women's Clothing 640,Fashion,Women's Clothing,SELR000561,2162.59,3012.6,2023-08-09
PROD001717,Pro Women's Clothing 381,Fashion,Women's Clothing,SELR000969,491.26,693.63,2023-04-23
PROD001718,Comfort Watches & Jewellery 606,Fashion,Watches & Jewellery,SELR001026,1002.66,1377.11,2023-09-14
PROD001719,Trendy Accessorie 691,Electronics,Accessories,SELR000902,16210.8,18799.51,2024-10-16
PROD001720,Smart Watches & Jewellery 414,Fashion,Watches & Jewellery,SELR000647,845.42,1264.03,2023-10-04
PROD001721,Premium Baby Gear 180,Toys & Baby Products,Baby Gear,SELR000308,562.38,773.44,2023-09-26
PROD001722,Everyday Cycling 106,Sports & Fitness,Cycling,SELR000424,2936.6,4079.55,2023-01-21
PROD001723,Compact Toys 146,Toys & Baby Products,Toys,SELR000455,938.78,1212.77,2024-01-09
PROD001724,Superior Watches & Jewellery 175,Fashion,Watches & Jewellery,SELR000614,447.11,649.6,2023-08-11
PROD001725,Classic Personal Care Essentials 880,Grocery,Personal Care Essentials,SELR001177,912.74,980.76,2025-10-10
PROD001726,Everyday Storage 107,Home & Kitchen,Storage,SELR001155,724.67,994.97,2023-09-14
PROD001727,Advanced Watches & Jewellery 615,Fashion,Watches & Jewellery,SELR001153,1317.23,2134.79,2023-07-08
PROD001728,Classic Staple 109,Grocery,Staples,SELR001036,33.61,39.17,2025-03-16
PROD001729,Superior Tablets 988,Electronics,Tablets,SELR000424,19437.82,24094.99,2024-09-01
PROD001730,Compact Bedding 124,Home & Kitchen,Bedding,SELR000410,1414.0,1825.02,2024-06-03
PROD001731,Basic Dairy 864,Grocery,Dairy,SELR000415,31.74,36.64,2024-02-18
PROD001732,Ultra Skincare 924,Beauty & Personal Care,Skincare,SELR000620,201.85,266.0,2025-05-05
PROD001733,Basic Kitchen Appliances 592,Home & Kitchen,Kitchen Appliances,SELR000505,930.87,1321.86,2023-04-10
PROD001734,Elite Footwear 801,Fashion,Footwear,SELR000234,574.56,832.53,2025-05-08
PROD001735,Premium Tablets 760,Electronics,Tablets,SELR000193,21398.63,26975.3,2023-03-13
PROD001736,Ultra Educational Toys 848,Toys & Baby Products,Educational Toys,SELR000449,2404.18,3206.82,2023-10-07
PROD001737,Elite Bag 333,Fashion,Bags,SELR000979,251.58,340.95,2024-02-06
PROD001738,Essential Watches & Jewellery 422,Fashion,Watches & Jewellery,SELR000805,520.33,751.79,2023-07-10
PROD001739,Superior Women's Clothing 174,Fashion,Women's Clothing,SELR000321,712.17,1054.05,2024-09-17
PROD001740,Basic Toys 156,Toys & Baby Products,Toys,SELR000175,636.15,878.85,2025-03-20
PROD001741,Compact Comic 948,Books,Comics,SELR000796,112.78,146.51,2023-03-26
PROD001742,Essential Bedding 346,Home & Kitchen,Bedding,SELR000630,9466.89,12278.96,2025-01-24
PROD001743,Ultra Diapers 846,Toys & Baby Products,Diapers,SELR000513,603.08,868.99,2025-05-26
PROD001744,Signature Smart Watches 782,Electronics,Smart Watches,SELR000256,49012.96,57382.96,2022-12-01
PROD001745,Signature Baby Feeding 642,Toys & Baby Products,Baby Feeding,SELR000639,184.88,267.51,2023-10-22
PROD001746,Everyday Smart Watches 244,Electronics,Smart Watches,SELR000176,14178.93,17365.51,2024-01-05
PROD001747,Trendy Home Decor 658,Home & Kitchen,Home Decor,SELR001157,923.41,1300.44,2023-03-19
PROD001748,Comfort Laptop 124,Electronics,Laptops,SELR001190,9285.0,10999.42,2023-03-29
PROD001749,Ultra Baby Feeding 447,Toys & Baby Products,Baby Feeding,SELR000302,2017.68,2608.81,2025-03-28
PROD001750,Comfort Educational Toys 706,Toys & Baby Products,Educational Toys,SELR001111,676.12,921.6,2024-02-15
PROD001751,Signature Haircare 746,Beauty & Personal Care,Haircare,SELR000955,940.34,1449.4,2023-03-26
PROD001752,Ultra Women's Clothing 753,Fashion,Women's Clothing,SELR000999,1271.96,1796.44,2023-06-12
PROD001753,Elite Kids Wear 127,Fashion,Kids Wear,SELR001026,573.79,853.17,2023-10-05
PROD001754,Deluxe Bedding 910,Home & Kitchen,Bedding,SELR000072,489.46,663.34,2025-05-24
PROD001755,Deluxe Watches & Jewellery 840,Fashion,Watches & Jewellery,SELR000635,772.35,1099.21,2022-12-12
PROD001756,Smart Headphones 343,Electronics,Headphones,SELR000897,1865.04,2217.86,2025-03-19
PROD001757,Classic Cycling 377,Sports & Fitness,Cycling,SELR000472,233.32,315.4,2024-01-12
PROD001758,Basic Personal Hygiene 915,Beauty & Personal Care,Personal Hygiene,SELR001191,300.86,457.76,2023-07-26
PROD001759,Superior Diapers 444,Toys & Baby Products,Diapers,SELR000278,949.9,1325.25,2023-11-10
PROD001760,Elite Kitchen Appliances 919,Home & Kitchen,Kitchen Appliances,SELR000845,9787.32,13919.2,2022-12-26
PROD001761,Comfort Women's Clothing 223,Fashion,Women's Clothing,SELR000927,3096.13,4269.3,2023-01-07
PROD001762,Everyday Bedding 662,Home & Kitchen,Bedding,SELR001108,1038.63,1436.25,2023-10-31
PROD001763,Pro Footwear 814,Fashion,Footwear,SELR000448,1182.49,1789.42,2023-05-18
PROD001764,Essential Skincare 403,Beauty & Personal Care,Skincare,SELR000546,1063.18,1365.41,2024-10-22
PROD001765,Elite Non-Fiction 573,Books,Non-Fiction,SELR001035,150.66,186.04,2024-05-07
PROD001766,Elite Footwear 663,Fashion,Footwear,SELR000645,1523.88,2417.03,2023-12-19
PROD001767,Smart Footwear 558,Fashion,Footwear,SELR000780,1857.06,2549.16,2025-05-23
PROD001768,Elite Staples 998,Grocery,Staples,SELR000554,39.46,43.68,2025-07-05
PROD001769,Elite Storage 678,Home & Kitchen,Storage,SELR000973,1371.83,1915.77,2023-09-23
PROD001770,Advanced Grooming Tool 813,Beauty & Personal Care,Grooming Tools,SELR000199,1042.02,1575.18,2023-01-20
PROD001771,Essential Fitness Equipment 139,Sports & Fitness,Fitness Equipment,SELR000403,1576.46,2005.54,2023-11-27
PROD001772,Signature Makeup 974,Beauty & Personal Care,Makeup,SELR000059,608.27,799.66,2024-05-12
PROD001773,Compact Smart Watches 758,Electronics,Smart Watches,SELR000109,1043.98,1242.28,2023-05-24
PROD001774,Trendy Personal Care Essential 115,Grocery,Personal Care Essentials,SELR000360,151.29,160.96,2024-07-17
PROD001775,Elite Baby Gear 108,Toys & Baby Products,Baby Gear,SELR000029,1881.5,2560.88,2023-08-28
PROD001776,Comfort Headphones 456,Electronics,Headphones,SELR001124,1106.72,1358.84,2023-09-14
PROD001777,Superior Smartphones 244,Electronics,Smartphones,SELR000036,1151.51,1373.95,2025-07-22
PROD001778,Classic Fitness Equipment 957,Sports & Fitness,Fitness Equipment,SELR000269,2555.52,3385.41,2023-04-01
PROD001779,Smart Skincare 990,Beauty & Personal Care,Skincare,SELR001065,1330.48,1817.0,2025-04-18
PROD001780,Compact Storage 849,Home & Kitchen,Storage,SELR000222,717.44,955.55,2023-12-12
PROD001781,Deluxe Grooming Tools 499,Beauty & Personal Care,Grooming Tools,SELR000217,361.08,467.74,2023-08-17
PROD001782,Everyday Cycling 552,Sports & Fitness,Cycling,SELR000177,1376.22,1720.77,2023-05-20
PROD001783,Comfort Cookware 239,Home & Kitchen,Cookware,SELR000608,2057.69,2790.8,2023-05-07
PROD001784,Elite Watches & Jewellery 868,Fashion,Watches & Jewellery,SELR000464,2397.79,3833.13,2023-05-25
PROD001785,Premium Cameras 707,Electronics,Cameras,SELR000897,15106.5,19046.84,2023-08-26
PROD001786,Essential Kitchen Appliance 298,Home & Kitchen,Kitchen Appliances,SELR000942,2944.12,4072.89,2022-11-29
PROD001787,Compact Educational Toy 884,Toys & Baby Products,Educational Toys,SELR000710,2234.91,3142.76,2023-09-25
PROD001788,Smart Personal Hygiene 166,Beauty & Personal Care,Personal Hygiene,SELR000705,1349.66,2052.46,2023-08-18
PROD001789,Premium Footwear 662,Fashion,Footwear,SELR000035,980.62,1602.06,2023-02-01
PROD001790,Essential Baby Feeding 733,Toys & Baby Products,Baby Feeding,SELR000465,610.49,743.3,2023-03-22
PROD001791,Pro Storage 207,Home & Kitchen,Storage,SELR000226,632.34,852.65,2024-05-09
PROD001792,Signature Bedding 285,Home & Kitchen,Bedding,SELR000690,318.46,400.06,2024-01-25
PROD001793,Premium Accessories 809,Electronics,Accessories,SELR000337,4144.88,5025.14,2024-01-30
PROD001794,Ultra Non-Fiction 528,Books,Non-Fiction,SELR000617,149.63,183.07,2023-11-22
PROD001795,Basic Fitness Equipment 812,Sports & Fitness,Fitness Equipment,SELR001080,3021.37,4202.46,2024-07-02
PROD001796,Basic Non-Fiction 387,Books,Non-Fiction,SELR000582,514.39,599.27,2024-02-07
PROD001797,Trendy Bags 732,Fashion,Bags,SELR000888,4465.8,7193.89,2023-10-30
PROD001798,Advanced Bedding 858,Home & Kitchen,Bedding,SELR000743,1384.5,1698.39,2025-03-08
PROD001799,Ultra Bag 797,Fashion,Bags,SELR000581,1152.43,1847.13,2025-04-11
PROD001800,Everyday Diapers 234,Toys & Baby Products,Diapers,SELR000438,2678.0,3814.52,2025-07-06
PROD001801,Superior Laptops 129,Electronics,Laptops,SELR000831,56845.33,69825.68,2023-06-02
PROD001802,Essential Fitness Equipment 527,Sports & Fitness,,SELR000170,388.86,470.18,2023-06-22
PROD001803,Classic Yoga Accessories 167,Sports & Fitness,Yoga Accessories,SELR000300,371.75,464.79,2024-02-17
PROD001804,Trendy Women's Clothing 534,Fashion,Women's Clothing,SELR000878,298.54,435.48,2024-01-19
PROD001805,Basic Storage 873,Home & Kitchen,Storage,SELR000303,7429.75,9071.56,2023-09-01
PROD001806,Compact Smartphone 287,Electronics,Smartphones,SELR001149,27407.81,34713.51,2023-04-25
PROD001807,Essential Skincare 217,Beauty & Personal Care,Skincare,SELR000912,195.73,245.91,2023-06-18
PROD001808,Basic Baby Feeding 342,Toys & Baby Products,Baby Feeding,SELR000941,805.57,1141.61,2023-04-27
PROD001809,Deluxe Furniture 686,Home & Kitchen,Furniture,SELR001022,6128.0,7525.07,2023-06-07
PROD001810,Essential Baby Feeding 426,Toys & Baby Products,Baby Feeding,SELR001025,1589.98,2233.02,2023-05-14
PROD001811,Advanced Cameras 206,Electronics,Cameras,SELR001185,2634.8,3208.17,2024-06-27
PROD001812,Signature Storage 197,Home & Kitchen,Storage,SELR000409,2266.93,2872.86,2023-07-13
PROD001813,Advanced Baby Gear 419,Toys & Baby Products,Baby Gear,SELR000220,3539.82,4445.13,2023-09-18
PROD001814,Pro Personal Care Essentials 888,Grocery,Personal Care Essentials,SELR000213,803.64,919.53,2025-06-24
PROD001815,Signature Watches & Jewellery 387,Fashion,Watches & Jewellery,SELR000894,473.41,733.3,2023-07-28
PROD001816,Deluxe Cycling 972,Sports & Fitness,Cycling,SELR000359,222.47,280.1,2025-09-06
PROD001817,Comfort Baby Gear 550,Toys & Baby Products,Baby Gear,SELR000247,408.06,580.39,2024-11-02
PROD001818,Smart Non-Fiction 107,Books,Non-Fiction,SELR000654,971.63,1135.62,2025-05-31
PROD001819,Everyday Makeup 105,Beauty & Personal Care,Makeup,SELR000018,553.0,854.1,2024-02-29
PROD001820,Elite Watches & Jewellery 945,Fashion,Watches & Jewellery,SELR001173,1713.65,2269.56,2023-04-16
PROD001821,Pro Smartphones 352,Electronics,Smartphones,SELR000005,4473.59,5260.31,2023-01-06
PROD001822,Compact Grooming Tool 139,Beauty & Personal Care,Grooming Tools,SELR000988,321.74,452.36,2025-06-30
PROD001823,Basic Home Decor 870,Home & Kitchen,Home Decor,SELR000422,6107.7,8422.79,2023-04-02
PROD001824,Classic Bag 993,Fashion,Bags,SELR000691,690.6,1075.84,2024-02-08
PROD001825,Everyday Men's Clothing 250,Fashion,Men's Clothing,SELR000429,1170.44,1836.8,2025-07-31
PROD001826,Trendy Kitchen Appliances 749,Home & Kitchen,Kitchen Appliances,SELR000422,478.23,627.96,2023-11-23
PROD001827,Deluxe Home Decor 464,Home & Kitchen,Home Decor,SELR000303,1509.62,1963.89,2023-04-29
PROD001828,Basic Furniture 274,Home & Kitchen,Furniture,SELR000832,5227.95,7048.0,2025-02-20
PROD001829,Elite Kitchen Appliance 949,Home & Kitchen,Kitchen Appliances,SELR000619,1456.45,1956.52,2023-06-02
PROD001830,Compact Headphones 338,Electronics,Headphones,SELR000182,17715.61,21640.02,2023-05-30
PROD001831,Compact Personal Care Essentials 224,Grocery,Personal Care Essentials,SELR000801,588.14,683.53,2024-02-01
PROD001832,Smart Haircare 406,Beauty & Personal Care,Haircare,SELR000830,1296.6,1690.82,2023-11-10
PROD001833,Elite Men's Clothing 646,Fashion,Men's Clothing,SELR000421,2888.2,4090.29,2023-04-08
PROD001834,Pro Furniture 430,Home & Kitchen,Furniture,SELR000707,4584.86,6638.53,2025-10-04
PROD001835,Basic Furniture 204,Home & Kitchen,Furniture,SELR000369,1002.4,1285.22,2023-05-07
PROD001836,Deluxe Skincare 884,Beauty & Personal Care,Skincare,SELR000217,215.69,333.29,2023-09-07
PROD001837,Advanced Makeup 558,Beauty & Personal Care,Makeup,SELR000102,474.25,704.34,2024-03-12
PROD001838,Basic Outdoor Gear 389,Sports & Fitness,Outdoor Gear,SELR000092,244.67,304.64,2024-03-14
PROD001839,Comfort Sportswear 114,Sports & Fitness,Sportswear,SELR000187,259.05,363.68,2024-02-13
PROD001840,Advanced Headphones 637,Electronics,Headphones,SELR000620,1278.17,1618.38,2025-01-06
PROD001841,Classic Men's Clothing 684,Fashion,Men's Clothing,SELR000451,1702.69,2755.53,2023-05-30
PROD001842,Basic Accessorie 808,Electronics,Accessories,SELR001162,4829.9,5769.88,2023-02-24
PROD001843,Ultra Furniture 973,Home & Kitchen,Furniture,SELR000028,335.85,445.73,2025-09-02
PROD001844,Elite Home Decor 289,Home & Kitchen,Home Decor,SELR000580,3369.03,4188.17,2023-11-06
PROD001845,Compact Children's Books 339,Books,Children's Books,SELR001078,1145.11,1283.43,2023-04-06
PROD001846,Compact Men's Clothing 104,Fashion,,SELR000408,541.58,820.75,2024-11-26
PROD001847,Basic Fragrance 497,Beauty & Personal Care,Fragrances,SELR000679,595.46,787.05,2023-08-06
PROD001848,Signature Women's Clothing 773,Fashion,Women's Clothing,SELR000362,4330.97,5916.56,2023-09-20
PROD001849,Advanced Kitchen Appliances 781,Home & Kitchen,Kitchen Appliances,SELR000973,3074.23,3832.5,2023-09-30
PROD001850,Everyday Fitness Equipment 479,Sports & Fitness,Fitness Equipment,SELR000269,251.68,332.72,2023-02-23
PROD001851,Comfort Tablets 378,Electronics,Tablets,SELR000415,27537.53,32924.88,2023-06-24
PROD001852,Smart Kids Wear 555,Fashion,Kids Wear,SELR000583,584.15,762.82,2023-11-19
PROD001853,Everyday Storage 546,Home & Kitchen,Storage,SELR000519,14110.08,17901.93,2023-03-14
PROD001854,Premium Cycling 201,Sports & Fitness,Cycling,SELR000159,2102.35,2530.98,2023-01-18
PROD001855,Smart Bags 296,Fashion,Bags,SELR000272,331.1,450.15,2023-06-05
PROD001856,Advanced Diapers 728,Toys & Baby Products,Diapers,SELR000455,222.4,296.39,2024-01-12
PROD001857,Advanced Diapers 992,Toys & Baby Products,Diapers,SELR000663,603.61,845.25,2023-04-24
PROD001858,Elite Personal Care Essentials 507,Grocery,Personal Care Essentials,SELR001161,47.27,52.55,2023-05-22
PROD001859,Deluxe Women's Clothing 388,Fashion,Women's Clothing,SELR000022,862.01,1190.25,2023-01-24
PROD001860,Trendy Outdoor Gear 585,Sports & Fitness,Outdoor Gear,SELR000821,296.25,356.29,2025-03-29
PROD001861,Signature Laptop 708,Electronics,Laptops,SELR000109,869.06,1018.32,2023-05-01
PROD001862,Trendy Packaged Food 351,Grocery,Packaged Food,SELR000768,37.1,41.08,2023-02-12
PROD001863,Comfort Cookware 420,Home & Kitchen,Cookware,SELR000815,1798.46,2378.36,2024-11-28
PROD001864,Comfort Men's Clothing 619,Fashion,Men's Clothing,SELR001125,435.03,641.47,2023-04-20
PROD001865,Classic Kids Wear 343,Fashion,Kids Wear,SELR000647,776.97,1279.15,2023-02-28
PROD001866,Superior Dairy 287,Grocery,Dairy,SELR000535,35.83,38.21,2023-07-12
PROD001867,Everyday Packaged Food 234,Grocery,Packaged Food,SELR000996,755.04,824.45,2023-06-11
PROD001868,Ultra Home Decor 827,Home & Kitchen,Home Decor,SELR001104,636.68,904.81,2023-07-13
PROD001869,Trendy Kitchen Appliances 896,Home & Kitchen,,SELR000222,2657.02,3617.88,2023-05-14
PROD001870,Ultra Self-Help 838,Books,Self-Help,SELR000261,100.99,117.84,2024-03-07
PROD001871,Basic Staple 223,Grocery,Staples,SELR000956,82.7,95.21,2023-11-19
PROD001872,Deluxe Fiction 548,Books,Fiction,SELR000131,259.06,317.07,2023-08-06
PROD001873,Basic Cookware 568,Home & Kitchen,Cookware,SELR000410,13620.3,19701.44,2023-02-19
PROD001874,Deluxe Fitness Equipment 758,Sports & Fitness,Fitness Equipment,SELR000754,336.85,451.04,2024-07-09
PROD001875,Comfort Personal Care Essentials 300,Grocery,Personal Care Essentials,SELR001075,462.32,533.45,2025-03-20
PROD001876,Superior Kids Wear 378,Fashion,Kids Wear,SELR000400,3572.12,5554.36,2024-01-25
PROD001877,Smart Kitchen Appliances 619,Home & Kitchen,Kitchen Appliances,SELR000633,5057.44,6233.0,2023-02-21
PROD001878,Classic Laptops 570,Electronics,Laptops,SELR000332,8782.1,10606.82,2023-06-09
PROD001879,Ultra Kitchen Appliances 773,Home & Kitchen,Kitchen Appliances,SELR000942,5195.16,7035.15,2024-06-04
PROD001880,Comfort Academic 829,Books,Academic,SELR000229,274.98,332.1,2024-11-02
PROD001881,Basic Watches & Jewellery 452,Fashion,Watches & Jewellery,SELR000542,4094.39,5794.33,2023-12-16
PROD001882,Deluxe Makeup 426,Beauty & Personal Care,Makeup,SELR001048,1499.01,2146.93,2023-08-19
PROD001883,Ultra Smart Watches 822,Electronics,Smart Watches,SELR000805,5632.86,6616.23,2025-09-13
PROD001884,Compact Baby Care 646,Toys & Baby Products,Baby Care,SELR000679,986.78,1381.45,2024-12-26
PROD001885,Comfort Dairy 470,Grocery,Dairy,SELR000142,48.38,56.57,2024-01-03
PROD001886,Compact Fragrances 281,Beauty & Personal Care,Fragrances,SELR000546,1450.08,1964.44,2022-12-28
PROD001887,Pro Fitness Equipment 971,Sports & Fitness,Fitness Equipment,SELR001000,208.51,255.7,2023-12-23
PROD001888,Comfort Headphone 361,Electronics,Headphones,SELR000202,1509.59,1688.7,2023-10-16
PROD001889,Compact Personal Care Essentials 217,Grocery,Personal Care Essentials,SELR000192,44.85,52.71,2024-07-23
PROD001890,Essential Sportswear 359,Sports & Fitness,Sportswear,SELR000004,2963.95,4164.83,2024-01-19
PROD001891,Trendy Smartphone 717,Electronics,Smartphones,SELR000389,9505.28,11515.71,2024-12-22
PROD001892,Classic Diaper 322,Toys & Baby Products,Diapers,SELR000710,3294.16,4168.74,2023-06-17
PROD001893,Everyday Headphones 137,Electronics,Headphones,SELR000662,16963.26,21405.53,2022-12-29
PROD001894,Smart Makeup 914,Beauty & Personal Care,Makeup,SELR000785,2443.78,3380.27,2022-12-03
PROD001895,Signature Men's Clothing 786,Fashion,Men's Clothing,SELR000809,2974.04,4390.73,2024-01-22
PROD001896,Deluxe Outdoor Gear 877,Sports & Fitness,Outdoor Gear,SELR000434,574.9,725.95,2023-03-20
PROD001897,Basic Headphones 177,Electronics,Headphones,SELR001151,5832.9,6686.95,2022-12-24
PROD001898,Essential Accessories 518,Electronics,Accessories,SELR001190,912.73,1021.35,2024-02-02
PROD001899,Premium Bedding 653,Home & Kitchen,Bedding,SELR000478,9708.75,13815.32,2025-06-20
PROD001900,Trendy Diaper 414,Toys & Baby Products,Diapers,SELR001126,3203.55,4287.72,2023-01-20
PROD001901,Signature Watches & Jewellery 206,Fashion,Watches & Jewellery,SELR000408,3731.58,5502.89,2023-03-24
PROD001902,Smart Makeup 470,Beauty & Personal Care,Makeup,SELR001107,531.85,740.51,2025-10-15
PROD001903,Basic Kitchen Appliances 544,Home & Kitchen,Kitchen Appliances,SELR000681,849.12,1155.75,2023-10-04
PROD001904,Essential Beverages 133,Grocery,Beverages,SELR000341,173.73,204.47,2024-01-31
PROD001905,Elite Men's Clothing 571,Fashion,Men's Clothing,SELR000037,410.98,545.31,2025-07-18
PROD001906,Ultra Grooming Tools 120,Beauty & Personal Care,Grooming Tools,SELR000102,371.58,488.5,2023-12-28
PROD001907,Compact Diapers 480,Toys & Baby Products,Diapers,SELR000315,4860.06,6510.75,2023-05-03
PROD001908,Compact Men's Clothing 309,Fashion,Men's Clothing,SELR000958,707.1,1078.31,2023-06-26
PROD001909,Everyday Storage 130,Home & Kitchen,Storage,SELR000281,1917.88,2431.93,2023-03-05
PROD001910,Trendy Diapers 364,Toys & Baby Products,Diapers,SELR000844,598.27,760.75,2022-11-29
PROD001911,Advanced Men's Clothing 826,Fashion,Men's Clothing,SELR000969,1578.67,2503.46,2023-02-10
PROD001912,Everyday Home Decor 262,Home & Kitchen,Home Decor,SELR000964,879.07,1198.09,2023-08-22
PROD001913,Trendy Men's Clothing 681,Fashion,Men's Clothing,SELR000855,1937.65,2769.88,2023-01-11
PROD001914,Signature Personal Care Essential 930,Grocery,Personal Care Essentials,SELR000195,202.04,222.86,2023-12-07
PROD001915,Superior Diaper 215,Toys & Baby Products,Diapers,SELR000990,554.6,727.39,2025-06-01
PROD001916,Deluxe Grooming Tools 254,Beauty & Personal Care,Grooming Tools,SELR000199,310.57,433.72,2025-10-10
PROD001917,Essential Fragrances 831,Beauty & Personal Care,Fragrances,SELR000848,1351.37,1849.07,2025-02-20
PROD001918,Smart Furniture 399,Home & Kitchen,Furniture,SELR000354,14396.36,18285.38,2023-02-14
PROD001919,Basic Camera 825,Electronics,Cameras,SELR000766,5775.17,6978.16,2023-06-03
PROD001920,Basic Bag 225,Fashion,Bags,SELR000355,1201.95,1960.89,2024-01-17
PROD001921,Smart Kids Wear 865,Fashion,Kids Wear,SELR000634,638.35,914.23,2023-05-25
PROD001922,Comfort Cameras 742,Electronics,Cameras,SELR000485,10983.39,13260.76,2023-11-15
PROD001923,Classic Outdoor Gear 753,Sports & Fitness,Outdoor Gear,SELR000728,5025.96,7029.45,2023-04-23
PROD001924,Basic Smart Watches 228,Electronics,Smart Watches,SELR000078,839.17,1038.52,2023-06-21
PROD001925,Smart Laptops 831,Electronics,Laptops,SELR000395,18797.17,22658.83,2023-07-12
PROD001926,Compact Cookware 561,Home & Kitchen,Cookware,SELR000279,1098.43,1569.24,2024-01-17
PROD001927,Premium Footwear 209,Fashion,Footwear,SELR000493,2111.58,2935.2,2023-07-14
PROD001928,Essential Women's Clothing 979,Fashion,Women's Clothing,SELR000045,604.05,935.47,2023-09-02
PROD001929,Essential Footwear 455,Fashion,Footwear,SELR000009,3546.88,5219.9,2025-03-21
PROD001930,Comfort Women's Clothing 386,Fashion,Women's Clothing,SELR000557,3173.77,4550.36,2025-04-28
PROD001931,Comfort Haircare 207,Beauty & Personal Care,Haircare,SELR000059,428.15,623.29,2025-02-21
PROD001932,Pro Fiction 111,Books,Fiction,SELR000426,112.3,128.59,2024-12-07
PROD001933,Classic Beverages 642,Grocery,Beverages,SELR000399,518.43,564.6,2023-01-17
PROD001934,Ultra Self-Help 310,Books,Self-Help,SELR000310,153.23,174.07,2023-06-15
PROD001935,Premium Fragrances 245,Beauty & Personal Care,Fragrances,SELR000575,247.47,327.93,2023-05-07
PROD001936,Trendy Toys 491,Toys & Baby Products,Toys,SELR000789,496.18,711.81,2024-07-29
PROD001937,Classic Storage 296,Home & Kitchen,Storage,SELR001126,4200.98,5795.09,2023-06-13
PROD001938,Advanced Fragrances 872,Beauty & Personal Care,Fragrances,SELR000489,183.97,240.6,2023-06-02
PROD001939,Basic Bedding 419,Home & Kitchen,Bedding,SELR000683,11887.61,16237.17,2024-06-04
PROD001940,Ultra Women's Clothing 727,Fashion,Women's Clothing,SELR000725,2595.81,3699.32,2023-05-06
PROD001941,Basic Women's Clothing 878,Fashion,Women's Clothing,SELR000962,1325.84,1956.64,2023-08-16
PROD001942,Basic Women's Clothing 124,Fashion,Women's Clothing,SELR000022,452.68,719.15,2023-10-12
PROD001943,Compact Fiction 916,Books,Fiction,SELR000483,227.65,274.1,2023-02-12
PROD001944,Everyday Headphones 548,Electronics,Headphones,SELR000208,1435.76,1744.32,2023-09-01
PROD001945,Comfort Team Sport 585,Sports & Fitness,Team Sports,SELR001027,5102.56,6646.59,2024-05-25
PROD001946,Basic Snacks 803,Grocery,Snacks,SELR000781,1377.01,1502.2,2023-04-05
PROD001947,Everyday Bedding 186,Home & Kitchen,Bedding,SELR001045,10705.1,14835.97,2024-04-21
PROD001948,Superior Cameras 605,Electronics,Cameras,SELR001001,47205.86,58219.77,2023-06-19
PROD001949,Pro Furniture 883,Home & Kitchen,Furniture,SELR001171,2275.33,2992.28,2023-03-28
PROD001950,Deluxe Women's Clothing 662,Fashion,Women's Clothing,SELR000855,2748.29,4381.12,2023-10-18
PROD001951,Compact Baby Feeding 278,Toys & Baby Products,Baby Feeding,SELR000656,1182.83,1627.01,2023-02-21
PROD001952,Trendy Yoga Accessorie 412,Sports & Fitness,Yoga Accessories,SELR001092,1330.64,1669.41,2025-05-18
PROD001953,Superior Fitness Equipment 838,Sports & Fitness,Fitness Equipment,SELR000265,245.42,334.61,2023-10-06
PROD001954,Basic Bedding 800,Home & Kitchen,Bedding,SELR000973,4646.04,6379.07,2023-06-23
PROD001955,Basic Outdoor Gear 918,Sports & Fitness,Outdoor Gear,SELR001092,2000.21,2571.47,2023-02-28
PROD001956,Classic Outdoor Gear 156,Sports & Fitness,Outdoor Gear,SELR000099,538.78,655.38,2025-04-17
PROD001957,Signature Smartphones 967,Electronics,Smartphones,SELR000637,1533.77,1860.61,2023-03-08
PROD001958,Compact Bags 706,Fashion,Bags,SELR000671,2301.86,3723.64,2023-01-18
PROD001959,Basic Smartphones 494,Electronics,Smartphones,SELR000424,1157.06,1442.3,2024-02-29
PROD001960,Classic Home Decor 238,Home & Kitchen,Home Decor,SELR001039,3462.77,4464.56,2023-12-18
PROD001961,Smart Packaged Food 128,Grocery,Packaged Food,SELR000535,513.12,604.83,2023-07-25
PROD001962,Advanced Grooming Tools 137,Beauty & Personal Care,Grooming Tools,SELR000249,406.99,585.35,2023-12-09
PROD001963,Premium Bedding 402,Home & Kitchen,Bedding,SELR001157,872.81,1105.99,2023-09-25
PROD001964,Everyday Toy 148,Toys & Baby Products,Toys,SELR000198,253.05,305.69,2023-09-05
PROD001965,Classic Kids Wear 698,Fashion,Kids Wear,SELR000784,2025.44,2736.54,2023-10-22
PROD001966,Classic Tablets 943,Electronics,Tablets,SELR000020,15654.96,19670.92,2023-08-16
PROD001967,Trendy Diapers 799,Toys & Baby Products,Diapers,SELR001025,2919.85,3722.05,2023-08-11
PROD001968,Smart Baby Care 736,Toys & Baby Products,Baby Care,SELR000803,232.03,304.14,2023-01-28
PROD001969,Superior Team Sports 749,Sports & Fitness,Team Sports,SELR000092,420.14,543.39,2025-08-22
PROD001970,Basic Women's Clothing 978,Fashion,Women's Clothing,SELR000809,1294.09,1974.17,2023-06-20
PROD001971,Signature Educational Toys 369,Toys & Baby Products,Educational Toys,SELR000499,322.53,405.37,2023-03-20
PROD001972,Advanced Comic 473,Books,Comics,SELR000765,858.92,1108.07,2023-07-07
PROD001973,Premium Yoga Accessories 764,Sports & Fitness,Yoga Accessories,SELR000545,2775.85,3717.44,2023-12-15
PROD001974,Comfort Bags 876,Fashion,Bags,SELR001127,1674.95,2252.83,2023-06-27
PROD001975,Deluxe Bedding 769,Home & Kitchen,Bedding,SELR000132,11808.44,14972.82,2023-07-04
PROD001976,Classic Beverages 574,Grocery,Beverages,SELR000253,411.99,447.69,2024-10-30
PROD001977,Compact Beverage 288,Grocery,Beverages,SELR000940,474.5,545.88,2023-12-02
PROD001978,Pro Makeup 488,Beauty & Personal Care,Makeup,SELR000018,1303.52,1797.05,2023-01-22
PROD001979,Basic Makeup 623,Beauty & Personal Care,Makeup,SELR000669,846.79,1210.4,2024-05-05
PROD001980,Premium Team Sports 711,Sports & Fitness,Team Sports,SELR000210,3818.17,5058.12,2024-01-29
PROD001981,Premium Haircare 124,Beauty & Personal Care,Haircare,SELR000133,614.25,893.94,2023-02-16
PROD001982,Smart Storage 821,Home & Kitchen,Storage,SELR000971,602.11,824.93,2023-08-09
PROD001983,Elite Headphones 639,Electronics,Headphones,SELR000097,1535.27,1889.1,2023-08-23
PROD001984,Premium Accessories 412,Electronics,Accessories,SELR000208,4424.31,5535.36,2023-12-28
PROD001985,Elite Fiction 789,Books,Fiction,SELR000753,123.43,148.48,2023-04-26
PROD001986,Superior Tablet 564,Electronics,Tablets,SELR001099,1668.96,2096.87,2025-08-03
PROD001987,Pro Smart Watche 144,Electronics,Smart Watches,SELR001108,1387.69,1647.65,2025-04-06
PROD001988,Comfort Toys 544,Toys & Baby Products,Toys,SELR000756,216.96,303.62,2023-12-09
PROD001989,Deluxe Cycling 612,Sports & Fitness,Cycling,SELR000099,634.66,855.84,2024-09-23
PROD001990,Premium Camera 740,Electronics,Cameras,SELR000564,1690.57,1966.63,2023-03-06
PROD001991,Classic Footwear 222,Fashion,Footwear,SELR000518,347.26,518.39,2025-02-27
PROD001992,Ultra Self-Help 784,Books,Self-Help,SELR000473,99.86,129.69,2023-01-14
PROD001993,Comfort Storage 802,Home & Kitchen,Storage,SELR000425,1649.41,2251.07,2023-12-13
PROD001994,Ultra Furniture 731,Home & Kitchen,Furniture,SELR001105,970.65,1240.73,2023-09-05
PROD001995,Essential Kitchen Appliances 770,Home & Kitchen,Kitchen Appliances,SELR000122,9586.88,13367.77,2023-05-16
PROD001996,Premium Bags 948,Fashion,Bags,SELR000391,1604.9,2508.94,2024-11-14
PROD001997,Pro Fitness Equipment 387,Sports & Fitness,Fitness Equipment,SELR000269,409.98,587.72,2023-08-10
PROD001998,Comfort Smart Watches 112,Electronics,Smart Watches,SELR000918,5909.81,7424.9,2023-01-10
PROD001999,Elite Kitchen Appliance 487,Home & Kitchen,Kitchen Appliances,SELR000525,6108.6,7854.21,2024-07-26
PROD002000,Trendy Bags 293,Fashion,Bags,SELR001041,1295.95,2123.19,2023-09-04
PROD002001,Compact Smart Watches 159,Electronics,Smart Watches,SELR001064,941.72,1108.18,2023-09-02
PROD002002,Basic Footwear 910,Fashion,Footwear,SELR000327,1502.75,2132.35,2024-07-26
PROD002003,Elite Snack 718,Grocery,Snacks,SELR000615,104.05,119.64,2024-01-27
PROD002004,Signature Footwear 860,Fashion,Footwear,SELR000376,3533.3,5258.14,2023-01-15
PROD002005,Signature Footwear 687,Fashion,Footwear,SELR000416,3874.37,5174.02,2023-12-28
PROD002006,Signature Accessories 349,Electronics,Accessories,SELR000211,2175.3,2427.17,2024-02-23
PROD002007,Superior Comics 222,Books,Comics,SELR000413,293.47,361.79,2023-11-07
PROD002008,Compact Kitchen Appliances 911,Home & Kitchen,Kitchen Appliances,SELR000010,681.7,902.0,2023-08-09
PROD002009,Premium Toys 955,Toys & Baby Products,Toys,SELR001021,1653.26,2248.22,2023-02-23
PROD002010,Basic Yoga Accessories 870,Sports & Fitness,Yoga Accessories,SELR000744,2630.2,3554.73,2023-04-27
PROD002011,Classic Personal Hygiene 179,Beauty & Personal Care,Personal Hygiene,SELR000326,2873.45,4207.23,2023-08-06
PROD002012,Comfort Team Sports 920,Sports & Fitness,Team Sports,SELR000500,8222.61,11823.56,2023-01-11
PROD002013,Deluxe Smartphones 415,Electronics,Smartphones,SELR000436,35069.11,39176.76,2023-10-18
PROD002014,Basic Baby Care 301,Toys & Baby Products,Baby Care,SELR000185,959.55,1242.98,2024-01-22
PROD002015,Superior Toy 127,Toys & Baby Products,Toys,SELR000435,210.82,282.72,2024-06-26
PROD002016,Elite Bag 535,Fashion,Bags,SELR000017,462.48,695.39,2024-02-03
PROD002017,Ultra Makeup 243,Beauty & Personal Care,Makeup,SELR000664,1666.64,2280.22,2025-04-28
PROD002018,Advanced Watches & Jewellery 954,Fashion,Watches & Jewellery,SELR001082,3892.55,6104.54,2023-03-25
PROD002019,Trendy Fragrances 543,Beauty & Personal Care,Fragrances,SELR000664,1597.79,2051.06,2022-12-04
PROD002020,Ultra Self-Help 285,Books,Self-Help,SELR000229,1038.0,1169.01,2023-06-15
PROD002021,Elite Toys 179,Toys & Baby Products,Toys,SELR000908,2892.29,3492.18,2023-01-19
PROD002022,Ultra Women's Clothing 413,Fashion,Women's Clothing,SELR000984,399.82,563.9,2023-09-19
PROD002023,Compact Cycling 513,Sports & Fitness,Cycling,SELR000266,4100.91,5843.2,2023-12-01
PROD002024,Signature Outdoor Gear 991,Sports & Fitness,Outdoor Gear,SELR000523,3063.13,4233.07,2023-01-17
PROD002025,Elite Watches & Jewellery 384,Fashion,Watches & Jewellery,SELR000561,577.68,948.19,2025-02-04
PROD002026,Classic Grooming Tools 525,Beauty & Personal Care,Grooming Tools,SELR000985,445.83,679.39,2023-08-01
PROD002027,Deluxe Outdoor Gear 180,Sports & Fitness,Outdoor Gear,SELR000266,4860.29,6278.6,2024-07-31
PROD002028,Essential Comics 744,Books,Comics,SELR000572,233.04,289.51,2024-08-30
PROD002029,Deluxe Toys 257,Toys & Baby Products,Toys,SELR000531,4058.03,5551.73,2023-10-21
PROD002030,Elite Accessories 514,Electronics,Accessories,SELR000485,34723.55,44235.41,2023-03-10
PROD002031,Deluxe Footwear 942,Fashion,Footwear,SELR000398,648.91,965.88,2022-12-11
PROD002032,Advanced Footwear 787,Fashion,Footwear,SELR001050,1453.91,2000.59,2023-08-31
PROD002033,Trendy Men's Clothing 443,Fashion,Men's Clothing,SELR000123,2506.58,3488.19,2022-12-28
PROD002034,Everyday Cookware 971,Home & Kitchen,Cookware,SELR000795,5420.65,7266.27,2023-04-18
PROD002035,Elite Staple 810,Grocery,Staples,SELR000903,791.77,887.88,2023-01-06
PROD002036,Superior Furniture 204,Home & Kitchen,Furniture,SELR001155,3313.63,4180.63,2023-08-07
PROD002037,Pro Sportswear 295,Sports & Fitness,Sportswear,SELR001007,5471.52,7115.89,2024-05-06
PROD002038,Classic Bedding 175,Home & Kitchen,Bedding,SELR001108,3221.03,4556.45,2023-03-27
PROD002039,Pro Women's Clothing 536,Fashion,Women's Clothing,SELR000921,999.32,1395.11,2023-05-29
PROD002040,Deluxe Staples 406,Grocery,Staples,SELR000759,84.73,95.57,2023-07-09
PROD002041,Deluxe Cycling 524,Sports & Fitness,Cycling,SELR000161,658.92,846.48,2024-08-04
PROD002042,Pro Footwear 290,Fashion,Footwear,SELR000879,492.82,717.64,2024-04-08
PROD002043,Everyday Baby Care 972,Toys & Baby Products,Baby Care,SELR000085,768.91,1023.79,2023-08-31
PROD002044,Pro Home Decor 561,Home & Kitchen,Home Decor,SELR000089,3398.65,4605.91,2023-07-07
PROD002045,Smart Men's Clothing 165,Fashion,Men's Clothing,SELR000643,722.67,1167.29,2023-08-22
PROD002046,Deluxe Furniture 172,Home & Kitchen,Furniture,SELR000443,2437.38,3440.09,2023-07-15
PROD002047,Pro Team Sports 707,Sports & Fitness,Team Sports,SELR000495,1959.45,2532.89,2022-11-29
PROD002048,Everyday Bedding 661,Home & Kitchen,Bedding,SELR000201,6173.75,7783.25,2024-04-20
PROD002049,Trendy Dairy 863,Grocery,Dairy,SELR000903,1332.23,1503.66,2023-11-04
PROD002050,Pro Skincare 712,Beauty & Personal Care,Skincare,SELR000955,167.8,230.96,2023-12-26
PROD002051,Everyday Furniture 874,Home & Kitchen,Furniture,SELR001068,5547.82,6855.24,2023-01-08
PROD002052,Advanced Beverages 767,Grocery,Beverages,SELR001070,83.41,97.66,2025-07-17
PROD002053,Trendy Furniture 221,Home & Kitchen,Furniture,SELR000697,1289.75,1620.7,2025-05-17
PROD002054,Trendy Bedding 534,Home & Kitchen,Bedding,SELR000336,448.81,611.45,2022-12-11
PROD002055,Pro Headphones 489,Electronics,Headphones,SELR000469,9311.63,11328.47,2022-12-18
PROD002056,Advanced Bedding 451,Home & Kitchen,Bedding,SELR000275,15158.48,18702.94,2023-01-20
PROD002057,Advanced Kitchen Appliances 657,Home & Kitchen,Kitchen Appliances,SELR000649,673.92,858.43,2025-10-04
PROD002058,Premium Men's Clothing 601,Fashion,Men's Clothing,SELR001183,859.12,1153.25,2023-08-19
PROD002059,Superior Haircare 454,Beauty & Personal Care,Haircare,SELR000848,448.91,671.05,2024-01-24
PROD002060,Classic Men's Clothing 910,Fashion,Men's Clothing,SELR000824,401.21,650.29,2023-11-11
PROD002061,Compact Men's Clothing 435,Fashion,Men's Clothing,SELR000561,3481.86,5151.57,2023-10-29
PROD002062,Essential Grooming Tools 757,Beauty & Personal Care,Grooming Tools,SELR001077,1912.63,2799.03,2023-01-19
PROD002063,Deluxe Footwear 446,Fashion,Footwear,SELR000264,701.04,1049.19,2024-02-01
PROD002064,Everyday Haircare 826,Beauty & Personal Care,Haircare,SELR000723,174.66,244.31,2025-03-20
PROD002065,Advanced Sportswear 933,Sports & Fitness,Sportswear,SELR000519,5982.16,8053.85,2024-12-09
PROD002066,Comfort Kids Wear 783,Fashion,Kids Wear,SELR000741,754.21,1155.64,2023-09-18
PROD002067,Advanced Headphones 952,Electronics,Headphones,SELR000950,58709.9,65294.02,2023-10-17
PROD002068,Deluxe Bedding 921,Home & Kitchen,Bedding,SELR001023,1160.27,1457.14,2023-05-30
PROD002069,Essential Headphones 887,Electronics,Headphones,SELR001199,53788.66,64452.92,2023-10-22
PROD002070,Essential Furniture 850,Home & Kitchen,Furniture,SELR000366,510.14,694.2,2023-10-12
PROD002071,Comfort Team Sports 756,Sports & Fitness,Team Sports,SELR000523,1551.86,1885.25,2023-08-21
PROD002072,Comfort Personal Hygiene 596,Beauty & Personal Care,Personal Hygiene,SELR000183,1939.64,2837.22,2023-05-03
PROD002073,Premium Kitchen Appliances 475,Home & Kitchen,Kitchen Appliances,SELR000961,306.5,441.59,2024-12-31
PROD002074,Pro Baby Gear 391,Toys & Baby Products,,SELR001062,262.2,314.66,2023-09-09
PROD002075,Comfort Smartphones 764,Electronics,Smartphones,SELR000831,5237.25,5893.69,2023-06-27
PROD002076,Ultra Diaper 417,Toys & Baby Products,Diapers,SELR000029,1107.53,1415.27,2023-11-14
PROD002077,Compact Dairy 329,Grocery,Dairy,SELR000395,61.91,72.94,2025-09-11
PROD002078,Basic Kitchen Appliances 675,Home & Kitchen,Kitchen Appliances,SELR000925,1171.56,1541.05,2024-02-09
PROD002079,Everyday Men's Clothing 129,Fashion,Men's Clothing,SELR000611,585.18,932.16,2023-10-31
PROD002080,Comfort Kids Wear 396,Fashion,Kids Wear,SELR000685,441.53,593.71,2023-09-16
PROD002081,Elite Baby Gear 429,Toys & Baby Products,Baby Gear,SELR000207,3299.47,4110.61,2023-03-29
PROD002082,Deluxe Footwear 310,Fashion,Footwear,SELR000098,2984.6,4483.95,2023-05-07
PROD002083,Elite Staples 357,Grocery,Staples,SELR000666,751.63,803.06,2024-02-06
PROD002084,Smart Cookware 770,Home & Kitchen,Cookware,SELR001023,15509.04,19990.31,2023-10-24
PROD002085,Classic Furniture 962,Home & Kitchen,Furniture,SELR000847,381.39,532.39,2023-01-17
PROD002086,Everyday Makeup 206,Beauty & Personal Care,Makeup,SELR000016,213.13,288.87,2023-12-02
PROD002087,Classic Kids Wear 380,Fashion,Kids Wear,SELR000966,1394.43,1846.24,2023-01-20
PROD002088,Compact Furniture 169,Home & Kitchen,Furniture,SELR000410,685.79,913.8,2025-04-28
PROD002089,Ultra Baby Gear 651,Toys & Baby Products,Baby Gear,SELR000175,658.56,882.08,2023-06-06
PROD002090,Elite Bag 114,Fashion,Bags,SELR000741,2053.87,2923.78,2025-05-17
PROD002091,Advanced Diapers 627,Toys & Baby Products,Diapers,SELR000419,619.37,785.42,2023-07-12
PROD002092,Smart Baby Gear 589,Toys & Baby Products,Baby Gear,SELR000455,493.64,598.66,2023-02-05
PROD002093,Smart Smartphones 675,Electronics,Smartphones,SELR000791,10257.1,11601.81,2023-09-27
PROD002094,Superior Skincare 453,Beauty & Personal Care,Skincare,SELR001132,1203.67,1519.82,2025-06-11
PROD002095,Deluxe Bags 350,Fashion,Bags,SELR000691,297.24,416.02,2023-12-23
PROD002096,Ultra Personal Hygiene 162,Beauty & Personal Care,Personal Hygiene,SELR000700,492.09,717.51,2023-06-19
PROD002097,Superior Baby Gear 137,Toys & Baby Products,Baby Gear,SELR000754,1699.04,2452.3,2023-07-29
PROD002098,Compact Toy 506,Toys & Baby Products,Toys,SELR000629,514.76,625.35,2023-01-27
PROD002099,Smart Diapers 106,Toys & Baby Products,Diapers,SELR000219,3073.92,4250.18,2023-05-05
PROD002100,Elite Footwear 833,Fashion,Footwear,SELR000398,304.4,404.61,2023-08-12
PROD002101,Trendy Haircare 232,Beauty & Personal Care,Haircare,SELR000197,556.53,752.71,2023-06-06
PROD002102,Comfort Kids Wear 606,Fashion,Kids Wear,SELR000798,1401.36,1929.26,2024-02-25
PROD002103,Classic Educational Toy 984,Toys & Baby Products,Educational Toys,SELR000948,4335.59,5757.81,2023-04-03
PROD002104,Trendy Bag 757,Fashion,Bags,SELR000268,2189.26,2942.42,2025-03-09
PROD002105,Signature Footwear 937,Fashion,Footwear,SELR000975,1487.13,2383.59,2023-12-31
PROD002106,Everyday Accessorie 100,Electronics,Accessories,SELR000880,885.11,1059.65,2023-07-22
PROD002107,Compact Kids Wear 977,Fashion,Kids Wear,SELR001183,510.14,748.6,2022-12-29
PROD002108,Superior Bag 702,Fashion,Bags,SELR000129,2643.85,4075.56,2024-01-31
PROD002109,Classic Cameras 811,Electronics,Cameras,SELR000950,22082.59,25132.26,2023-03-02
PROD002110,Ultra Dairy 538,Grocery,Dairy,SELR000783,779.02,883.16,2025-07-30
PROD002111,Trendy Non-Fiction 240,Books,Non-Fiction,SELR000412,117.69,150.08,2023-05-04
PROD002112,Advanced Kids Wear 332,Fashion,Kids Wear,SELR000384,293.72,384.79,2023-05-03
PROD002113,Pro Self-Help 947,Books,Self-Help,SELR000650,792.57,889.54,2023-03-04
PROD002114,Ultra Furniture 244,Home & Kitchen,Furniture,SELR000762,430.89,527.37,2023-02-13
PROD002115,Classic Self-Help 380,Books,Self-Help,SELR000011,890.14,1004.12,2023-11-30
PROD002116,Comfort Bag 230,Fashion,Bags,SELR000429,734.1,1010.08,2024-04-03
PROD002117,Deluxe Makeup 569,Beauty & Personal Care,Makeup,SELR000313,360.41,481.94,2023-08-09
PROD002118,Pro Furniture 456,Home & Kitchen,Furniture,SELR000609,11373.43,15886.43,2023-04-22
PROD002119,Essential Bag 141,Fashion,Bags,SELR000444,3227.58,5009.26,2025-07-08
PROD002120,Signature Personal Hygiene 133,Beauty & Personal Care,Personal Hygiene,SELR000876,347.53,453.78,2023-07-06
PROD002121,Smart Self-Help 122,Books,Self-Help,SELR000547,371.26,439.64,2023-04-18
PROD002122,Everyday Academic 260,Books,Academic,SELR001121,492.95,555.56,2023-08-28
PROD002123,Deluxe Women's Clothing 768,Fashion,Women's Clothing,SELR000188,1963.03,2757.75,2023-06-29
PROD002124,Compact Kitchen Appliances 113,Home & Kitchen,Kitchen Appliances,SELR000870,1990.92,2877.05,2023-11-15
PROD002125,Essential Comics 607,Books,Comics,SELR000475,169.52,193.45,2023-11-19
PROD002126,Essential Accessories 709,Electronics,Accessories,SELR000902,2012.79,2341.41,2023-09-14
PROD002127,Superior Headphone 347,Electronics,Headphones,SELR001028,8456.77,10794.57,2025-05-23
PROD002128,Superior Furniture 134,Home & Kitchen,Furniture,SELR000681,10565.88,14627.82,2024-01-11
PROD002129,Premium Kids Wear 187,Fashion,Kids Wear,SELR000561,2006.32,2807.5,2023-10-12
PROD002130,Essential Storage 976,Home & Kitchen,Storage,SELR000072,13402.65,18014.46,2023-10-31
PROD002131,Pro Smartphones 612,Electronics,Smartphones,SELR000176,1634.84,2077.97,2023-09-21
PROD002132,Signature Makeup 985,Beauty & Personal Care,Makeup,SELR000573,612.74,794.51,2023-07-23
PROD002133,Basic Fitness Equipment 858,Sports & Fitness,Fitness Equipment,SELR000359,4058.67,5107.63,2023-08-13
PROD002134,Deluxe Fiction 466,Books,Fiction,SELR000684,158.12,184.71,2023-01-20
PROD002135,Signature Cycling 887,Sports & Fitness,Cycling,SELR000099,2134.48,2717.51,2024-01-23
PROD002136,Premium Kitchen Appliance 489,Home & Kitchen,Kitchen Appliances,SELR000653,354.56,464.17,2023-12-01
PROD002137,Deluxe Baby Feeding 592,Toys & Baby Products,Baby Feeding,SELR000231,341.22,453.09,2024-01-19
PROD002138,Classic Fitness Equipment 923,Sports & Fitness,Fitness Equipment,SELR000788,1312.8,1600.99,2025-05-12
PROD002139,Deluxe Makeup 805,Beauty & Personal Care,Makeup,SELR000084,264.31,352.71,2023-03-28
PROD002140,Compact Men's Clothing 461,Fashion,Men's Clothing,SELR000391,1014.88,1611.41,2025-04-03
PROD002141,Superior Team Sports 868,Sports & Fitness,Team Sports,SELR000403,489.48,606.74,2023-12-30
PROD002142,Elite Haircare 715,Beauty & Personal Care,,SELR001178,120.4,172.4,2023-03-13
PROD002143,Superior Fitness Equipment 399,Sports & Fitness,Fitness Equipment,SELR000161,758.69,1037.54,2023-09-05
PROD002144,Classic Self-Help 275,Books,Self-Help,SELR000412,553.91,624.83,2023-09-25
PROD002145,Smart Diapers 381,Toys & Baby Products,Diapers,SELR000772,650.55,938.09,2023-02-19
PROD002146,Pro Baby Feeding 989,Toys & Baby Products,Baby Feeding,SELR000845,393.64,524.48,2023-01-04
PROD002147,Basic Personal Hygiene 337,Beauty & Personal Care,Personal Hygiene,SELR000218,677.66,900.05,2022-12-12
PROD002148,Everyday Diaper 248,Toys & Baby Products,Diapers,SELR000967,2305.71,2768.97,2023-11-24
PROD002149,Pro Baby Care 777,Toys & Baby Products,Baby Care,SELR000772,332.25,447.92,2023-04-09
PROD002150,Advanced Accessories 574,Electronics,Accessories,SELR000308,45181.32,49776.96,2023-03-11
PROD002151,Deluxe Makeup 140,Beauty & Personal Care,Makeup,SELR000760,830.15,1038.53,2024-01-19
PROD002152,Ultra Kids Wear 172,Fashion,Kids Wear,SELR001005,1512.68,2184.39,2023-08-26
PROD002153,Signature Watches & Jewellery 922,Fashion,Watches & Jewellery,SELR000234,877.6,1438.07,2022-12-08
PROD002154,Basic Footwear 618,Fashion,Footwear,SELR000188,1796.16,2458.49,2023-04-15
PROD002155,Superior Storage 297,Home & Kitchen,Storage,SELR001168,17804.82,22773.01,2023-07-03
PROD002156,Elite Tablet 286,Electronics,Tablets,SELR000991,16332.43,19965.63,2023-07-04
PROD002157,Smart Women's Clothing 157,Fashion,Women's Clothing,SELR000643,2914.58,4195.84,2023-11-22
PROD002158,Essential Smart Watches 144,Electronics,Smart Watches,SELR000286,17071.01,20701.49,2025-04-14
PROD002159,Pro Cycling 337,Sports & Fitness,Cycling,SELR000821,1194.13,1706.4,2022-12-11
PROD002160,Pro Baby Feeding 445,Toys & Baby Products,Baby Feeding,SELR000492,362.87,455.79,2023-04-08
PROD002161,Elite Baby Care 583,Toys & Baby Products,Baby Care,SELR000513,1368.03,1706.71,2023-08-30
PROD002162,Everyday Bedding 387,Home & Kitchen,Bedding,SELR000303,8973.82,11649.15,2025-01-03
PROD002163,Basic Women's Clothing 530,Fashion,Women's Clothing,SELR001078,844.37,1299.33,2023-08-16
PROD002164,Advanced Snack 877,Grocery,Snacks,SELR000174,956.94,1093.58,2023-01-01
PROD002165,Signature Accessorie 811,Electronics,Accessories,SELR000208,1210.61,1405.34,2024-06-16
PROD002166,Signature Educational Toy 268,Toys & Baby Products,Educational Toys,SELR000231,2081.35,2969.96,2022-12-31
PROD002167,Ultra Sportswear 715,Sports & Fitness,Sportswear,SELR001084,2679.6,3614.89,2024-07-23
PROD002168,Advanced Bedding 470,Home & Kitchen,Bedding,SELR000932,1417.2,1884.81,2023-06-26
PROD002169,Everyday Smartphone 792,Electronics,Smartphones,SELR000726,5352.64,5941.07,2024-02-07
PROD002170,Essential Tablet 642,Electronics,Tablets,SELR000474,880.69,1066.64,2023-01-04
PROD002171,Premium Haircare 310,Beauty & Personal Care,Haircare,SELR001131,619.31,819.63,2024-01-01
PROD002172,Superior Furniture 648,Home & Kitchen,Furniture,SELR000762,11602.93,14706.9,2023-06-04
PROD002173,Essential Dairy 150,Grocery,Dairy,SELR000404,464.78,536.64,2023-07-09
PROD002174,Elite Cycling 439,Sports & Fitness,,SELR000433,6238.51,8795.56,2023-10-14
PROD002175,Compact Kitchen Appliances 604,Home & Kitchen,Kitchen Appliances,SELR000446,7749.91,10270.91,2023-09-09
PROD002176,Deluxe Watches & Jewellery 734,Fashion,Watches & Jewellery,SELR000969,1517.47,2428.25,2024-08-13
PROD002177,Smart Bedding 233,Home & Kitchen,Bedding,SELR001155,1676.72,2304.3,2024-12-21
PROD002178,Ultra Watches & Jewellery 167,Fashion,Watches & Jewellery,SELR001182,396.46,593.76,2023-03-08
PROD002179,Signature Fitness Equipment 438,Sports & Fitness,Fitness Equipment,SELR000717,356.31,486.39,2023-04-02
PROD002180,Basic Grooming Tools 316,Beauty & Personal Care,Grooming Tools,SELR000822,403.62,532.11,2024-01-04
PROD002181,Essential Personal Care Essentials 407,Grocery,Personal Care Essentials,SELR000389,123.03,140.77,2023-12-04
PROD002182,Classic Cookware 566,Home & Kitchen,Cookware,SELR000414,12352.13,15101.65,2024-11-04
PROD002183,Classic Footwear 108,Fashion,Footwear,SELR000400,406.1,628.24,2024-05-02
PROD002184,Advanced Dairy 367,Grocery,Dairy,SELR000395,277.58,304.86,2023-09-10
PROD002185,Trendy Team Sport 337,Sports & Fitness,Team Sports,SELR000161,2883.79,4085.74,2024-02-12
PROD002186,Trendy Cycling 808,Sports & Fitness,Cycling,SELR000728,575.12,759.97,2024-03-08
PROD002187,Pro Haircare 325,Beauty & Personal Care,Haircare,SELR001139,128.3,196.78,2024-05-19
PROD002188,Pro Staples 235,Grocery,Staples,SELR000292,690.38,773.65,2024-03-07
PROD002189,Advanced Kids Wear 444,Fashion,Kids Wear,SELR000764,4397.11,6055.16,2024-02-14
PROD002190,Everyday Bedding 265,Home & Kitchen,Bedding,SELR000847,6309.77,8814.66,2022-12-31
PROD002191,Smart Non-Fiction 775,Books,Non-Fiction,SELR000654,786.87,978.34,2025-10-16
PROD002192,Smart Smartphones 690,Electronics,Smartphones,SELR000687,1849.63,2065.0,2024-02-11
PROD002193,Comfort Beverages 889,Grocery,Beverages,SELR000142,60.75,70.65,2023-11-24
PROD002194,Classic Footwear 244,Fashion,Footwear,SELR000698,799.01,1191.45,2024-02-04
PROD002195,Pro Camera 534,Electronics,Cameras,SELR000190,894.43,1063.0,2023-06-08
PROD002196,Elite Smartphones 593,Electronics,Smartphones,SELR000636,4838.63,5788.06,2025-06-15
PROD002197,Ultra Dairy 103,Grocery,Dairy,SELR000269,130.23,139.22,2025-05-23
PROD002198,Elite Children's Books 887,Books,Children's Books,SELR000733,110.48,142.62,2025-04-21
PROD002199,Advanced Bags 235,Fashion,Bags,SELR000129,1431.85,2183.84,2023-12-30
PROD002200,Compact Tablets 582,Electronics,Tablets,SELR000515,44810.34,53734.54,2024-04-06
PROD002201,Trendy Footwear 549,Fashion,Footwear,SELR000037,1481.24,2196.78,2023-02-27
PROD002202,Superior Men's Clothing 232,Fashion,Men's Clothing,SELR000888,415.75,585.81,2023-07-13
PROD002203,Trendy Children's Books 201,Books,Children's Books,SELR000314,899.2,1078.95,2023-05-11
PROD002204,Smart Men's Clothing 891,Fashion,Men's Clothing,SELR000534,451.03,717.05,2024-11-13
PROD002205,Basic Bags 724,Fashion,Bags,SELR000722,321.76,490.31,2025-09-02
PROD002206,Everyday Smart Watche 859,Electronics,Smart Watches,SELR000919,17386.18,20075.44,2024-11-28
PROD002207,Trendy Personal Hygiene 793,Beauty & Personal Care,Personal Hygiene,SELR000217,205.34,284.29,2024-10-09
PROD002208,Trendy Team Sports 794,Sports & Fitness,Team Sports,SELR000594,4401.41,6257.36,2023-09-04
PROD002209,Essential Sportswear 468,Sports & Fitness,Sportswear,SELR000177,5634.07,6915.16,2025-09-08
PROD002210,Premium Skincare 770,Beauty & Personal Care,Skincare,SELR000669,245.82,352.77,2023-12-16
PROD002211,Elite Baby Gear 986,Toys & Baby Products,Baby Gear,SELR000203,1808.0,2173.55,2024-08-13
PROD002212,Smart Cookware 988,Home & Kitchen,Cookware,SELR000683,537.82,667.77,2024-09-04
PROD002213,Everyday Dairy 525,Grocery,Dairy,SELR001036,113.93,130.08,2023-09-21
PROD002214,Elite Cycling 809,Sports & Fitness,Cycling,SELR001032,9509.81,11624.61,2023-09-04
PROD002215,Elite Cameras 518,Electronics,Cameras,SELR001175,7406.88,8644.15,2023-07-23
PROD002216,Compact Snacks 684,Grocery,Snacks,SELR000195,142.51,152.23,2025-01-06
PROD002217,Essential Grooming Tools 996,Beauty & Personal Care,Grooming Tools,SELR000757,303.55,402.43,2023-01-09
PROD002218,Deluxe Fitness Equipment 980,Sports & Fitness,Fitness Equipment,SELR000993,3786.81,5151.82,2022-12-27
PROD002219,Ultra Footwear 722,Fashion,Footwear,SELR000561,1572.83,2330.53,2025-10-19
PROD002220,Ultra Kitchen Appliance 314,Home & Kitchen,Kitchen Appliances,SELR000201,1217.31,1553.37,2023-07-17
PROD002221,Compact Diaper 714,Toys & Baby Products,Diapers,SELR000302,156.05,193.04,2024-01-08
PROD002222,Compact Women's Clothing 308,Fashion,Women's Clothing,SELR000722,472.01,774.78,2025-08-16
PROD002223,Compact Headphone 596,Electronics,Headphones,SELR001162,57079.64,70674.87,2022-12-26
PROD002224,Classic Men's Clothing 474,Fashion,Men's Clothing,SELR000002,1459.03,2238.28,2023-10-08
PROD002225,Pro Kitchen Appliance 818,Home & Kitchen,Kitchen Appliances,SELR001175,3507.42,4800.86,2023-07-15
PROD002226,Ultra Personal Care Essential 660,Grocery,Personal Care Essentials,SELR000783,70.73,83.26,2023-04-18
PROD002227,Basic Outdoor Gear 875,Sports & Fitness,Outdoor Gear,SELR000993,4430.45,5575.99,2022-12-05
PROD002228,Ultra Toys 451,Toys & Baby Products,Toys,SELR001101,908.48,1269.42,2023-12-01
PROD002229,Pro Furniture 750,Home & Kitchen,Furniture,SELR000872,12511.28,16368.31,2024-05-20
PROD002230,Essential Home Decor 889,Home & Kitchen,Home Decor,SELR000456,2174.04,2807.27,2023-08-24
PROD002231,Pro Women's Clothing 564,Fashion,Women's Clothing,SELR000793,742.42,1024.32,2025-08-12
PROD002232,Compact Footwear 537,Fashion,Footwear,SELR000067,272.58,394.07,2024-01-31
PROD002233,Compact Academic 133,Books,Academic,SELR000953,320.28,403.67,2022-12-25
PROD002234,Comfort Laptops 579,Electronics,Laptops,SELR000880,7965.35,9229.86,2023-11-01
PROD002235,Smart Men's Clothing 645,Fashion,Men's Clothing,SELR001197,953.75,1505.64,2023-10-27
PROD002236,Compact Toys 217,Toys & Baby Products,Toys,SELR000060,810.07,1084.52,2023-10-26
PROD002237,Pro Personal Hygiene 508,Beauty & Personal Care,Personal Hygiene,SELR000664,209.42,262.26,2023-08-30
PROD002238,Ultra Cameras 635,Electronics,Cameras,SELR000729,47709.86,54782.07,2023-04-16
PROD002239,Superior Team Sports 424,Sports & Fitness,Team Sports,SELR000116,829.99,1019.81,2024-07-02
PROD002240,Ultra Storage 455,Home & Kitchen,Storage,SELR001053,2450.81,3405.48,2023-06-18
PROD002241,Ultra Snacks 788,Grocery,Snacks,SELR000703,439.27,510.72,2025-07-16
PROD002242,Pro Outdoor Gear 363,Sports & Fitness,Outdoor Gear,SELR000898,646.54,826.71,2023-11-04
PROD002243,Smart Cameras 333,Electronics,Cameras,SELR000526,55868.23,66046.75,2023-07-04
PROD002244,Compact Footwear 795,Fashion,Footwear,SELR001127,2789.22,4222.94,2023-10-25
PROD002245,Superior Bags 109,Fashion,Bags,SELR000921,421.67,689.48,2024-02-15
PROD002246,Elite Fitness Equipment 376,Sports & Fitness,Fitness Equipment,SELR000545,754.99,1027.12,2023-10-11
PROD002247,Deluxe Storage 789,Home & Kitchen,Storage,SELR000069,850.53,1150.26,2023-05-09
PROD002248,Trendy Self-Help 229,Books,Self-Help,SELR000511,381.91,445.68,2024-11-08
PROD002249,Ultra Cookware 799,Home & Kitchen,Cookware,SELR000358,17191.17,21529.49,2024-01-05
PROD002250,Pro Women's Clothing 694,Fashion,Women's Clothing,SELR000587,899.58,1179.34,2022-12-04
PROD002251,Superior Smartphones 857,Electronics,Smartphones,SELR000474,16105.33,19055.48,2023-07-19
PROD002252,Deluxe Watches & Jewellery 528,Fashion,Watches & Jewellery,SELR000125,1261.85,1948.9,2025-07-01
PROD002253,Essential Bedding 728,Home & Kitchen,Bedding,SELR000512,6849.27,9877.61,2025-03-13
PROD002254,Pro Fragrances 738,Beauty & Personal Care,Fragrances,SELR000910,1936.4,2608.61,2022-12-11
PROD002255,Deluxe Baby Care 565,Toys & Baby Products,Baby Care,SELR000558,1921.44,2342.22,2023-10-07
PROD002256,Everyday Kids Wear 196,Fashion,Kids Wear,SELR000255,370.61,541.41,2024-05-07
PROD002257,Premium Outdoor Gear 980,Sports & Fitness,Outdoor Gear,SELR001080,1313.14,1741.8,2023-10-29
PROD002258,Pro Watches & Jewellery 151,Fashion,Watches & Jewellery,SELR000561,987.28,1505.1,2023-08-05
PROD002259,Smart Outdoor Gear 965,Sports & Fitness,Outdoor Gear,SELR000325,9954.07,12374.62,2025-01-09
PROD002260,Classic Accessories 329,Electronics,Accessories,SELR000332,3852.83,4289.62,2023-07-17
PROD002261,Pro Yoga Accessories 954,Sports & Fitness,Yoga Accessories,SELR001069,453.56,656.22,2025-05-21
PROD002262,Advanced Kids Wear 626,Fashion,Kids Wear,SELR001090,280.28,385.33,2023-01-05
PROD002263,Trendy Footwear 392,Fashion,Footwear,SELR000582,857.67,1202.82,2024-01-10
PROD002264,Comfort Skincare 362,Beauty & Personal Care,Skincare,SELR000701,694.02,1073.74,2023-11-18
PROD002265,Deluxe Cookware 129,Home & Kitchen,Cookware,SELR001158,5355.76,7033.98,2024-02-15
PROD002266,Deluxe Furniture 627,Home & Kitchen,Furniture,SELR000709,4914.58,6981.74,2024-03-14
PROD002267,Basic Footwear 486,Fashion,Footwear,SELR001020,484.62,751.61,2023-03-03
PROD002268,Deluxe Diapers 301,Toys & Baby Products,Diapers,SELR000662,1291.41,1786.6,2024-07-03
PROD002269,Essential Kids Wear 945,Fashion,Kids Wear,SELR000299,318.85,496.3,2023-06-04
PROD002270,Basic Skincare 862,Beauty & Personal Care,Skincare,SELR000362,1516.33,2208.04,2025-04-01
PROD002271,Compact Beverages 486,Grocery,Beverages,SELR000155,64.9,70.05,2023-11-23
PROD002272,Elite Outdoor Gear 515,Sports & Fitness,Outdoor Gear,SELR000301,4111.26,5599.24,2023-10-11
PROD002273,Ultra Men's Clothing 413,Fashion,Men's Clothing,SELR001189,4292.11,6262.88,2023-05-28
PROD002274,Advanced Personal Hygiene 448,Beauty & Personal Care,Personal Hygiene,SELR000819,251.05,371.78,2023-01-08
PROD002275,Classic Smart Watche 886,Electronics,Smart Watches,SELR000726,21510.03,25684.84,2023-10-12
PROD002276,Essential Grooming Tools 299,Beauty & Personal Care,Grooming Tools,SELR001109,1324.69,1779.29,2025-02-22
PROD002277,Deluxe Kitchen Appliances 760,Home & Kitchen,Kitchen Appliances,SELR000352,725.61,906.29,2024-08-26
PROD002278,Ultra Fiction 765,Books,Fiction,SELR000511,204.35,252.95,2023-06-01
PROD002279,Elite Personal Care Essential 713,Grocery,Personal Care Essentials,SELR000139,82.45,96.14,2023-11-19
PROD002280,Smart Kids Wear 777,Fashion,Kids Wear,SELR001167,514.59,792.24,2023-08-31
PROD002281,Deluxe Smart Watche 323,Electronics,Smart Watches,SELR000332,8140.39,9264.41,2025-07-24
PROD002282,Signature Furniture 983,Home & Kitchen,Furniture,SELR000525,2924.99,4210.78,2023-03-20
PROD002283,Advanced Haircare 125,Beauty & Personal Care,Haircare,SELR000199,2506.6,3352.52,2023-12-22
PROD002284,Essential Storage 128,Home & Kitchen,Storage,SELR000628,2698.23,3385.46,2023-08-23
PROD002285,Advanced Fragrances 378,Beauty & Personal Care,Fragrances,SELR000556,543.08,731.23,2024-08-25
PROD002286,Compact Bedding 979,Home & Kitchen,Bedding,SELR001171,13485.99,18415.35,2023-05-11
PROD002287,Advanced Diapers 206,Toys & Baby Products,Diapers,SELR000302,286.89,415.44,2023-12-06
PROD002288,Trendy Storage 760,Home & Kitchen,Storage,SELR000815,5146.01,6437.53,2023-08-24
PROD002289,Superior Camera 680,Electronics,Cameras,SELR001121,26921.08,32315.0,2024-12-06
PROD002290,Essential Footwear 395,Fashion,Footwear,SELR000397,795.02,1088.15,2023-10-26
PROD002291,Essential Fragrance 634,Beauty & Personal Care,Fragrances,SELR001170,293.57,381.69,2024-09-15
PROD002292,Ultra Footwear 781,Fashion,Footwear,SELR000979,2549.0,3557.23,2025-01-20
PROD002293,Advanced Bags 347,Fashion,Bags,SELR001041,972.46,1593.63,2023-09-16
PROD002294,Trendy Kids Wear 714,Fashion,Kids Wear,SELR000724,4429.76,6985.48,2023-02-25
PROD002295,Advanced Fiction 680,Books,Fiction,SELR001117,726.59,937.36,2025-08-22
PROD002296,Basic Educational Toy 789,Toys & Baby Products,Educational Toys,SELR000652,2452.2,3219.1,2023-01-05
PROD002297,Deluxe Men's Clothing 333,Fashion,Men's Clothing,SELR000797,297.61,408.6,2023-03-20
PROD002298,Ultra Women's Clothing 569,Fashion,Women's Clothing,SELR000552,903.59,1258.6,2023-01-20
PROD002299,Trendy Bedding 798,Home & Kitchen,Bedding,SELR000281,1154.67,1424.35,2025-09-06
PROD002300,Pro Women's Clothing 863,Fashion,Women's Clothing,SELR000206,1233.14,1754.82,2023-02-11
PROD002301,Elite Diapers 443,Toys & Baby Products,Diapers,SELR000511,371.77,502.85,2023-06-20
PROD002302,Everyday Cookware 298,Home & Kitchen,Cookware,SELR000037,931.69,1238.72,2023-04-25
PROD002303,Advanced Yoga Accessorie 174,Sports & Fitness,Yoga Accessories,SELR001027,548.49,751.5,2023-09-25
PROD002304,Premium Diapers 911,Toys & Baby Products,Diapers,SELR000778,2998.21,3659.1,2022-12-10
PROD002305,Comfort Makeup 532,Beauty & Personal Care,Makeup,SELR000738,1679.9,2529.1,2023-05-31
PROD002306,Essential Women's Clothing 768,Fashion,Women's Clothing,SELR000695,4066.19,6464.19,2025-06-20
PROD002307,Signature Grooming Tool 109,Beauty & Personal Care,Grooming Tools,SELR001131,710.22,902.74,2025-03-31
PROD002308,Signature Storage 189,Home & Kitchen,Storage,SELR000336,406.91,514.84,2023-12-22
PROD002309,Classic Storage 209,Home & Kitchen,Storage,SELR000723,1871.25,2694.14,2023-02-14
PROD002310,Signature Toy 507,Toys & Baby Products,Toys,SELR000837,277.42,370.27,2023-10-21
PROD002311,Classic Kids Wear 806,Fashion,Kids Wear,SELR000243,4474.98,5839.05,2023-04-05
PROD002312,Comfort Storage 854,Home & Kitchen,Storage,SELR000633,363.63,466.21,2023-05-09
PROD002313,Classic Kids Wear 931,Fashion,Kids Wear,SELR000098,479.25,706.66,2023-07-25
PROD002314,Smart Watches & Jewellery 276,Fashion,Watches & Jewellery,SELR000722,842.79,1267.8,2023-10-18
PROD002315,Everyday Makeup 552,Beauty & Personal Care,Makeup,SELR000179,192.66,280.46,2023-07-27
PROD002316,Ultra Non-Fiction 143,Books,Non-Fiction,SELR001067,169.15,203.21,2023-08-18
PROD002317,Advanced Haircare 315,Beauty & Personal Care,Haircare,SELR000018,133.6,198.98,2023-04-09
PROD002318,Trendy Men's Clothing 652,Fashion,Men's Clothing,SELR000009,1531.55,2102.92,2023-09-27
PROD002319,Deluxe Headphones 479,Electronics,Headphones,SELR000109,11280.52,13295.91,2022-12-29
PROD002320,Compact Home Decor 854,Home & Kitchen,Home Decor,SELR000206,8837.92,12781.9,2023-01-06
PROD002321,Ultra Bedding 153,Home & Kitchen,Bedding,SELR001036,499.5,665.7,2023-02-08
PROD002322,Basic Self-Help 943,Books,Self-Help,SELR001052,188.46,236.5,2024-01-03
PROD002323,Comfort Fitness Equipment 138,Sports & Fitness,Fitness Equipment,SELR001080,230.31,307.73,2023-09-05
PROD002324,Trendy Staples 982,Grocery,Staples,SELR000703,857.63,949.15,2023-05-06
PROD002325,Elite Fiction 138,Books,Fiction,SELR000412,800.82,918.09,2023-09-10
PROD002326,Comfort Cookware 453,Home & Kitchen,Cookware,SELR000258,12883.78,18063.49,2023-03-30
PROD002327,Essential Makeup 332,Beauty & Personal Care,Makeup,SELR000283,422.58,544.79,2023-10-30
PROD002328,Smart Children's Book 817,Books,Children's Books,SELR000348,362.69,449.98,2023-05-25
PROD002329,Comfort Baby Feeding 842,Toys & Baby Products,Baby Feeding,SELR000449,235.74,337.88,2023-09-07
PROD002330,Premium Kitchen Appliances 380,Home & Kitchen,Kitchen Appliances,SELR000353,6812.72,9802.65,2023-03-20
PROD002331,Advanced Team Sports 343,Sports & Fitness,Team Sports,SELR000728,680.97,890.96,2022-12-13
PROD002332,Superior Storage 819,Home & Kitchen,Storage,SELR000288,801.81,1028.7,2024-02-27
PROD002333,Superior Comic 294,Books,Comics,SELR000533,142.25,162.53,2023-09-23
PROD002334,Deluxe Baby Feeding 595,Toys & Baby Products,Baby Feeding,SELR001195,1576.21,1953.3,2023-09-20
PROD002335,Ultra Diapers 708,Toys & Baby Products,Diapers,SELR000085,239.5,319.4,2025-08-08
PROD002336,Smart Bags 345,Fashion,Bags,SELR001111,1912.71,3007.38,2024-01-13
PROD002337,Comfort Kids Wear 923,Fashion,Kids Wear,SELR000264,1337.51,1833.12,2022-12-05
PROD002338,Smart Fiction 800,Books,Fiction,SELR000536,413.77,510.03,2024-02-07
PROD002339,Compact Makeup 106,Beauty & Personal Care,Makeup,SELR000322,275.41,356.21,2023-06-26
PROD002340,Signature Baby Care 178,Toys & Baby Products,Baby Care,SELR000407,3852.52,4715.44,2025-06-01
PROD002341,Basic Kids Wear 996,Fashion,Kids Wear,SELR000869,557.03,769.26,2024-02-01
PROD002342,Premium Dairy 759,Grocery,Dairy,SELR000944,983.05,1101.25,2023-11-30
PROD002343,Comfort Fitness Equipment 663,Sports & Fitness,,SELR000004,10045.53,14134.62,2023-05-07
PROD002344,Signature Men's Clothing 910,Fashion,Men's Clothing,SELR001117,2215.69,3017.49,2025-08-24
PROD002345,Elite Tablets 135,Electronics,Tablets,SELR000957,3637.01,4537.71,2025-02-17
PROD002346,Everyday Cycling 688,Sports & Fitness,Cycling,SELR000555,11217.51,15923.03,2023-02-04
PROD002347,Comfort Women's Clothing 862,Fashion,,SELR000913,3876.64,5910.51,2023-03-11
PROD002348,Comfort Comics 799,Books,Comics,SELR001052,330.21,400.43,2023-03-30
PROD002349,Everyday Haircare 163,Beauty & Personal Care,Haircare,SELR000760,524.96,680.59,2024-04-20
PROD002350,Essential Cookware 917,Home & Kitchen,Cookware,SELR000281,1049.09,1301.7,2023-05-30
PROD002351,Ultra Watches & Jewellery 786,Fashion,Watches & Jewellery,SELR000037,322.93,455.05,2023-12-23
PROD002352,Smart Diapers 420,Toys & Baby Products,Diapers,SELR000302,1550.67,2098.72,2024-10-28
PROD002353,Essential Fitness Equipment 379,Sports & Fitness,Fitness Equipment,SELR000004,1976.24,2741.51,2023-09-01
PROD002354,Comfort Academic 433,Books,Academic,SELR000650,284.21,340.93,2024-09-16
PROD002355,Trendy Children's Books 976,Books,Children's Books,SELR000598,360.52,408.11,2025-06-18
PROD002356,Classic Personal Hygiene 890,Beauty & Personal Care,Personal Hygiene,SELR000128,780.46,1151.24,2025-08-14
PROD002357,Classic Toys 898,Toys & Baby Products,Toys,SELR000135,378.08,534.5,2023-01-15
PROD002358,Everyday Makeup 340,Beauty & Personal Care,Makeup,SELR000571,282.71,396.91,2023-12-19
PROD002359,Compact Fragrances 861,Beauty & Personal Care,Fragrances,SELR000183,2002.83,2947.04,2023-03-14
PROD002360,Everyday Women's Clothing 607,Fashion,Women's Clothing,SELR000356,1321.71,2006.3,2025-08-08
PROD002361,Comfort Women's Clothing 586,Fashion,Women's Clothing,SELR000045,342.47,529.03,2023-11-25
PROD002362,Trendy Fiction 108,Books,Fiction,SELR001073,455.71,517.33,2024-10-19
PROD002363,Smart Bags 141,Fashion,Bags,SELR000884,358.08,587.2,2025-06-09
PROD002364,Essential Sportswear 814,Sports & Fitness,Sportswear,SELR000731,414.7,590.52,2023-10-06
PROD002365,Superior Baby Feeding 510,Toys & Baby Products,Baby Feeding,SELR000278,394.6,512.59,2024-03-18
PROD002366,Compact Kitchen Appliances 271,Home & Kitchen,Kitchen Appliances,SELR000707,2916.52,3977.99,2023-12-23
PROD002367,Advanced Tablet 790,Electronics,Tablets,SELR000485,7141.02,8303.0,2025-09-12
PROD002368,Pro Fitness Equipment 603,Sports & Fitness,Fitness Equipment,SELR000545,1540.89,2118.99,2024-11-23
PROD002369,Compact Laptops 731,Electronics,Laptops,SELR000543,4574.07,5480.39,2023-10-27
PROD002370,Advanced Children's Books 640,Books,Children's Books,SELR000829,254.97,300.71,2023-05-24
PROD002371,Deluxe Makeup 291,Beauty & Personal Care,Makeup,SELR000893,313.99,413.58,2023-11-28
PROD002372,Basic Cookware 221,Home & Kitchen,Cookware,SELR000010,6759.05,9775.58,2024-11-25
PROD002373,Ultra Grooming Tools 154,Beauty & Personal Care,Grooming Tools,SELR000682,131.74,172.42,2024-01-07
PROD002374,Deluxe Cookware 909,Home & Kitchen,Cookware,SELR000795,15549.03,20192.1,2023-06-12
PROD002375,Deluxe Men's Clothing 720,Fashion,Men's Clothing,SELR000510,769.5,1178.9,2023-01-05
PROD002376,Premium Bags 977,Fashion,Bags,SELR000966,692.88,1020.22,2023-02-16
PROD002377,Deluxe Kitchen Appliance 359,Home & Kitchen,Kitchen Appliances,SELR000977,11987.73,16182.24,2025-04-26
PROD002378,Premium Baby Feeding 699,Toys & Baby Products,Baby Feeding,SELR000656,1554.78,1950.12,2023-12-24
PROD002379,Signature Accessories 707,Electronics,Accessories,SELR000123,2525.91,3183.86,2023-03-18
PROD002380,Superior Women's Clothing 573,Fashion,Women's Clothing,SELR001090,3546.14,5611.56,2025-03-14
PROD002381,Signature Kids Wear 474,Fashion,Kids Wear,SELR000356,355.77,564.42,2023-09-01
PROD002382,Premium Furniture 414,Home & Kitchen,Furniture,SELR000369,324.57,440.51,2023-03-20
PROD002383,Signature Tablets 670,Electronics,Tablets,SELR000227,15585.54,18340.32,2024-02-20
PROD002384,Everyday Children's Books 831,Books,Children's Books,SELR000426,327.25,410.22,2025-01-16
PROD002385,Smart Smart Watches 871,Electronics,Smart Watches,SELR000915,40939.86,46429.11,2024-11-16
PROD002386,Everyday Outdoor Gear 374,Sports & Fitness,,SELR000434,352.6,478.65,2023-09-18
PROD002387,Everyday Women's Clothing 824,Fashion,,SELR000747,487.09,666.32,2023-05-23
PROD002388,Superior Home Decor 971,Home & Kitchen,Home Decor,SELR001138,690.18,873.26,2023-06-13
PROD002389,Deluxe Watches & Jewellery 938,Fashion,Watches & Jewellery,SELR000384,992.78,1625.71,2023-07-06
PROD002390,Classic Academic 199,Books,Academic,SELR000261,781.42,951.62,2023-05-21
PROD002391,Deluxe Toys 359,Toys & Baby Products,Toys,SELR000240,199.39,272.81,2023-06-15
PROD002392,Elite Bags 824,Fashion,Bags,SELR000484,920.97,1448.16,2023-02-19
PROD002393,Premium Baby Feeding 114,Toys & Baby Products,Baby Feeding,SELR000845,847.87,1159.09,2024-04-01
PROD002394,Superior Men's Clothing 551,Fashion,Men's Clothing,SELR000284,445.71,709.41,2022-12-28
PROD002395,Superior Haircare 128,Beauty & Personal Care,Haircare,SELR000485,1474.92,2009.15,2024-01-19
PROD002396,Basic Outdoor Gear 352,Sports & Fitness,Outdoor Gear,SELR000301,10340.35,12823.05,2025-06-05
PROD002397,Deluxe Bag 690,Fashion,Bags,SELR000686,264.89,415.11,2023-03-02
PROD002398,Superior Bedding 740,Home & Kitchen,Bedding,SELR000707,3507.68,4368.86,2022-12-17
PROD002399,Deluxe Headphones 658,Electronics,Headphones,SELR000507,1613.32,1812.65,2023-07-05
PROD002400,Compact Team Sports 434,Sports & Fitness,Team Sports,SELR000440,396.02,520.91,2024-03-08
PROD002401,Premium Furniture 597,Home & Kitchen,Furniture,SELR000027,369.61,495.07,2023-05-31
PROD002402,Superior Baby Care 899,Toys & Baby Products,Baby Care,SELR000513,1253.15,1731.65,2025-03-22
PROD002403,Trendy Footwear 470,Fashion,Footwear,SELR000015,3850.08,5116.24,2023-04-18
PROD002404,Ultra Toys 634,Toys & Baby Products,Toys,SELR000287,169.68,209.52,2024-01-12
PROD002405,Essential Footwear 211,Fashion,Footwear,SELR000245,662.77,983.47,2022-12-03
PROD002406,Essential Grooming Tools 336,Beauty & Personal Care,Grooming Tools,SELR000283,121.67,177.36,2025-05-10
PROD002407,Everyday Bag 479,Fashion,Bags,SELR000098,3972.72,5511.84,2023-07-16
PROD002408,Everyday Footwear 996,Fashion,Footwear,SELR001083,256.44,400.98,2023-03-18
PROD002409,Basic Smartphones 191,Electronics,Smartphones,SELR000569,23645.59,26195.33,2023-06-12
PROD002410,Deluxe Fitness Equipment 808,Sports & Fitness,Fitness Equipment,SELR001143,2504.51,3157.46,2023-03-31
PROD002411,Elite Women's Clothing 807,Fashion,Women's Clothing,SELR001004,1557.29,2420.39,2023-09-08
PROD002412,Basic Haircare 497,Beauty & Personal Care,Haircare,SELR000146,245.79,326.46,2024-02-12
PROD002413,Everyday Baby Care 139,Toys & Baby Products,Baby Care,SELR000240,1280.69,1723.26,2023-07-15
PROD002414,Trendy Bags 856,Fashion,Bags,SELR000764,3238.33,4788.28,2023-10-15
PROD002415,Premium Tablets 313,Electronics,Tablets,SELR000061,26946.63,33191.81,2023-09-04
PROD002416,Deluxe Watches & Jewellery 560,Fashion,Watches & Jewellery,SELR000817,1712.28,2340.89,2024-10-01
PROD002417,Advanced Cameras 202,Electronics,Cameras,SELR000569,2697.05,3241.91,2023-08-12
PROD002418,Smart Furniture 928,Home & Kitchen,Furniture,SELR000748,392.99,483.52,2023-06-20
PROD002419,Pro Comics 377,Books,Comics,SELR000796,112.1,144.15,2023-01-20
PROD002420,Pro Women's Clothing 819,Fashion,Women's Clothing,SELR000493,1830.92,2916.42,2024-06-26
PROD002421,Everyday Men's Clothing 754,Fashion,Men's Clothing,SELR001125,4048.47,6256.26,2024-01-14
PROD002422,Advanced Team Sports 971,Sports & Fitness,Team Sports,SELR000099,1649.49,2176.92,2024-02-21
PROD002423,Signature Women's Clothing 923,Fashion,Women's Clothing,SELR000389,2159.77,3463.76,2023-10-28
PROD002424,Smart Fragrances 188,Beauty & Personal Care,Fragrances,SELR000222,1733.54,2423.29,2023-05-10
PROD002425,Elite Diaper 596,Toys & Baby Products,Diapers,SELR001003,2259.7,2980.88,2025-09-12
PROD002426,Ultra Bags 762,Fashion,Bags,SELR000749,759.36,1066.28,2023-04-23
PROD002427,Signature Furniture 509,Home & Kitchen,Furniture,SELR000964,375.07,474.94,2024-07-01
PROD002428,Compact Personal Care Essential 622,Grocery,Personal Care Essentials,SELR000561,521.65,563.7,2022-12-16
PROD002429,Comfort Sportswear 279,Sports & Fitness,Sportswear,SELR000440,8006.8,9765.46,2024-01-14
PROD002430,Classic Non-Fiction 262,Books,Non-Fiction,SELR001171,112.47,135.7,2023-11-01
PROD002431,Classic Comics 955,Books,Comics,SELR001156,172.54,196.45,2024-01-10
PROD002432,Pro Makeup 575,Beauty & Personal Care,Makeup,SELR000701,145.5,204.9,2024-04-23
PROD002433,Compact Fragrances 692,Beauty & Personal Care,Fragrances,SELR000800,276.63,391.91,2023-07-18
PROD002434,Signature Outdoor Gear 335,Sports & Fitness,Outdoor Gear,SELR000523,367.05,442.7,2023-03-23
PROD002435,Classic Sportswear 177,Sports & Fitness,Sportswear,SELR000221,223.62,274.64,2023-10-19
PROD002436,Essential Sportswear 598,Sports & Fitness,Sportswear,SELR000906,5206.12,6831.09,2025-08-12
PROD002437,Premium Cookware 336,Home & Kitchen,Cookware,SELR000321,3858.69,5484.15,2025-03-01
PROD002438,Basic Staple 885,Grocery,Staples,SELR001013,68.92,80.26,2023-11-01
PROD002439,Classic Watches & Jewellery 615,Fashion,Watches & Jewellery,SELR001025,2157.33,3354.98,2022-12-17
PROD002440,Superior Footwear 477,Fashion,Footwear,SELR000299,3097.08,4162.65,2023-06-02
PROD002441,Trendy Women's Clothing 767,Fashion,Women's Clothing,SELR000677,1192.38,1751.89,2023-03-23
PROD002442,Trendy Footwear 954,Fashion,Footwear,SELR000921,1703.89,2356.98,2024-02-04
PROD002443,Classic Sportswear 470,Sports & Fitness,Sportswear,SELR000159,336.85,486.19,2023-07-28
PROD002444,Premium Watches & Jewellery 139,Fashion,Watches & Jewellery,SELR000756,960.5,1326.65,2023-02-09
PROD002445,Advanced Cycling 694,Sports & Fitness,Cycling,SELR000788,338.69,456.69,2023-05-26
PROD002446,Trendy Kitchen Appliance 216,Home & Kitchen,Kitchen Appliances,SELR000062,549.37,693.36,2023-07-27
PROD002447,Trendy Bag 694,Fashion,Bags,SELR000421,3918.78,5134.42,2023-04-25
PROD002448,Deluxe Men's Clothing 215,Fashion,Men's Clothing,SELR000793,429.01,658.49,2023-09-06
PROD002449,Premium Haircare 494,Beauty & Personal Care,Haircare,SELR000128,241.2,314.67,2024-04-12
PROD002450,Smart Children's Books 506,Books,Children's Books,SELR000954,396.85,494.19,2023-09-06
PROD002451,Classic Furniture 348,Home & Kitchen,Furniture,SELR000856,1749.25,2448.42,2023-08-20
PROD002452,Smart Watches & Jewellery 460,Fashion,Watches & Jewellery,SELR000659,2637.85,4004.47,2024-12-10
PROD002453,Compact Kids Wear 736,Fashion,Kids Wear,SELR000389,1328.19,2106.12,2024-03-25
PROD002454,Pro Headphones 843,Electronics,Headphones,SELR001151,854.66,1018.68,2025-07-09
PROD002455,Everyday Smart Watches 667,Electronics,Smart Watches,SELR000699,1409.12,1606.22,2022-12-20
PROD002456,Advanced Baby Gear 372,Toys & Baby Products,Baby Gear,SELR000231,4181.21,5021.33,2023-11-26
PROD002457,Signature Laptops 206,Electronics,Laptops,SELR000397,3086.26,3480.64,2023-05-20
PROD002458,Signature Smartphones 340,Electronics,,SELR000228,9828.46,12304.91,2024-05-08
PROD002459,Trendy Staple 614,Grocery,Staples,SELR000251,138.43,160.64,2023-03-23
PROD002460,Classic Cycling 317,Sports & Fitness,Cycling,SELR001136,1212.93,1731.17,2024-02-19
PROD002461,Everyday Bedding 501,Home & Kitchen,Bedding,SELR001119,9618.72,12130.45,2023-07-24
PROD002462,Signature Fitness Equipment 889,Sports & Fitness,Fitness Equipment,SELR001061,7495.62,9355.59,2024-02-02
PROD002463,Smart Baby Care 794,Toys & Baby Products,Baby Care,SELR000050,837.34,1045.84,2023-04-10
PROD002464,Basic Accessories 385,Electronics,Accessories,SELR000702,4376.88,5591.07,2023-07-24
PROD002465,Essential Bags 987,Fashion,Bags,SELR001172,2282.44,3409.8,2023-10-21
PROD002466,Ultra Packaged Food 716,Grocery,Packaged Food,SELR000136,1165.39,1285.62,2024-06-25
PROD002467,Elite Self-Help 149,Books,Self-Help,SELR000840,152.51,193.57,2025-04-10
PROD002468,Deluxe Baby Gear 194,Toys & Baby Products,Baby Gear,SELR000110,156.54,219.34,2023-05-31
PROD002469,Smart Footwear 364,Fashion,Footwear,SELR000503,266.3,372.7,2023-03-12
PROD002470,Deluxe Baby Gear 856,Toys & Baby Products,Baby Gear,SELR000135,521.76,667.67,2025-10-06
PROD002471,Everyday Bag 918,Fashion,Bags,SELR000063,505.26,675.97,2023-06-05
PROD002472,Pro Outdoor Gear 742,Sports & Fitness,Outdoor Gear,SELR000099,202.62,282.39,2022-11-30
PROD002473,Trendy Baby Gear 885,Toys & Baby Products,Baby Gear,SELR001025,744.59,923.66,2023-04-10
PROD002474,Pro Watches & Jewellery 890,Fashion,Watches & Jewellery,SELR000611,317.03,443.03,2023-05-15
PROD002475,Everyday Men's Clothing 512,Fashion,Men's Clothing,SELR000852,696.27,1017.59,2023-08-11
PROD002476,Premium Grooming Tools 332,Beauty & Personal Care,Grooming Tools,SELR000183,166.13,256.5,2024-01-21
PROD002477,Essential Dairy 348,Grocery,,SELR000996,85.84,95.54,2024-02-22
PROD002478,Essential Accessorie 327,Electronics,Accessories,SELR001184,18079.41,20896.8,2023-10-03
PROD002479,Essential Dairy 578,Grocery,,SELR000266,41.43,45.78,2024-01-17
PROD002480,Elite Bags 196,Fashion,Bags,SELR000009,1235.79,1970.61,2022-12-04
PROD002481,Trendy Kitchen Appliances 948,Home & Kitchen,Kitchen Appliances,SELR000276,1353.16,1927.7,2023-12-27
PROD002482,Classic Kids Wear 967,Fashion,Kids Wear,SELR001083,1211.75,1879.57,2025-03-31
PROD002483,Ultra Diapers 914,Toys & Baby Products,Diapers,SELR000203,166.74,237.42,2023-05-17
PROD002484,Compact Headphones 646,Electronics,Headphones,SELR000368,2045.2,2369.69,2023-05-14
PROD002485,Everyday Grooming Tool 598,Beauty & Personal Care,Grooming Tools,SELR000362,647.47,995.78,2023-05-06
PROD002486,Compact Women's Clothing 931,Fashion,Women's Clothing,SELR000841,678.98,935.07,2023-12-04
PROD002487,Premium Diapers 551,Toys & Baby Products,Diapers,SELR000710,4356.75,6108.66,2024-10-06
PROD002488,Essential Academic 453,Books,Academic,SELR000733,518.18,618.57,2023-01-18
PROD002489,Classic Women's Clothing 401,Fashion,Women's Clothing,SELR000561,842.8,1376.07,2025-09-04
PROD002490,Superior Bags 788,Fashion,Bags,SELR000809,305.14,477.59,2023-08-31
PROD002491,Superior Furniture 495,Home & Kitchen,Furniture,SELR001012,3516.07,5072.78,2025-05-23
PROD002492,Essential Bedding 889,Home & Kitchen,Bedding,SELR000998,2951.55,3791.34,2023-10-20
PROD002493,Comfort Packaged Food 564,Grocery,Packaged Food,SELR000155,634.13,747.18,2023-05-07
PROD002494,Premium Personal Hygiene 111,Beauty & Personal Care,Personal Hygiene,SELR000052,2227.14,2980.85,2023-08-27
PROD002495,Classic Home Decor 723,Home & Kitchen,Home Decor,SELR000742,1238.75,1726.34,2022-11-30
PROD002496,Pro Yoga Accessories 156,Sports & Fitness,Yoga Accessories,SELR000731,2315.81,2785.7,2023-04-02
PROD002497,Smart Furniture 272,Home & Kitchen,Furniture,SELR000089,536.26,664.78,2025-08-12
PROD002498,Everyday Smart Watches 317,Electronics,Smart Watches,SELR000424,1755.62,2027.54,2025-07-18
PROD002499,Trendy Smartphones 202,Electronics,Smartphones,SELR000021,56269.14,68747.64,2023-11-09
PROD002500,Premium Women's Clothing 673,Fashion,Women's Clothing,SELR000517,292.87,442.99,2025-07-10
PROD002501,Advanced Grooming Tools 275,Beauty & Personal Care,Grooming Tools,SELR000680,489.34,722.37,2025-04-06
PROD002502,Ultra Tablets 281,Electronics,Tablets,SELR000228,39015.43,43374.96,2025-06-25
PROD002503,Trendy Personal Hygiene 810,Beauty & Personal Care,Personal Hygiene,SELR001051,2812.34,3564.28,2023-07-28
PROD002504,Basic Women's Clothing 786,Fashion,Women's Clothing,SELR000234,2076.19,3355.33,2023-03-29
PROD002505,Signature Team Sports 387,Sports & Fitness,Team Sports,SELR000396,4342.11,5374.21,2024-07-07
PROD002506,Smart Laptops 964,Electronics,Laptops,SELR000919,1996.73,2211.2,2023-09-28
PROD002507,Basic Home Decor 686,Home & Kitchen,Home Decor,SELR000865,513.08,633.16,2024-02-15
PROD002508,Superior Smart Watches 427,Electronics,,SELR000420,1012.82,1216.57,2023-05-15
PROD002509,Classic Men's Clothing 522,Fashion,Men's Clothing,SELR000429,312.05,452.08,2023-01-18
PROD002510,Advanced Tablets 277,Electronics,Tablets,SELR001151,18130.97,19993.46,2023-05-04
PROD002511,Everyday Storage 248,Home & Kitchen,Storage,SELR000425,4103.38,5720.74,2023-12-12
PROD002512,Ultra Children's Books 104,Books,Children's Books,SELR000294,377.7,455.35,2023-06-22
PROD002513,Superior Laptops 168,Electronics,Laptops,SELR000794,19900.64,23788.26,2023-06-06
PROD002514,Essential Non-Fiction 567,Books,Non-Fiction,SELR000954,352.75,445.99,2023-06-25
PROD002515,Basic Makeup 223,Beauty & Personal Care,Makeup,SELR001040,1778.41,2419.58,2023-03-23
PROD002516,Superior Kitchen Appliance 321,Home & Kitchen,Kitchen Appliances,SELR001158,1644.02,2308.49,2023-12-13
PROD002517,Ultra Fragrance 633,Beauty & Personal Care,Fragrances,SELR001178,693.22,1009.37,2023-10-01
PROD002518,Elite Watches & Jewellery 740,Fashion,Watches & Jewellery,SELR000009,310.67,414.25,2024-02-08
PROD002519,Essential Outdoor Gear 666,Sports & Fitness,Outdoor Gear,SELR000588,1764.63,2478.96,2025-04-28
PROD002520,Signature Children's Book 435,Books,Children's Books,SELR000773,218.08,281.96,2023-10-21
PROD002521,Superior Comics 387,Books,Comics,SELR000119,659.91,831.95,2023-01-03
PROD002522,Signature Women's Clothing 399,Fashion,Women's Clothing,SELR000409,2785.35,3869.05,2023-01-06
PROD002523,Ultra Team Sport 957,Sports & Fitness,Team Sports,SELR000187,773.39,950.97,2023-12-20
PROD002524,Smart Kids Wear 342,Fashion,Kids Wear,SELR000790,750.57,985.15,2023-05-01
PROD002525,Everyday Furniture 848,Home & Kitchen,Furniture,SELR000087,6506.98,9139.63,2023-04-21
PROD002526,Superior Cameras 931,Electronics,Cameras,SELR000831,2046.78,2431.95,2023-02-22
PROD002527,Smart Footwear 585,Fashion,Footwear,SELR001183,1743.71,2719.99,2023-01-15
PROD002528,Signature Fragrances 147,Beauty & Personal Care,Fragrances,SELR000197,2718.93,3562.33,2023-09-28
PROD002529,Superior Snacks 634,Grocery,Snacks,SELR000378,78.76,91.55,2023-07-25
PROD002530,Ultra Cameras 372,Electronics,Cameras,SELR000590,1226.73,1522.94,2023-08-29
PROD002531,Essential Makeup 761,Beauty & Personal Care,Makeup,SELR000144,184.32,256.09,2024-06-10
PROD002532,Deluxe Skincare 172,Beauty & Personal Care,Skincare,SELR000262,807.42,1195.28,2024-02-21
PROD002533,Smart Baby Care 555,Toys & Baby Products,Baby Care,SELR000363,224.13,315.13,2022-11-30
PROD002534,Essential Fitness Equipment 131,Sports & Fitness,Fitness Equipment,SELR000370,6508.04,9100.67,2023-06-20
PROD002535,Advanced Smartphone 794,Electronics,Smartphones,SELR000807,49338.84,62018.94,2023-07-25
PROD002536,Compact Bags 912,Fashion,Bags,SELR000841,2301.24,3458.23,2023-01-14
PROD002537,Basic Grooming Tools 511,Beauty & Personal Care,Grooming Tools,SELR000007,1620.28,2499.44,2023-08-20
PROD002538,Advanced Kids Wear 564,Fashion,Kids Wear,SELR000453,1577.43,2184.6,2023-08-29
PROD002539,Signature Toys 403,Toys & Baby Products,Toys,SELR000755,357.71,500.43,2023-07-29
PROD002540,Everyday Baby Feeding 275,Toys & Baby Products,Baby Feeding,SELR000071,4818.41,6035.43,2023-05-14
PROD002541,Comfort Baby Gear 410,Toys & Baby Products,Baby Gear,SELR000189,4502.07,5704.45,2024-10-05
PROD002542,Essential Kids Wear 829,Fashion,Kids Wear,SELR001153,824.37,1333.7,2023-02-16
PROD002543,Elite Team Sports 320,Sports & Fitness,Team Sports,SELR000907,10263.17,13770.49,2023-11-04
PROD002544,Essential Team Sports 874,Sports & Fitness,Team Sports,SELR000728,9782.16,13798.75,2023-05-16
PROD002545,Smart Headphones 127,Electronics,Headphones,SELR000109,36120.39,45377.49,2023-05-24
PROD002546,Pro Footwear 849,Fashion,Footwear,SELR000975,763.46,1000.7,2023-03-16
PROD002547,Essential Men's Clothing 428,Fashion,Men's Clothing,SELR000894,402.37,533.57,2023-10-03
PROD002548,Basic Cookware 354,Home & Kitchen,Cookware,SELR000072,809.36,997.71,2023-02-25
PROD002549,Premium Baby Gear 388,Toys & Baby Products,Baby Gear,SELR000502,396.13,533.68,2023-05-17
PROD002550,Basic Snack 480,Grocery,Snacks,SELR000570,52.09,57.19,2023-07-07
PROD002551,Essential Kids Wear 313,Fashion,Kids Wear,SELR000088,477.85,637.11,2022-12-01
PROD002552,Classic Personal Hygiene 681,Beauty & Personal Care,Personal Hygiene,SELR000571,1057.61,1605.36,2023-12-04
PROD002553,Everyday Women's Clothing 524,,Women's Clothing,SELR001114,1980.19,3048.45,2025-01-04
PROD002554,Superior Footwear 322,Fashion,Footwear,SELR001021,4284.46,6666.38,2024-01-08
PROD002555,Everyday Laptop 936,Electronics,Laptops,SELR000899,984.12,1121.19,2025-05-11
PROD002556,Signature Cycling 216,Sports & Fitness,Cycling,SELR000907,2719.78,3698.25,2024-06-26
PROD002557,Compact Yoga Accessorie 279,Sports & Fitness,Yoga Accessories,SELR001080,6046.67,7496.1,2024-04-11
PROD002558,Ultra Beverage 569,Grocery,Beverages,SELR000415,1393.73,1563.7,2023-06-21
PROD002559,Essential Beverages 868,Grocery,Beverages,SELR000479,1098.69,1234.4,2024-12-10
PROD002560,Smart Watches & Jewellery 386,Fashion,Watches & Jewellery,SELR000250,429.11,610.56,2023-12-19
PROD002561,Deluxe Children's Books 797,Books,Children's Books,SELR000481,171.9,200.71,2023-09-17
PROD002562,Trendy Accessorie 860,Electronics,Accessories,SELR000780,40134.35,46874.15,2024-02-24
PROD002563,Ultra Bedding 648,Home & Kitchen,Bedding,SELR000681,633.78,826.35,2024-01-27
PROD002564,Signature Storage 165,Home & Kitchen,Storage,SELR000964,3755.77,4755.57,2024-12-13
PROD002565,Smart Headphones 108,Electronics,Headphones,SELR000918,1001.05,1258.3,2023-06-29
PROD002566,Signature Men's Clothing 364,Fashion,Men's Clothing,SELR001041,499.14,812.47,2023-07-12
PROD002567,Signature Footwear 500,Fashion,Footwear,SELR000139,286.5,437.71,2024-01-06
PROD002568,Basic Cameras 308,Electronics,Cameras,SELR000569,14913.71,16823.93,2024-01-01
PROD002569,Everyday Toy 445,Toys & Baby Products,Toys,SELR000492,1545.82,2004.79,2025-09-12
PROD002570,Compact Footwear 646,Fashion,Footwear,SELR000798,753.64,1211.19,2024-03-19
PROD002571,Premium Cookware 284,Home & Kitchen,Cookware,SELR000653,14813.52,18652.1,2023-08-29
PROD002572,Comfort Diapers 334,Toys & Baby Products,Diapers,SELR000085,1651.55,2045.73,2023-01-18
PROD002573,Signature Makeup 962,Beauty & Personal Care,Makeup,SELR000819,134.31,173.91,2023-01-22
PROD002574,Pro Cookware 778,Home & Kitchen,Cookware,SELR001103,4033.07,5594.19,2023-01-04
PROD002575,Signature Baby Gear 211,Toys & Baby Products,Baby Gear,SELR000663,887.66,1276.38,2023-03-24
PROD002576,Trendy Watches & Jewellery 380,Fashion,Watches & Jewellery,SELR000679,2276.07,3087.64,2024-01-31
PROD002577,Compact Kids Wear 815,Fashion,Kids Wear,SELR000784,455.99,687.92,2023-04-21
PROD002578,Smart Grooming Tools 347,Beauty & Personal Care,Grooming Tools,SELR000016,350.85,438.65,2024-01-26
PROD002579,Pro Kitchen Appliances 524,Home & Kitchen,Kitchen Appliances,SELR000894,331.38,435.38,2023-06-17
PROD002580,Comfort Academic 422,Books,Academic,SELR000852,365.59,452.46,2023-06-25
PROD002581,Everyday Accessories 940,Electronics,Accessories,SELR001149,22937.83,29231.43,2023-03-24
PROD002582,Trendy Skincare 752,Beauty & Personal Care,Skincare,SELR000462,1785.93,2423.12,2023-09-27
PROD002583,Advanced Cycling 275,Sports & Fitness,Cycling,SELR001084,1785.65,2239.17,2025-03-06
PROD002584,Classic Diapers 577,Toys & Baby Products,Diapers,SELR000908,4481.1,5977.17,2023-04-16
PROD002585,Basic Watches & Jewellery 111,Fashion,Watches & Jewellery,SELR000534,514.45,799.16,2024-11-03
PROD002586,Superior Men's Clothing 493,Fashion,Men's Clothing,SELR000790,1024.18,1688.72,2023-10-15
PROD002587,Comfort Baby Gear 255,Toys & Baby Products,Baby Gear,SELR000247,194.92,250.26,2023-10-20
PROD002588,Advanced Fragrances 961,Beauty & Personal Care,Fragrances,SELR001195,2487.9,3454.11,2023-06-20
PROD002589,Basic Cameras 764,Electronics,Cameras,SELR000637,3151.83,3810.17,2023-09-20
PROD002590,Premium Cameras 332,Electronics,Cameras,SELR000109,14864.67,16599.46,2023-05-06
PROD002591,Signature Comics 283,Books,Comics,SELR000840,189.1,222.31,2024-02-29
PROD002592,Pro Skincare 829,Beauty & Personal Care,Skincare,SELR000620,264.73,361.33,2023-06-17
PROD002593,Elite Grooming Tool 268,Beauty & Personal Care,Grooming Tools,SELR000504,352.44,517.88,2025-07-02
PROD002594,Essential Beverages 212,Grocery,Beverages,SELR000372,312.39,347.22,2023-06-24
PROD002595,Smart Footwear 116,Fashion,Footwear,SELR000015,445.66,644.96,2025-06-22
PROD002596,Ultra Men's Clothing 462,Fashion,Men's Clothing,SELR000563,421.21,687.94,2024-02-03
PROD002597,Everyday Skincare 199,Beauty & Personal Care,Skincare,SELR001129,209.95,316.51,2024-06-23
PROD002598,Elite Diapers 196,Toys & Baby Products,Diapers,SELR000271,1298.81,1821.85,2024-01-08
PROD002599,Basic Men's Clothing 998,Fashion,Men's Clothing,SELR000841,3260.82,5156.64,2024-10-01
PROD002600,Premium Team Sport 274,Sports & Fitness,Team Sports,SELR000951,2232.98,2828.63,2023-02-24
PROD002601,Compact Footwear 366,Fashion,Footwear,SELR000444,1684.33,2192.48,2023-03-08
PROD002602,Elite Watches & Jewellery 805,Fashion,Watches & Jewellery,SELR000009,744.33,1191.14,2023-04-04
PROD002603,Elite Toys 554,Toys & Baby Products,,SELR000877,1148.62,1453.19,2023-04-10
PROD002604,Classic Smartphones 591,Electronics,Smartphones,SELR000176,40457.38,44614.32,2023-04-13
PROD002605,Pro Smartphone 131,Electronics,Smartphones,SELR001028,38843.73,48038.11,2023-05-22
PROD002606,Smart Fiction 443,Books,Fiction,SELR000796,142.64,161.37,2025-08-05
PROD002607,Essential Bedding 538,Home & Kitchen,Bedding,SELR000782,14742.18,18212.75,2025-10-07
PROD002608,Signature Furniture 202,Home & Kitchen,Furniture,SELR000963,16166.53,21287.19,2023-07-28
PROD002609,Basic Academic 902,Books,Academic,SELR000483,239.15,295.83,2023-05-30
PROD002610,Essential Watches & Jewellery 709,Fashion,Watches & Jewellery,SELR000493,1048.61,1506.35,2023-07-07
PROD002611,Trendy Fitness Equipment 938,Sports & Fitness,Fitness Equipment,SELR000099,2750.01,3540.68,2023-03-10
PROD002612,Basic Women's Clothing 945,Fashion,Women's Clothing,SELR001116,276.1,438.62,2023-01-23
PROD002613,Elite Headphones 560,Electronics,Headphones,SELR000170,7690.6,9410.24,2024-01-15
PROD002614,Essential Team Sports 762,Sports & Fitness,Team Sports,SELR000648,2107.54,2852.66,2024-02-25
PROD002615,Elite Bags 690,Fashion,Bags,SELR000843,470.73,765.93,2023-06-02
PROD002616,Essential Dairy 786,Grocery,Dairy,SELR000292,172.9,202.36,2023-11-12
PROD002617,Premium Baby Gear 737,Toys & Baby Products,Baby Gear,SELR000257,2540.56,3506.03,2023-01-30
PROD002618,Pro Staples 299,Grocery,Staples,SELR000467,181.49,192.87,2023-02-19
PROD002619,Deluxe Watches & Jewellery 450,Fashion,Watches & Jewellery,SELR001117,621.75,952.96,2023-07-24
PROD002620,Deluxe Footwear 661,Fashion,Footwear,SELR000739,650.13,867.72,2023-10-17
PROD002621,Trendy Baby Gear 709,Toys & Baby Products,Baby Gear,SELR000203,921.67,1141.6,2024-12-31
PROD002622,Classic Cookware 563,Home & Kitchen,Cookware,SELR000935,1051.06,1403.63,2023-05-02
PROD002623,Classic Yoga Accessories 248,Sports & Fitness,Yoga Accessories,SELR001100,321.95,395.4,2024-01-04
PROD002624,Trendy Personal Care Essential 322,Grocery,Personal Care Essentials,SELR000666,68.24,77.18,2023-09-14
PROD002625,Essential Kids Wear 213,Fashion,Kids Wear,SELR000958,3709.86,5133.2,2025-09-13
PROD002626,Premium Smartphone 657,Electronics,Smartphones,SELR000485,18959.47,21501.71,2023-07-01
PROD002627,Ultra Skincare 410,Beauty & Personal Care,Skincare,SELR000093,928.1,1198.47,2025-05-08
PROD002628,Compact Fragrances 899,Beauty & Personal Care,Fragrances,SELR000133,1823.78,2685.98,2024-09-20
PROD002629,Basic Bags 904,Fashion,Bags,SELR000077,1788.29,2333.95,2024-05-26
PROD002630,Essential Makeup 260,Beauty & Personal Care,Makeup,SELR001071,1771.87,2295.02,2024-04-04
PROD002631,Classic Children's Books 782,Books,Children's Books,SELR001052,374.71,472.06,2022-11-29
PROD002632,Superior Kids Wear 968,Fashion,Kids Wear,SELR001182,1551.88,2462.31,2024-02-12
PROD002633,Ultra Footwear 335,Fashion,Footwear,SELR000088,1939.74,3034.96,2024-10-08
PROD002634,Smart Team Sports 839,Sports & Fitness,Team Sports,SELR000495,679.65,880.0,2023-11-06
PROD002635,Smart Self-Help 857,Books,Self-Help,SELR000131,345.93,423.93,2024-06-15
PROD002636,Compact Toys 264,Toys & Baby Products,Toys,SELR001126,1695.99,2270.75,2025-06-25
PROD002637,Trendy Kids Wear 201,Fashion,Kids Wear,SELR000966,1948.76,2636.2,2023-10-29
PROD002638,Superior Toy 824,Toys & Baby Products,Toys,SELR001025,598.54,854.9,2023-12-20
PROD002639,Everyday Children's Books 484,Books,Children's Books,SELR000412,170.11,194.92,2023-07-20
PROD002640,Elite Cycling 529,Sports & Fitness,Cycling,SELR000099,4220.96,5270.32,2023-12-13
PROD002641,Signature Watches & Jewellery 800,Fashion,Watches & Jewellery,SELR000475,938.35,1453.64,2023-03-16
PROD002642,Trendy Accessorie 718,Electronics,Accessories,SELR000202,6746.34,8515.71,2024-01-09
PROD002643,Superior Storage 795,Home & Kitchen,Storage,SELR000825,10929.54,14598.36,2024-09-10
PROD002644,Comfort Women's Clothing 480,Fashion,Women's Clothing,SELR000921,4018.54,5634.47,2024-03-02
PROD002645,Pro Bag 637,Fashion,Bags,SELR000584,491.52,754.27,2023-02-18
PROD002646,Advanced Educational Toys 480,Toys & Baby Products,Educational Toys,SELR000175,1117.81,1411.55,2024-08-03
PROD002647,Advanced Watches & Jewellery 932,Fashion,Watches & Jewellery,SELR000634,730.82,1009.67,2023-03-18
PROD002648,Premium Baby Gear 943,Toys & Baby Products,Baby Gear,SELR000040,344.33,444.84,2023-11-29
PROD002649,Basic Home Decor 729,Home & Kitchen,Home Decor,SELR000649,13198.47,18636.59,2024-11-19
PROD002650,Essential Dairy 170,Grocery,Dairy,SELR000155,222.69,248.82,2025-02-24
PROD002651,Everyday Bag 497,Fashion,Bags,SELR001125,273.81,400.26,2023-01-25
PROD002652,Premium Grooming Tool 727,Beauty & Personal Care,Grooming Tools,SELR001170,893.68,1325.85,2023-08-12
PROD002653,Elite Fragrance 978,Beauty & Personal Care,Fragrances,SELR000620,377.42,575.87,2023-12-09
PROD002654,Compact Baby Care 147,Toys & Baby Products,Baby Care,SELR000060,2854.98,3484.67,2024-02-13
PROD002655,Premium Men's Clothing 858,Fashion,Men's Clothing,SELR000398,3399.27,4684.16,2023-01-11
PROD002656,Superior Kids Wear 281,Fashion,Kids Wear,SELR000869,3605.42,5482.9,2023-09-27
PROD002657,Advanced Baby Gear 121,Toys & Baby Products,Baby Gear,SELR000393,635.91,832.48,2025-07-01
PROD002658,Comfort Smartphones 592,Electronics,Smartphones,SELR000566,9504.23,11898.32,2023-01-05
PROD002659,Pro Grooming Tools 340,Beauty & Personal Care,Grooming Tools,SELR000290,1774.8,2439.41,2023-12-15
PROD002660,Signature Accessories 313,Electronics,Accessories,SELR001122,33464.32,39653.61,2024-01-27
PROD002661,Premium Smart Watches 390,Electronics,Smart Watches,SELR001140,5018.09,5739.62,2023-02-20
PROD002662,Advanced Fragrances 529,Beauty & Personal Care,Fragrances,SELR000914,1724.16,2475.93,2023-12-18
PROD002663,Signature Haircare 702,Beauty & Personal Care,Haircare,SELR000988,480.68,696.37,2024-01-20
PROD002664,Essential Fragrances 713,Beauty & Personal Care,Fragrances,SELR001051,1917.89,2511.19,2023-07-31
PROD002665,Essential Bedding 372,Home & Kitchen,Bedding,SELR000069,1496.04,1956.02,2023-02-13
PROD002666,Basic Non-Fiction 382,Books,Non-Fiction,SELR000692,119.68,141.23,2023-11-04
PROD002667,Signature Toy 553,Toys & Baby Products,Toys,SELR000381,2168.75,2739.86,2023-08-06
PROD002668,Superior Bags 219,Fashion,Bags,SELR000910,2605.31,4257.96,2025-05-24
PROD002669,Elite Men's Clothing 217,Fashion,Men's Clothing,SELR000033,477.62,689.39,2025-09-06
PROD002670,Essential Kids Wear 307,Fashion,Kids Wear,SELR000581,365.43,563.58,2023-09-06
PROD002671,Trendy Academic 580,Books,Academic,SELR000324,329.7,404.2,2023-03-28
PROD002672,Pro Footwear 810,Fashion,Footwear,SELR000284,2373.63,3730.54,2023-06-05
PROD002673,Essential Sportswear 302,Sports & Fitness,Sportswear,SELR000500,1653.91,2349.52,2023-04-18
PROD002674,Advanced Bedding 811,Home & Kitchen,Bedding,SELR000089,13621.85,18594.69,2023-07-27
PROD002675,Comfort Skincare 113,Beauty & Personal Care,Skincare,SELR000133,135.79,201.35,2023-03-31
PROD002676,Trendy Personal Care Essentials 996,Grocery,Personal Care Essentials,SELR000906,982.79,1107.41,2023-09-15
PROD002677,Compact Kitchen Appliances 527,Home & Kitchen,Kitchen Appliances,SELR001014,5277.93,6871.28,2023-06-21
PROD002678,Advanced Bedding 527,Home & Kitchen,Bedding,SELR000858,2343.9,3289.81,2025-01-26
PROD002679,Advanced Watches & Jewellery 466,Fashion,Watches & Jewellery,SELR000094,3144.2,4214.25,2022-11-29
PROD002680,Classic Bedding 433,Home & Kitchen,Bedding,SELR000276,321.87,420.34,2023-01-10
PROD002681,Signature Bags 979,Fashion,Bags,SELR000066,773.83,1215.44,2023-02-08
PROD002682,Elite Personal Care Essentials 551,Grocery,Personal Care Essentials,SELR000363,31.03,35.73,2025-05-20
PROD002683,Everyday Storage 234,Home & Kitchen,Storage,SELR000985,2696.44,3722.44,2023-09-27
PROD002684,Essential Cameras 575,Electronics,Cameras,SELR000772,7510.76,9330.85,2023-08-27
PROD002685,Superior Kids Wear 392,Fashion,Kids Wear,SELR000812,884.26,1256.58,2022-12-06
PROD002686,Advanced Makeup 925,Beauty & Personal Care,Makeup,SELR000065,931.1,1288.02,2023-06-04
PROD002687,Pro Toys 848,Toys & Baby Products,Toys,SELR000908,434.68,620.9,2025-09-15
PROD002688,Deluxe Kids Wear 671,Fashion,Kids Wear,SELR000245,2022.3,2768.34,2025-07-30
PROD002689,Signature Footwear 438,Fashion,Footwear,SELR000716,2123.12,2947.61,2023-08-23
PROD002690,Smart Cookware 780,Home & Kitchen,Cookware,SELR000427,1753.84,2227.39,2023-07-15
PROD002691,Trendy Toys 197,Toys & Baby Products,Toys,SELR000296,223.17,290.06,2023-05-29
PROD002692,Smart Packaged Food 125,Grocery,Packaged Food,SELR000801,263.14,288.47,2022-12-15
PROD002693,Pro Watches & Jewellery 835,Fashion,Watches & Jewellery,SELR000350,310.52,430.81,2024-08-30
PROD002694,Compact Grooming Tool 732,Beauty & Personal Care,Grooming Tools,SELR000102,264.6,377.65,2023-11-28
PROD002695,Advanced Children's Books 232,Books,Children's Books,SELR000921,200.15,243.4,2025-04-08
PROD002696,Trendy Comics 369,Books,Comics,SELR000536,320.09,373.85,2024-06-26
PROD002697,Ultra Home Decor 273,Home & Kitchen,Home Decor,SELR000394,6239.04,8569.6,2023-04-26
PROD002698,Signature Non-Fiction 474,Books,Non-Fiction,SELR000684,540.43,647.46,2023-10-09
PROD002699,Premium Makeup 334,Beauty & Personal Care,Makeup,SELR001054,332.48,474.52,2024-01-15
PROD002700,Elite Women's Clothing 214,Fashion,Women's Clothing,SELR001153,3998.16,5804.87,2022-12-12
PROD002701,Deluxe Cameras 333,Electronics,Cameras,SELR000810,14916.39,17595.72,2023-07-18
PROD002702,Elite Storage 743,Home & Kitchen,Storage,SELR000608,13659.29,17495.97,2023-09-22
PROD002703,Classic Tablets 921,Electronics,Tablets,SELR000569,6005.55,7139.74,2024-02-23
PROD002704,Comfort Bedding 316,Home & Kitchen,Bedding,SELR000010,5926.08,8212.96,2023-07-15
PROD002705,Everyday Staples 123,Grocery,Staples,SELR001177,541.27,621.35,2024-11-01
PROD002706,Advanced Dairy 135,Grocery,Dairy,SELR000404,188.46,203.29,2023-11-11
PROD002707,Everyday Cameras 103,Electronics,Cameras,SELR000564,36768.26,42594.92,2023-11-25
PROD002708,Premium Smart Watches 248,Electronics,Smart Watches,SELR000568,1299.51,1459.58,2023-01-10
PROD002709,Trendy Yoga Accessories 615,Sports & Fitness,Yoga Accessories,SELR000034,1516.3,1981.02,2023-07-16
PROD002710,Smart Kitchen Appliances 444,Home & Kitchen,Kitchen Appliances,SELR001045,4539.12,6176.52,2025-08-01
PROD002711,Superior Kids Wear 429,Fashion,Kids Wear,SELR000153,341.01,478.74,2023-01-23
PROD002712,Deluxe Beverages 187,Grocery,Beverages,SELR000467,999.61,1151.55,2024-02-12
PROD002713,Premium Kids Wear 106,Fashion,Kids Wear,SELR001198,3095.33,4047.74,2023-10-07
PROD002714,Deluxe Smartphones 515,Electronics,Smartphones,SELR000636,44158.9,55419.16,2024-05-25
PROD002715,Smart Academic 805,Books,Academic,SELR000310,305.98,379.8,2023-09-14
PROD002716,Essential Fragrance 308,Beauty & Personal Care,Fragrances,SELR000839,288.01,416.92,2024-05-12
PROD002717,Elite Kitchen Appliances 266,Home & Kitchen,Kitchen Appliances,SELR000394,7896.91,10512.51,2024-01-15
PROD002718,Smart Team Sports 380,Sports & Fitness,Team Sports,SELR000718,224.55,292.83,2024-09-07
PROD002719,Advanced Diapers 167,Toys & Baby Products,Diapers,SELR000989,1906.11,2622.69,2024-02-01
PROD002720,Premium Smartphone 503,Electronics,Smartphones,SELR000736,6789.59,8673.21,2025-08-02
PROD002721,Trendy Haircare 525,Beauty & Personal Care,Haircare,SELR001131,174.91,226.94,2023-07-09
PROD002722,Compact Footwear 741,Fashion,Footwear,SELR000598,527.49,834.08,2023-03-20
PROD002723,Elite Furniture 525,Home & Kitchen,Furniture,SELR000425,6815.97,9526.92,2023-05-31
PROD002724,Classic Kitchen Appliances 970,Home & Kitchen,Kitchen Appliances,SELR000826,10995.72,14534.91,2023-08-04
PROD002725,Compact Furniture 562,Home & Kitchen,Furniture,SELR000436,1105.59,1501.48,2023-07-30
PROD002726,Elite Men's Clothing 945,Fashion,Men's Clothing,SELR000204,817.41,1212.5,2023-10-18
PROD002727,Pro Packaged Food 829,Grocery,Packaged Food,SELR000768,51.92,57.51,2025-06-15
PROD002728,Basic Kitchen Appliances 431,Home & Kitchen,Kitchen Appliances,SELR000737,2077.48,2576.3,2023-11-05
PROD002729,Pro Toys 554,Toys & Baby Products,Toys,SELR000050,4904.41,5931.62,2023-08-20
PROD002730,Advanced Footwear 568,Fashion,Footwear,SELR000678,3566.01,4735.91,2024-02-26
PROD002731,Smart Personal Care Essentials 822,Grocery,Personal Care Essentials,SELR000511,865.05,973.87,2024-01-05
PROD002732,Classic Fragrances 387,Beauty & Personal Care,Fragrances,SELR000569,225.76,297.87,2024-02-10
PROD002733,Compact Cookware 664,Home & Kitchen,Cookware,SELR000683,1265.71,1775.32,2023-10-26
PROD002734,Advanced Outdoor Gear 897,Sports & Fitness,Outdoor Gear,SELR000002,365.32,460.51,2023-03-20
PROD002735,Smart Non-Fiction 502,Books,Non-Fiction,SELR000589,557.42,685.92,2024-08-15
PROD002736,Ultra Home Decor 270,Home & Kitchen,Home Decor,SELR000295,1680.39,2073.48,2024-01-22
PROD002737,Elite Bedding 282,Home & Kitchen,Bedding,SELR001132,2952.68,3757.94,2023-04-12
PROD002738,Premium Fragrance 146,Beauty & Personal Care,Fragrances,SELR000262,860.72,1146.78,2024-01-07
PROD002739,Premium Makeup 370,Beauty & Personal Care,Makeup,SELR000362,2815.95,4018.86,2023-07-25
PROD002740,Superior Cookware 192,Home & Kitchen,Cookware,SELR001119,3111.64,4395.05,2025-10-11
PROD002741,Basic Comics 883,Books,Comics,SELR000536,1179.71,1486.73,2024-04-20
PROD002742,Premium Furniture 431,Home & Kitchen,Furniture,SELR000769,3413.16,4841.95,2025-01-26
PROD002743,Ultra Home Decor 780,Home & Kitchen,Home Decor,SELR000672,630.0,879.33,2023-05-30
PROD002744,Pro Skincare 370,Beauty & Personal Care,Skincare,SELR001170,1070.63,1519.2,2023-02-21
PROD002745,Ultra Educational Toys 742,Toys & Baby Products,Educational Toys,SELR001101,3133.69,4316.39,2023-01-30
PROD002746,Elite Footwear 423,Fashion,Footwear,SELR000421,1984.43,3211.62,2023-06-15
PROD002747,Smart Watches & Jewellery 529,Fashion,Watches & Jewellery,SELR000337,1887.53,2622.52,2024-02-05
PROD002748,Basic Watches & Jewellery 389,Fashion,Watches & Jewellery,SELR000130,425.05,628.91,2022-12-14
PROD002749,Deluxe Fitness Equipment 480,,Fitness Equipment,SELR000718,523.29,719.47,2023-04-26
PROD002750,Everyday Storage 622,Home & Kitchen,Storage,SELR000740,9453.36,12167.59,2023-04-06
PROD002751,Superior Cookware 414,Home & Kitchen,Cookware,SELR000959,12630.39,17578.83,2023-03-02
PROD002752,Comfort Men's Clothing 517,Fashion,Men's Clothing,SELR000909,4348.37,5955.29,2022-12-30
PROD002753,Pro Diaper 546,Toys & Baby Products,Diapers,SELR000049,756.78,1029.28,2023-02-15
PROD002754,Advanced Cookware 247,Home & Kitchen,Cookware,SELR001123,6818.74,9749.05,2023-07-26
PROD002755,Elite Skincare 586,Beauty & Personal Care,Skincare,SELR000600,2114.09,2792.37,2023-06-11
PROD002756,Essential Smart Watches 102,Electronics,Smart Watches,SELR000368,5127.85,6303.64,2023-09-06
PROD002757,Compact Cameras 914,Electronics,Cameras,SELR000831,1431.49,1821.83,2023-12-25
PROD002758,Advanced Headphones 382,Electronics,Headphones,SELR000565,21361.8,26684.98,2025-02-13
PROD002759,Classic Storage 684,Home & Kitchen,Storage,SELR001105,12322.38,15537.65,2024-11-06
PROD002760,Compact Storage 711,Home & Kitchen,Storage,SELR001157,1689.41,2314.29,2024-01-03
PROD002761,Smart Bags 978,Fashion,Bags,SELR000497,2693.72,4197.63,2023-03-15
PROD002762,Smart Watches & Jewellery 324,Fashion,Watches & Jewellery,SELR001197,355.22,542.06,2024-05-16
PROD002763,Basic Headphones 425,Electronics,Headphones,SELR000687,2915.28,3420.12,2025-07-31
PROD002764,Comfort Watches & Jewellery 668,Fashion,Watches & Jewellery,SELR000764,4425.57,5996.52,2023-05-28
PROD002765,Signature Tablets 876,Electronics,Tablets,SELR000332,1266.01,1485.85,2025-05-13
PROD002766,Trendy Accessories 967,Electronics,Accessories,SELR000636,35762.01,40382.37,2025-08-16
PROD002767,Deluxe Tablets 953,Electronics,Tablets,SELR000061,1137.07,1336.5,2025-05-02
PROD002768,Deluxe Yoga Accessories 857,Sports & Fitness,Yoga Accessories,SELR000381,2662.88,3298.44,2023-08-21
PROD002769,Everyday Baby Gear 572,Toys & Baby Products,Baby Gear,SELR000514,2519.9,3556.78,2023-12-30
PROD002770,Signature Grooming Tools 767,Beauty & Personal Care,Grooming Tools,SELR000285,645.27,812.48,2023-04-22
PROD002771,Smart Laptops 797,Electronics,Laptops,SELR000822,7740.24,8812.67,2023-08-03
PROD002772,Ultra Educational Toys 781,Toys & Baby Products,Educational Toys,SELR000407,716.87,996.41,2023-10-21
PROD002773,Compact Baby Feeding 815,Toys & Baby Products,Baby Feeding,SELR000795,181.54,217.85,2022-12-27
PROD002774,Elite Storage 887,Home & Kitchen,Storage,SELR000650,518.1,637.49,2024-09-04
PROD002775,Smart Laptops 671,Electronics,Laptops,SELR000813,2514.47,2948.89,2023-09-14
PROD002776,Everyday Team Sports 867,Sports & Fitness,Team Sports,SELR000161,4869.33,5880.12,2023-03-23
PROD002777,Comfort Educational Toys 522,Toys & Baby Products,Educational Toys,SELR000781,513.58,735.63,2023-06-04
PROD002778,Signature Self-Help 716,Books,Self-Help,SELR000533,417.03,529.14,2024-09-03
PROD002779,Essential Makeup 718,Beauty & Personal Care,Makeup,SELR000912,568.99,727.84,2024-06-19
PROD002780,Trendy Skincare 379,Beauty & Personal Care,Skincare,SELR000893,219.03,323.61,2023-01-18
PROD002781,Essential Educational Toys 363,Toys & Baby Products,Educational Toys,SELR000016,3104.72,4088.56,2023-09-14
PROD002782,Deluxe Laptops 942,Electronics,Laptops,SELR000208,6975.82,8238.59,2024-02-14
PROD002783,Comfort Kids Wear 921,Fashion,Kids Wear,SELR000671,263.63,351.53,2024-01-17
PROD002784,Comfort Dairy 523,Grocery,Dairy,SELR000399,1453.15,1547.66,2025-05-30
PROD002785,Everyday Bags 250,Fashion,Bags,SELR000562,685.47,1056.82,2024-09-29
PROD002786,Signature Bedding 141,Home & Kitchen,Bedding,SELR000973,1708.19,2470.06,2023-02-01
PROD002787,Superior Footwear 202,Fashion,Footwear,SELR000353,274.81,441.37,2023-03-27
PROD002788,Ultra Bags 945,Fashion,Bags,SELR000562,369.05,506.22,2023-11-28
PROD002789,Comfort Headphones 339,Electronics,Headphones,SELR000335,8166.89,10264.66,2022-12-09
PROD002790,Elite Makeup 619,Beauty & Personal Care,Makeup,SELR000212,455.03,608.87,2023-10-24
PROD002791,Advanced Furniture 674,Home & Kitchen,Furniture,SELR000165,1553.66,1929.17,2024-01-28
PROD002792,Premium Grooming Tools 413,Beauty & Personal Care,Grooming Tools,SELR000157,1782.31,2717.24,2024-10-17
PROD002793,Superior Kids Wear 594,Fashion,Kids Wear,SELR000909,1762.87,2566.1,2023-12-04
PROD002794,Trendy Educational Toys 663,Toys & Baby Products,Educational Toys,SELR000051,1292.32,1729.07,2024-02-22
PROD002795,Essential Makeup 452,Beauty & Personal Care,Makeup,SELR000679,141.66,193.84,2023-11-12
PROD002796,Signature Baby Care 886,Toys & Baby Products,Baby Care,SELR000559,1500.93,2119.24,2025-03-02
PROD002797,Everyday Bags 992,Fashion,Bags,SELR000125,705.58,1119.58,2024-07-19
PROD002798,Pro Smartphones 124,Electronics,Smartphones,SELR000242,22318.54,28283.75,2025-08-19
PROD002799,Classic Non-Fiction 912,Books,Non-Fiction,SELR000142,1168.77,1317.8,2023-01-26
PROD002800,Smart Packaged Food 147,Grocery,Packaged Food,SELR000142,166.1,191.49,2023-11-25
PROD002801,Comfort Headphones 277,Electronics,Headphones,SELR000997,29867.08,33299.22,2023-07-23
PROD002802,Elite Skincare 827,Beauty & Personal Care,Skincare,SELR000985,845.59,1284.9,2024-05-01
PROD002803,Superior Fitness Equipment 177,Sports & Fitness,Fitness Equipment,SELR000910,506.73,652.08,2023-11-03
PROD002804,Deluxe Kids Wear 427,Fashion,Kids Wear,SELR000921,782.68,1125.56,2023-03-27
PROD002805,Compact Skincare 314,Beauty & Personal Care,Skincare,SELR000936,731.83,928.14,2024-02-12
PROD002806,Everyday Watches & Jewellery 967,Fashion,Watches & Jewellery,SELR001193,2377.03,3192.37,2022-11-30
PROD002807,Trendy Smartphones 713,Electronics,Smartphones,SELR000791,28600.91,31549.0,2023-01-09
PROD002808,Basic Dairy 875,Grocery,Dairy,SELR000378,652.01,718.93,2023-09-03
PROD002809,Compact Furniture 583,Home & Kitchen,Furniture,SELR000462,4398.82,5547.84,2023-08-31
PROD002810,Trendy Comic 919,Books,Comics,SELR001067,378.02,443.73,2023-10-30
PROD002811,Everyday Yoga Accessories 124,Sports & Fitness,Yoga Accessories,SELR000108,203.24,280.73,2023-09-20
PROD002812,Premium Baby Feeding 283,Toys & Baby Products,Baby Feeding,SELR000203,237.61,340.95,2023-03-26
PROD002813,Smart Cookware 851,Home & Kitchen,Cookware,SELR000369,2779.37,3391.9,2023-02-03
PROD002814,Basic Kitchen Appliance 579,Home & Kitchen,Kitchen Appliances,SELR001116,14366.05,17965.32,2024-02-13
PROD002815,Elite Watches & Jewellery 795,Fashion,Watches & Jewellery,SELR000270,2784.6,3940.9,2023-05-01
PROD002816,Comfort Grooming Tools 573,Beauty & Personal Care,Grooming Tools,SELR001170,746.96,1120.98,2023-02-12
PROD002817,Trendy Cookware 262,Home & Kitchen,Cookware,SELR000225,368.39,507.06,2022-12-28
PROD002818,Comfort Cycling 994,Sports & Fitness,Cycling,SELR000209,367.48,506.79,2023-11-30
PROD002819,Comfort Bags 692,Fashion,Bags,SELR000725,397.8,520.2,2023-12-20
PROD002820,Pro Tablets 782,Electronics,Tablets,SELR001134,1584.71,1921.67,2024-01-04
PROD002821,Advanced Beverages 108,Grocery,Beverages,SELR001013,1418.54,1668.79,2023-12-24
PROD002822,Ultra Dairy 190,Grocery,Dairy,SELR000781,554.66,642.83,2024-08-25
PROD002823,Elite Kids Wear 964,Fashion,Kids Wear,SELR000614,3126.11,4642.03,2022-12-03
PROD002824,Comfort Sportswear 324,Sports & Fitness,Sportswear,SELR001030,509.94,696.21,2023-07-15
PROD002825,Pro Cookware 430,Home & Kitchen,Cookware,SELR001108,535.67,756.06,2023-07-18
PROD002826,Premium Academic 595,Books,Academic,SELR000310,276.79,323.29,2024-12-11
PROD002827,Advanced Home Decor 551,Home & Kitchen,Home Decor,SELR000096,9482.38,11811.0,2024-01-04
PROD002828,Superior Personal Hygiene 688,Beauty & Personal Care,Personal Hygiene,SELR000624,2766.5,4246.91,2023-09-18
PROD002829,Compact Smartphones 804,Electronics,Smartphones,SELR001151,11635.03,14289.95,2023-10-06
PROD002830,Trendy Footwear 916,Fashion,Footwear,SELR000321,278.34,404.42,2023-08-05
PROD002831,Smart Non-Fiction 522,Books,Non-Fiction,SELR000483,899.82,1009.67,2024-02-26
PROD002832,Compact Bedding 580,Home & Kitchen,Bedding,SELR000743,986.02,1283.2,2023-11-20
PROD002833,Trendy Headphone 885,Electronics,Headphones,SELR000311,15573.02,19106.09,2023-08-19
PROD002834,Compact Footwear 321,Fashion,Footwear,SELR000833,301.84,415.37,2023-07-15
PROD002835,Pro Kitchen Appliances 108,Home & Kitchen,Kitchen Appliances,SELR000820,8810.09,11136.99,2023-12-15
PROD002836,Pro Outdoor Gear 718,Sports & Fitness,Outdoor Gear,SELR000266,646.44,801.95,2024-04-11
PROD002837,Pro Storage 348,Home & Kitchen,Storage,SELR000083,6582.79,8072.04,2023-12-28
PROD002838,Essential Non-Fiction 216,Books,Non-Fiction,SELR000261,210.27,255.65,2023-01-28
PROD002839,Signature Personal Care Essentials 138,Grocery,Personal Care Essentials,SELR000155,30.71,36.07,2022-12-13
PROD002840,Ultra Women's Clothing 273,Fashion,Women's Clothing,SELR000017,3084.14,4708.13,2022-12-20
PROD002841,Advanced Dairy 813,Grocery,Dairy,SELR001181,167.18,180.33,2025-07-18
PROD002842,Deluxe Headphones 954,Electronics,Headphones,SELR000607,9129.42,10435.46,2023-07-28
PROD002843,Classic Cookware 865,Home & Kitchen,Cookware,SELR000690,4088.96,5125.45,2024-01-13
PROD002844,Advanced Headphones 990,Electronics,Headphones,SELR001140,18735.32,21697.8,2024-11-28
PROD002845,Pro Cameras 610,Electronics,Cameras,SELR000194,7274.22,8213.53,2024-09-15
PROD002846,Compact Smart Watches 606,Electronics,Smart Watches,SELR000994,2469.07,2916.07,2023-11-14
PROD002847,Advanced Smart Watches 129,Electronics,Smart Watches,SELR000818,5999.78,7679.48,2023-02-27
PROD002848,Pro Snacks 906,Grocery,Snacks,SELR000374,111.43,119.24,2023-05-26
PROD002849,Trendy Skincare 463,Beauty & Personal Care,Skincare,SELR000738,648.65,873.43,2025-08-24
PROD002850,Deluxe Educational Toys 654,Toys & Baby Products,Educational Toys,SELR000060,3257.16,4079.83,2024-02-22
PROD002851,Elite Haircare 787,Beauty & Personal Care,Haircare,SELR000575,1885.15,2731.73,2025-10-07
PROD002852,Premium Fragrances 541,Beauty & Personal Care,Fragrances,SELR000682,219.78,301.44,2023-02-19
PROD002853,Comfort Men's Clothing 456,Fashion,Men's Clothing,SELR000022,1037.71,1538.54,2025-02-04
PROD002854,Comfort Fragrance 916,Beauty & Personal Care,Fragrances,SELR000084,430.82,614.09,2024-02-28
PROD002855,Signature Furniture 875,Home & Kitchen,Furniture,SELR000281,5644.11,7542.92,2025-03-10
PROD002856,Compact Toys 275,Toys & Baby Products,Toys,SELR001003,1240.29,1754.89,2025-02-22
PROD002857,Smart Baby Care 503,Toys & Baby Products,Baby Care,SELR000755,859.23,1120.49,2025-04-26
PROD002858,Advanced Men's Clothing 759,Fashion,Men's Clothing,SELR000587,511.61,688.61,2024-05-30
PROD002859,Deluxe Skincare 755,Beauty & Personal Care,Skincare,SELR000472,307.42,421.74,2025-03-17
PROD002860,Superior Makeup 794,Beauty & Personal Care,Makeup,SELR000018,1404.65,1847.43,2023-12-26
PROD002861,Trendy Fragrance 809,Beauty & Personal Care,Fragrances,SELR000489,1150.11,1464.91,2023-05-05
PROD002862,Deluxe Accessorie 345,Electronics,Accessories,SELR000729,1605.42,1860.27,2024-12-08
PROD002863,Superior Yoga Accessories 728,,Yoga Accessories,SELR000767,1369.13,1704.88,2024-01-14
PROD002864,Deluxe Self-Help 367,Books,Self-Help,SELR000639,130.93,159.97,2024-01-11
PROD002865,Superior Footwear 813,Fashion,Footwear,SELR000154,822.43,1188.87,2023-01-08
PROD002866,Elite Bedding 380,Home & Kitchen,Bedding,SELR000964,1058.52,1381.77,2024-07-22
PROD002867,Basic Headphones 408,Electronics,Headphones,SELR000552,1797.38,2064.66,2022-12-06
PROD002868,Ultra Educational Toy 769,Toys & Baby Products,Educational Toys,SELR001159,1004.4,1336.43,2023-02-07
PROD002869,Classic Accessories 914,Electronics,Accessories,SELR000273,42978.51,53717.0,2023-09-11
PROD002870,Classic Watches & Jewellery 627,Fashion,Watches & Jewellery,SELR001128,255.18,352.26,2025-06-23
PROD002871,Compact Footwear 313,Fashion,Footwear,SELR001041,3252.67,4586.79,2023-02-19
PROD002872,Compact Dairy 806,Grocery,Dairy,SELR000874,194.41,221.83,2023-06-20
PROD002873,Superior Team Sports 884,Sports & Fitness,Team Sports,SELR000099,1850.13,2222.4,2023-06-06
PROD002874,Smart Tablets 362,Electronics,Tablets,SELR001149,1984.22,2218.51,2023-08-12
PROD002875,Classic Bags 474,Fashion,Bags,SELR000355,405.86,548.56,2024-09-26
PROD002876,Ultra Self-Help 740,Books,Self-Help,SELR000511,468.21,558.66,2023-06-09
PROD002877,Premium Cookware 407,Home & Kitchen,Cookware,SELR001045,393.97,488.1,2023-04-16
PROD002878,Premium Smart Watches 838,Electronics,Smart Watches,SELR000637,52251.99,58932.78,2023-03-04
PROD002879,Superior Baby Care 665,Toys & Baby Products,Baby Care,SELR000806,365.31,490.82,2024-01-04
PROD002880,Comfort Bags 952,Fashion,Bags,SELR000561,429.35,587.83,2024-05-29
PROD002881,Signature Furniture 253,Home & Kitchen,Furniture,SELR000087,403.82,583.76,2022-11-28
PROD002882,Essential Kids Wear 594,Fashion,Kids Wear,SELR000635,1441.11,2140.65,2023-07-19
PROD002883,Everyday Children's Books 546,Books,Children's Books,SELR001192,908.97,1115.31,2023-10-29
PROD002884,Trendy Comics 873,Books,Comics,SELR000676,190.85,229.98,2022-12-03
PROD002885,Deluxe Storage 973,Home & Kitchen,Storage,SELR000963,2119.96,2780.46,2023-09-15
PROD002886,Pro Team Sport 342,Sports & Fitness,Team Sports,SELR001080,4376.22,5371.46,2023-06-16
PROD002887,Ultra Baby Care 361,Toys & Baby Products,Baby Care,SELR000364,262.15,338.98,2025-08-29
PROD002888,Essential Dairy 703,Grocery,Dairy,SELR000253,39.63,46.71,2024-07-02
PROD002889,Elite Furniture 309,Home & Kitchen,Furniture,SELR000140,2284.12,2812.95,2024-01-13
PROD002890,Superior Cookware 179,Home & Kitchen,Cookware,SELR000173,3614.54,5059.1,2024-01-02
PROD002891,Classic Toys 978,Toys & Baby Products,Toys,SELR000364,626.6,827.2,2023-10-08
PROD002892,Classic Accessories 299,Electronics,Accessories,SELR000927,17422.57,19898.1,2024-10-25
PROD002893,Essential Headphone 242,Electronics,Headphones,SELR000273,11079.56,13445.82,2023-10-16
PROD002894,Advanced Footwear 374,Fashion,Footwear,SELR000920,2558.51,4124.0,2023-02-08
PROD002895,Basic Snacks 403,Grocery,Snacks,SELR000827,1190.32,1279.78,2024-01-13
PROD002896,Pro Women's Clothing 491,Fashion,Women's Clothing,SELR001125,2645.93,4065.21,2023-11-15
PROD002897,Smart Bags 762,Fashion,Bags,SELR000900,729.97,1184.73,2023-11-09
PROD002898,Elite Fragrances 809,Beauty & Personal Care,Fragrances,SELR001040,1912.38,2834.73,2025-06-20
PROD002899,Premium Footwear 548,Fashion,Footwear,SELR001044,295.19,402.03,2023-01-30
PROD002900,Elite Women's Clothing 193,Fashion,Women's Clothing,SELR001004,3553.8,5841.68,2023-07-19
PROD002901,Comfort Furniture 134,Home & Kitchen,Furniture,SELR000336,933.71,1198.69,2023-08-04
PROD002902,Elite Watches & Jewellery 268,Fashion,Watches & Jewellery,SELR000155,1458.95,1935.53,2023-03-24
PROD002903,Basic Toys 845,Toys & Baby Products,Toys,SELR000531,1209.72,1744.62,2024-01-26
PROD002904,Trendy Footwear 225,Fashion,Footwear,SELR000688,589.79,920.05,2023-05-27
PROD002905,Everyday Personal Care Essentials 219,Grocery,Personal Care Essentials,SELR000827,233.84,255.93,2024-02-08
PROD002906,Trendy Storage 567,Home & Kitchen,Storage,SELR000087,1623.94,2187.04,2024-01-04
PROD002907,Pro Cameras 254,Electronics,Cameras,SELR000811,22782.11,27278.0,2022-12-31
PROD002908,Superior Smartphones 747,Electronics,Smartphones,SELR000919,46767.54,52428.79,2023-02-02
PROD002909,Everyday Home Decor 518,Home & Kitchen,Home Decor,SELR000525,15137.44,20384.84,2024-05-24
PROD002910,Classic Bags 704,Fashion,Bags,SELR001038,775.84,1029.25,2025-02-02
PROD002911,Premium Women's Clothing 998,Fashion,Women's Clothing,SELR000917,588.59,855.38,2023-01-18
PROD002912,Compact Diapers 805,Toys & Baby Products,Diapers,SELR000553,4009.87,5570.14,2023-03-06
PROD002913,Advanced Furniture 718,Home & Kitchen,Furniture,SELR000258,382.04,494.9,2023-12-25
PROD002914,Everyday Educational Toy 995,Toys & Baby Products,Educational Toys,SELR000916,840.39,1187.07,2023-06-19
PROD002915,Superior Bags 120,Fashion,Bags,SELR000076,2358.13,3243.96,2024-11-12
PROD002916,Deluxe Footwear 288,Fashion,Footwear,SELR000376,289.25,389.43,2023-07-30
PROD002917,Everyday Fragrances 715,Beauty & Personal Care,Fragrances,SELR000084,606.39,774.33,2024-02-15
PROD002918,Smart Kids Wear 386,Fashion,Kids Wear,SELR000635,514.58,816.88,2023-01-22
PROD002919,Trendy Kids Wear 307,Fashion,Kids Wear,SELR000464,798.92,1317.13,2025-04-13
PROD002920,Comfort Camera 798,Electronics,Cameras,SELR000164,22227.14,25509.76,2023-01-02
PROD002921,Smart Headphones 242,Electronics,Headphones,SELR000805,827.08,988.28,2022-12-18
PROD002922,Comfort Self-Help 207,Books,Self-Help,SELR001052,576.05,693.88,2023-07-07
PROD002923,Premium Kids Wear 676,Fashion,Kids Wear,SELR000095,3434.4,5387.82,2024-01-16
PROD002924,Elite Toys 991,Toys & Baby Products,Toys,SELR000135,929.82,1120.18,2023-06-03
PROD002925,Premium Kids Wear 642,Fashion,Kids Wear,SELR000643,664.56,978.92,2023-10-22
PROD002926,Signature Footwear 454,Fashion,Footwear,SELR000389,515.29,820.95,2024-01-24
PROD002927,Superior Kitchen Appliances 988,Home & Kitchen,Kitchen Appliances,SELR000807,1705.67,2160.87,2022-11-29
PROD002928,Ultra Furniture 837,Home & Kitchen,Furniture,SELR000290,7285.81,9908.01,2023-10-14
PROD002929,Classic Personal Care Essential 306,Grocery,Personal Care Essentials,SELR000513,64.86,72.89,2024-12-14
PROD002930,Comfort Packaged Food 259,Grocery,Packaged Food,SELR000637,454.04,505.71,2024-01-13
PROD002931,Deluxe Laptop 332,Electronics,Laptops,SELR000726,3024.03,3701.84,2023-10-31
PROD002932,Elite Kitchen Appliance 898,Home & Kitchen,Kitchen Appliances,SELR000538,5002.47,6122.5,2025-06-18
PROD002933,Essential Personal Care Essentials 303,Grocery,Personal Care Essentials,SELR000745,74.97,85.28,2023-08-30
PROD002934,Trendy Smartphone 961,Electronics,Smartphones,SELR000186,2143.71,2729.54,2022-12-05
PROD002935,Compact Personal Hygiene 364,Beauty & Personal Care,Personal Hygiene,SELR000785,202.65,298.8,2024-02-21
PROD002936,Classic Men's Clothing 819,Fashion,Men's Clothing,SELR000530,4478.24,6364.93,2024-01-05
PROD002937,Ultra Bedding 972,Home & Kitchen,Bedding,SELR000346,3544.65,4410.65,2023-02-22
PROD002938,Comfort Kitchen Appliances 684,Home & Kitchen,Kitchen Appliances,SELR000410,3826.64,5537.64,2024-02-10
PROD002939,Advanced Cookware 706,Home & Kitchen,Cookware,SELR000683,16106.9,21175.89,2023-09-22
PROD002940,Ultra Baby Care 801,Toys & Baby Products,Baby Care,SELR000289,2665.61,3749.58,2023-06-23
PROD002941,Premium Haircare 201,Beauty & Personal Care,Haircare,SELR000893,344.1,515.05,2024-07-21
PROD002942,Superior Toys 491,Toys & Baby Products,Toys,SELR000537,265.1,383.0,2024-11-14
PROD002943,Classic Fitness Equipment 734,Sports & Fitness,Fitness Equipment,SELR001143,6881.06,9135.62,2023-11-24
PROD002944,Pro Kids Wear 238,Fashion,Kids Wear,SELR000647,761.42,1241.94,2023-05-05
PROD002945,Everyday Furniture 778,Home & Kitchen,Furniture,SELR000069,401.42,535.74,2023-05-25
PROD002946,Classic Bedding 700,Home & Kitchen,Bedding,SELR000369,2202.86,2880.69,2024-05-15
PROD002947,Compact Personal Care Essentials 337,Grocery,Personal Care Essentials,SELR000871,46.61,50.81,2024-01-10
PROD002948,Deluxe Bags 382,Fashion,Bags,SELR001095,4285.7,6783.33,2025-06-26
PROD002949,Advanced Toys 265,Toys & Baby Products,Toys,SELR001126,2835.93,3764.36,2024-10-14
PROD002950,Ultra Makeup 577,Beauty & Personal Care,Makeup,SELR001097,1010.12,1415.69,2023-01-03
PROD002951,Basic Haircare 891,Beauty & Personal Care,Haircare,SELR000985,1061.91,1602.47,2025-01-24
PROD002952,Classic Kitchen Appliances 982,Home & Kitchen,Kitchen Appliances,SELR000422,810.01,1165.37,2023-07-08
PROD002953,Advanced Fragrances 867,Beauty & Personal Care,Fragrances,SELR000002,2271.72,3125.41,2023-12-15
PROD002954,Trendy Outdoor Gear 343,Sports & Fitness,Outdoor Gear,SELR001026,10913.23,15503.68,2024-03-03
PROD002955,Elite Outdoor Gear 387,Sports & Fitness,Outdoor Gear,SELR000718,235.66,285.28,2023-12-02
PROD002956,Ultra Women's Clothing 687,Fashion,Women's Clothing,SELR001106,1930.97,3039.89,2022-11-29
PROD002957,Trendy Skincare 407,Beauty & Personal Care,Skincare,SELR000283,267.2,373.97,2022-12-10
PROD002958,Elite Women's Clothing 490,Fashion,Women's Clothing,SELR000579,1188.07,1729.79,2023-03-12
PROD002959,Compact Skincare 171,Beauty & Personal Care,Skincare,SELR000128,149.9,197.22,2023-05-23
PROD002960,Classic Makeup 793,Beauty & Personal Care,Makeup,SELR001040,1651.27,2100.29,2022-12-30
PROD002961,Classic Watches & Jewellery 200,Fashion,Watches & Jewellery,SELR000671,1509.72,2297.72,2023-12-31
PROD002962,Pro Academic 402,Books,Academic,SELR000310,1076.56,1397.09,2024-02-14
PROD002963,Pro Bedding 630,Home & Kitchen,Bedding,SELR000070,14373.08,19324.66,2023-07-08
PROD002964,Comfort Grooming Tools 577,Beauty & Personal Care,Grooming Tools,SELR000988,137.27,183.01,2023-12-01
PROD002965,Trendy Sportswear 692,Sports & Fitness,Sportswear,SELR001030,1401.31,1695.27,2023-02-22
PROD002966,Classic Outdoor Gear 809,Sports & Fitness,Outdoor Gear,SELR000951,232.81,298.23,2025-03-10
PROD002967,Elite Non-Fiction 372,Books,Non-Fiction,SELR000613,260.22,318.65,2024-01-14
PROD002968,Pro Women's Clothing 218,Fashion,Women's Clothing,SELR001005,3706.21,5325.5,2023-12-06
PROD002969,Essential Smart Watche 768,Electronics,Smart Watches,SELR000929,988.4,1183.33,2025-08-01
PROD002970,Compact Team Sports 849,Sports & Fitness,Team Sports,SELR000440,866.05,1234.36,2023-12-12
PROD002971,Premium Kids Wear 354,Fashion,Kids Wear,SELR000320,870.14,1229.18,2023-10-19
PROD002972,Premium Smart Watches 784,Electronics,Smart Watches,SELR001001,19300.72,22944.41,2023-12-02
PROD002973,Smart Tablets 368,Electronics,Tablets,SELR000805,9188.22,10358.54,2024-02-14
PROD002974,Elite Men's Clothing 681,Fashion,Men's Clothing,SELR000924,739.45,973.3,2024-01-05
PROD002975,Basic Educational Toys 988,Toys & Baby Products,Educational Toys,SELR001091,2116.8,2670.12,2024-10-09
PROD002976,Signature Bags 734,Fashion,Bags,SELR000849,354.18,533.51,2023-06-30
PROD002977,Trendy Kids Wear 326,Fashion,Kids Wear,SELR000081,1334.39,1882.19,2025-07-25
PROD002978,Classic Diapers 668,Toys & Baby Products,Diapers,SELR000254,4381.63,5954.11,2025-01-27
PROD002979,Comfort Baby Feeding 744,Toys & Baby Products,Baby Feeding,SELR000673,3862.57,4925.36,2023-04-20
PROD002980,Everyday Watches & Jewellery 947,Fashion,Watches & Jewellery,SELR000927,1231.98,1779.88,2025-06-16
PROD002981,Classic Baby Feeding 196,Toys & Baby Products,Baby Feeding,SELR000407,638.96,774.38,2023-05-13
PROD002982,Essential Smartphone 586,Electronics,Smartphones,SELR000164,2101.63,2640.66,2024-05-13
PROD002983,Trendy Children's Book 834,Books,Children's Books,SELR000973,825.07,939.69,2023-07-12
PROD002984,Signature Smartphones 258,Electronics,Smartphones,SELR000273,866.46,969.02,2023-04-02
PROD002985,Everyday Furniture 418,Home & Kitchen,Furniture,SELR000370,4102.1,5230.84,2023-06-04
PROD002986,Trendy Men's Clothing 712,Fashion,Men's Clothing,SELR000429,2265.9,2950.3,2023-08-21
PROD002987,Ultra Team Sports 997,Sports & Fitness,Team Sports,SELR000594,3747.85,5327.93,2022-12-26
PROD002988,Basic Smart Watches 579,Electronics,Smart Watches,SELR000610,974.23,1223.76,2023-08-10
PROD002989,Ultra Kitchen Appliance 771,Home & Kitchen,Kitchen Appliances,SELR001157,12859.7,17273.7,2024-05-11
PROD002990,Classic Fitness Equipment 823,Sports & Fitness,Fitness Equipment,SELR000266,641.16,859.6,2023-07-09
PROD002991,Smart Tablets 563,Electronics,Tablets,SELR000699,3135.13,3975.28,2024-07-30
PROD002992,Essential Diaper 638,Toys & Baby Products,Diapers,SELR000583,1009.2,1412.55,2023-09-02
PROD002993,Pro Bedding 832,Home & Kitchen,Bedding,SELR000961,3645.36,4689.15,2023-12-17
PROD002994,Classic Women's Clothing 101,Fashion,Women's Clothing,SELR000999,1061.06,1706.14,2023-01-04
PROD002995,Essential Men's Clothing 898,Fashion,Men's Clothing,SELR000691,756.05,1073.19,2025-07-21
PROD002996,Signature Men's Clothing 835,Fashion,Men's Clothing,SELR001183,3967.54,5621.69,2024-04-01
PROD002997,Everyday Women's Clothing 972,Fashion,Women's Clothing,SELR000444,2998.11,4084.62,2023-11-08
PROD002998,Classic Home Decor 131,Home & Kitchen,Home Decor,SELR000122,7672.34,10446.04,2024-03-20
PROD002999,Advanced Fragrance 493,Beauty & Personal Care,Fragrances,SELR000576,176.69,224.25,2023-11-21
PROD003000,Deluxe Furniture 436,Home & Kitchen,Furniture,SELR000358,1017.55,1395.28,2022-11-28
PROD003001,Ultra Furniture 423,Home & Kitchen,Furniture,SELR000333,1310.56,1680.62,2023-04-11
PROD003002,Everyday Non-Fiction 637,Books,Non-Fiction,SELR001002,422.78,546.0,2023-07-23
PROD003003,Ultra Women's Clothing 493,Fashion,,SELR000515,355.55,542.43,2023-09-11
PROD003004,Classic Grooming Tool 968,Beauty & Personal Care,Grooming Tools,SELR000283,2262.9,3195.96,2023-05-13
PROD003005,Signature Diapers 476,,Diapers,SELR000946,4409.91,5951.06,2024-01-06
PROD003006,Classic Bags 348,Fashion,Bags,SELR001153,1746.78,2754.59,2023-06-13
PROD003007,Superior Fragrances 737,Beauty & Personal Care,Fragrances,SELR000914,228.24,323.65,2023-09-15
PROD003008,Elite Toys 706,Toys & Baby Products,Toys,SELR000553,1292.83,1590.22,2023-01-17
PROD003009,Ultra Makeup 994,Beauty & Personal Care,Makeup,SELR000623,519.95,770.15,2024-01-28
PROD003010,Basic Baby Gear 149,Toys & Baby Products,Baby Gear,SELR000026,173.01,225.5,2023-07-17
PROD003011,Pro Footwear 546,Fashion,Footwear,SELR000775,380.94,518.65,2023-07-01
PROD003012,Compact Personal Hygiene 830,Beauty & Personal Care,Personal Hygiene,SELR000217,624.78,786.51,2023-03-31
PROD003013,Basic Watches & Jewellery 100,Fashion,Watches & Jewellery,SELR000400,853.84,1117.67,2025-03-23
PROD003014,Advanced Smartphones 590,Electronics,Smartphones,SELR000694,46853.96,58985.94,2022-11-27
PROD003015,Pro Diapers 272,Toys & Baby Products,Diapers,SELR000709,315.06,383.25,2023-06-22
PROD003016,Classic Women's Clothing 809,Fashion,Women's Clothing,SELR000389,515.89,675.78,2024-03-19
PROD003017,Classic Diaper 159,Toys & Baby Products,Diapers,SELR000384,1972.81,2650.42,2025-07-23
PROD003018,Ultra Team Sports 835,Sports & Fitness,Team Sports,SELR001080,1853.78,2619.38,2023-09-11
PROD003019,Basic Baby Feeding 630,Toys & Baby Products,Baby Feeding,SELR000990,2561.98,3336.26,2024-11-09
PROD003020,Essential Diaper 474,Toys & Baby Products,Diapers,SELR000499,1275.15,1671.02,2023-07-27
PROD003021,Comfort Grooming Tool 829,Beauty & Personal Care,Grooming Tools,SELR001139,894.35,1158.6,2023-02-12
PROD003022,Essential Diapers 920,Toys & Baby Products,Diapers,SELR000710,429.61,542.59,2023-09-09
PROD003023,Ultra Comics 172,Books,Comics,SELR000494,150.35,179.59,2023-03-06
PROD003024,Comfort Personal Hygiene 927,Beauty & Personal Care,Personal Hygiene,SELR000936,1243.9,1702.67,2025-04-13
PROD003025,Ultra Team Sports 890,Sports & Fitness,Team Sports,SELR000519,11176.47,14255.85,2023-10-30
PROD003026,Ultra Watches & Jewellery 254,Fashion,Watches & Jewellery,SELR001182,3873.48,5297.93,2023-01-22
PROD003027,Smart Smartphones 711,Electronics,Smartphones,SELR001052,3278.78,3703.5,2023-04-27
PROD003028,Signature Kids Wear 629,Fashion,Kids Wear,SELR000643,497.26,673.78,2023-05-10
PROD003029,Compact Storage 338,Home & Kitchen,Storage,SELR000328,3873.99,4905.02,2024-02-05
PROD003030,Basic Kids Wear 909,Fashion,Kids Wear,SELR001041,319.75,445.48,2023-11-24
PROD003031,Advanced Bedding 551,Home & Kitchen,Bedding,SELR000998,4824.13,6361.03,2024-06-13
PROD003032,Trendy Yoga Accessorie 367,Sports & Fitness,Yoga Accessories,SELR001136,379.06,460.88,2023-09-02
PROD003033,Essential Sportswear 352,Sports & Fitness,Sportswear,SELR000269,3962.17,5452.05,2023-03-17
PROD003034,Premium Toy 514,Toys & Baby Products,Toys,SELR000656,756.72,1007.91,2023-11-25
PROD003035,Elite Educational Toy 565,Toys & Baby Products,Educational Toys,SELR000060,348.6,460.62,2023-05-04
PROD003036,Elite Toy 343,Toys & Baby Products,Toys,SELR000772,1930.5,2688.97,2024-01-16
PROD003037,Elite Skincare 421,Beauty & Personal Care,Skincare,SELR000059,359.06,521.96,2024-01-10
PROD003038,Signature Men's Clothing 464,Fashion,Men's Clothing,SELR000882,1020.02,1589.98,2023-03-21
PROD003039,Elite Baby Feeding 462,Toys & Baby Products,Baby Feeding,SELR000710,1690.7,2346.0,2023-06-03
PROD003040,Trendy Kids Wear 751,Fashion,Kids Wear,SELR000421,402.64,568.82,2024-09-01
PROD003041,Advanced Men's Clothing 534,Fashion,Men's Clothing,SELR001183,537.73,783.19,2023-01-10
PROD003042,Ultra Bag 723,Fashion,Bags,SELR000958,958.37,1469.71,2023-09-27
PROD003043,Essential Makeup 492,Beauty & Personal Care,Makeup,SELR000480,750.69,1068.95,2023-07-22
PROD003044,Smart Outdoor Gear 180,Sports & Fitness,Outdoor Gear,SELR000186,2670.38,3386.63,2024-07-14
PROD003045,Everyday Tablets 515,Electronics,Tablets,SELR001121,2162.53,2462.54,2024-05-19
PROD003046,Classic Comics 816,Books,Comics,SELR000356,692.15,787.33,2023-07-16
PROD003047,Superior Watches & Jewellery 441,Fashion,Watches & Jewellery,SELR000486,623.34,871.48,2023-05-03
PROD003048,Deluxe Women's Clothing 337,Fashion,Women's Clothing,SELR000879,1383.46,2246.01,2023-06-30
PROD003049,Basic Kids Wear 960,Fashion,Kids Wear,SELR000245,3168.22,4235.55,2024-02-20
PROD003050,Smart Women's Clothing 278,Fashion,Women's Clothing,SELR000237,1191.38,1564.31,2022-12-30
PROD003051,Superior Children's Book 138,Books,Children's Books,SELR000481,714.9,848.9,2023-02-08
PROD003052,Premium Laptops 996,Electronics,Laptops,SELR000335,2057.99,2443.12,2022-12-22
PROD003053,Smart Bag 387,Fashion,Bags,SELR000076,879.25,1433.26,2023-09-10
PROD003054,Signature Smart Watches 789,Electronics,Smart Watches,SELR000687,925.7,1176.56,2023-04-28
PROD003055,Premium Academic 119,Books,Academic,SELR000057,177.66,203.62,2025-09-26
PROD003056,Premium Toys 510,Toys & Baby Products,Toys,SELR001126,2022.08,2690.67,2024-09-24
PROD003057,Signature Team Sports 425,Sports & Fitness,Team Sports,SELR000594,7827.56,10454.96,2023-03-26
PROD003058,Trendy Grooming Tools 752,Beauty & Personal Care,Grooming Tools,SELR000893,610.65,801.08,2023-01-05
PROD003059,Basic Baby Gear 112,Toys & Baby Products,Baby Gear,SELR001019,4192.58,5727.58,2023-11-14
PROD003060,Premium Bags 120,Fashion,Bags,SELR000923,1422.57,2242.7,2022-12-08
PROD003061,Everyday Headphones 267,Electronics,Headphones,SELR001151,1248.82,1568.46,2024-01-07
PROD003062,Superior Storage 193,Home & Kitchen,Storage,SELR000276,2328.39,3270.24,2024-02-20
PROD003063,Comfort Watches & Jewellery 306,Fashion,Watches & Jewellery,SELR000421,1961.04,2859.08,2024-03-29
PROD003064,Essential Home Decor 536,Home & Kitchen,Home Decor,SELR000964,7011.03,9715.6,2023-03-04
PROD003065,Superior Furniture 311,Home & Kitchen,Furniture,SELR000114,304.61,421.31,2023-03-12
PROD003066,Deluxe Watches & Jewellery 692,Fashion,Watches & Jewellery,SELR000153,1087.95,1733.99,2024-02-22
PROD003067,Basic Cookware 430,Home & Kitchen,Cookware,SELR000456,8256.42,10396.88,2025-08-21
PROD003068,Pro Storage 808,Home & Kitchen,Storage,SELR000158,327.95,414.91,2023-08-04
PROD003069,Trendy Smartphone 641,Electronics,Smartphones,SELR000568,20821.32,26169.14,2023-12-29
PROD003070,Comfort Staples 826,Grocery,Staples,SELR000058,464.92,538.59,2023-02-23
PROD003071,Deluxe Sportswear 207,Sports & Fitness,Sportswear,SELR000889,2214.28,2937.53,2023-06-01
PROD003072,Signature Tablets 702,Electronics,Tablets,SELR000758,57057.65,63591.11,2023-02-01
PROD003073,Premium Accessorie 702,Electronics,Accessories,SELR000636,5102.73,5868.39,2025-05-18
PROD003074,Comfort Smartphone 125,Electronics,Smartphones,SELR000766,1368.31,1654.3,2023-02-27
PROD003075,Elite Accessories 172,Electronics,Accessories,SELR001140,2545.96,3012.72,2023-01-26
PROD003076,Compact Cameras 884,Electronics,Cameras,SELR001185,1458.65,1706.9,2023-05-13
PROD003077,Compact Watches & Jewellery 453,Fashion,Watches & Jewellery,SELR000125,445.98,719.78,2023-08-13
PROD003078,Superior Staples 340,Grocery,Staples,SELR000395,231.56,267.67,2025-01-22
PROD003079,Classic Staples 816,Grocery,Staples,SELR000140,200.61,213.67,2024-01-15
PROD003080,Elite Non-Fiction 478,Books,Non-Fiction,SELR001035,560.04,632.06,2025-02-19
PROD003081,Signature Personal Hygiene 456,Beauty & Personal Care,Personal Hygiene,SELR000084,427.98,605.2,2024-01-24
PROD003082,Comfort Yoga Accessories 275,Sports & Fitness,Yoga Accessories,SELR001100,4871.72,6940.5,2024-05-22
PROD003083,Deluxe Non-Fiction 379,Books,Non-Fiction,SELR000654,165.03,204.54,2023-05-24
PROD003084,Basic Toys 408,Toys & Baby Products,Toys,SELR000172,780.18,1085.91,2024-03-26
PROD003085,Elite Self-Help 172,Books,Self-Help,SELR000112,1032.76,1255.77,2024-01-19
PROD003086,Signature Comics 395,Books,Comics,SELR000356,202.47,255.87,2023-07-15
PROD003087,Advanced Staple 166,Grocery,Staples,SELR000615,235.52,274.59,2023-05-24
PROD003088,Advanced Fragrance 295,Beauty & Personal Care,Fragrances,SELR000664,742.19,1136.4,2023-09-26
PROD003089,Advanced Watches & Jewellery 958,Fashion,Watches & Jewellery,SELR001114,263.0,409.92,2024-10-12
PROD003090,Basic Laptops 736,Electronics,Laptops,SELR001124,3672.12,4481.27,2024-02-28
PROD003091,Trendy Storage 870,Home & Kitchen,Storage,SELR000203,14215.31,19480.65,2025-06-12
PROD003092,Deluxe Laptops 661,Electronics,Laptops,SELR000392,21177.78,23898.05,2023-06-19
PROD003093,Pro Men's Clothing 557,Fashion,Men's Clothing,SELR000658,409.25,614.16,2023-01-07
PROD003094,Everyday Laptops 719,Electronics,Laptops,SELR000852,5314.57,5952.36,2023-04-24
PROD003095,Smart Men's Clothing 638,Fashion,Men's Clothing,SELR000484,2052.1,3169.75,2023-08-17
PROD003096,Smart Toys 503,Toys & Baby Products,Toys,SELR000674,206.8,250.68,2024-02-18
PROD003097,Deluxe Storage 240,Home & Kitchen,Storage,SELR001045,1414.84,1932.08,2025-04-04
PROD003098,Elite Kids Wear 595,Fashion,Kids Wear,SELR001041,3308.34,4803.97,2024-02-28
PROD003099,Smart Home Decor 566,Home & Kitchen,Home Decor,SELR000690,423.32,598.28,2023-07-23
PROD003100,Classic Bags 580,Fashion,Bags,SELR000917,358.69,546.32,2023-11-21
PROD003101,Premium Fitness Equipment 774,Sports & Fitness,Fitness Equipment,SELR001092,1086.96,1551.52,2023-01-11
PROD003102,Ultra Grooming Tools 780,Beauty & Personal Care,Grooming Tools,SELR000539,1160.39,1450.54,2023-11-28
PROD003103,Comfort Camera 415,Electronics,Cameras,SELR000932,4120.97,4666.82,2024-05-25
PROD003104,Pro Home Decor 201,Home & Kitchen,Home Decor,SELR000998,957.82,1256.43,2023-06-02
PROD003105,Compact Smartphones 335,Electronics,Smartphones,SELR000736,8650.47,10758.67,2023-04-24
PROD003106,Basic Team Sport 817,Sports & Fitness,Team Sports,SELR000788,284.91,373.31,2023-08-01
PROD003107,Ultra Baby Feeding 881,Toys & Baby Products,Baby Feeding,SELR000455,2962.32,3874.85,2023-09-05
PROD003108,Essential Baby Feeding 437,Toys & Baby Products,Baby Feeding,SELR000379,926.65,1292.35,2023-05-07
PROD003109,Smart Women's Clothing 817,Fashion,Women's Clothing,SELR000042,1962.53,2901.6,2025-07-15
PROD003110,Pro Comics 519,Books,Comics,SELR000057,1105.41,1245.27,2023-09-07
PROD003111,Everyday Self-Help 420,Books,Self-Help,SELR000324,113.42,135.76,2025-02-27
PROD003112,Deluxe Staple 163,Grocery,Staples,SELR000679,55.63,60.41,2023-12-11
PROD003113,Advanced Bags 726,Fashion,Bags,SELR000668,385.78,594.99,2025-06-17
PROD003114,Pro Kitchen Appliances 664,Home & Kitchen,Kitchen Appliances,SELR001157,1683.45,2376.8,2024-09-24
PROD003115,Compact Men's Clothing 112,Fashion,Men's Clothing,SELR000205,515.51,782.65,2025-05-18
PROD003116,Comfort Accessories 783,Electronics,Accessories,SELR000123,2045.15,2255.0,2023-07-31
PROD003117,Compact Outdoor Gear 470,Sports & Fitness,Outdoor Gear,SELR000735,3357.62,4151.29,2023-11-27
PROD003118,Essential Cookware 544,Home & Kitchen,Cookware,SELR000132,5138.32,7085.0,2023-11-18
PROD003119,Superior Kids Wear 147,Fashion,Kids Wear,SELR000888,1724.42,2599.02,2023-04-30
PROD003120,Ultra Dairy 256,Grocery,Dairy,SELR000768,956.26,1022.32,2023-03-03
PROD003121,Classic Storage 150,Home & Kitchen,Storage,SELR001043,13615.59,16817.61,2025-04-16
PROD003122,Essential Educational Toys 757,Toys & Baby Products,Educational Toys,SELR000857,851.94,1218.96,2023-09-03
PROD003123,Pro Self-Help 197,Books,Self-Help,SELR000938,193.66,246.1,2023-03-27
PROD003124,Superior Snacks 928,Grocery,Snacks,SELR000827,305.44,355.34,2023-11-18
PROD003125,Elite Self-Help 618,Books,Self-Help,SELR000229,111.75,136.35,2023-08-28
PROD003126,Advanced Smart Watches 979,Electronics,Smart Watches,SELR001199,1833.92,2023.28,2022-12-20
PROD003127,Everyday Headphones 300,Electronics,Headphones,SELR000078,16552.79,20441.75,2023-10-10
PROD003128,Ultra Baby Feeding 498,Toys & Baby Products,Baby Feeding,SELR000085,1983.27,2740.37,2023-03-23
PROD003129,Premium Headphone 239,Electronics,Headphones,SELR000694,26967.31,31943.48,2024-03-03
PROD003130,Signature Furniture 715,Home & Kitchen,Furniture,SELR000038,1244.98,1739.64,2022-12-08
PROD003131,Compact Skincare 987,Beauty & Personal Care,Skincare,SELR000556,1025.31,1343.15,2025-09-20
PROD003132,Compact Footwear 500,Fashion,Footwear,SELR000538,879.73,1199.75,2022-11-29
PROD003133,Smart Kids Wear 615,Fashion,Kids Wear,SELR001044,2375.07,3293.02,2023-09-14
PROD003134,Everyday Furniture 369,Home & Kitchen,Furniture,SELR001023,3840.33,5334.73,2025-01-10
PROD003135,Signature Cookware 860,Home & Kitchen,Cookware,SELR000530,17391.75,22950.54,2025-08-24
PROD003136,Compact Cycling 203,Sports & Fitness,Cycling,SELR001136,7118.64,9724.69,2023-10-15
PROD003137,Comfort Headphones 623,Electronics,Headphones,SELR000569,830.28,971.79,2024-01-13
PROD003138,Comfort Kitchen Appliances 101,Home & Kitchen,Kitchen Appliances,SELR000681,1506.34,1879.18,2023-05-22
PROD003139,Essential Men's Clothing 975,Fashion,Men's Clothing,SELR000583,884.32,1185.66,2023-08-16
PROD003140,Essential Haircare 520,Beauty & Personal Care,Haircare,SELR000556,1766.03,2399.28,2023-09-08
PROD003141,Classic Laptops 752,Electronics,Laptops,SELR000392,1789.86,2162.74,2024-01-06
PROD003142,Pro Watches & Jewellery 204,Fashion,Watches & Jewellery,SELR000125,2981.53,4851.62,2023-02-23
PROD003143,Advanced Personal Care Essentials 176,Grocery,Personal Care Essentials,SELR001107,991.94,1156.45,2025-08-21
PROD003144,Smart Footwear 602,Fashion,Footwear,SELR001004,683.66,1009.69,2025-10-11
PROD003145,Classic Children's Books 710,Books,Children's Books,SELR000261,250.01,321.52,2023-04-05
PROD003146,Elite Men's Clothing 753,Fashion,Men's Clothing,SELR000921,326.94,488.45,2023-05-12
PROD003147,Deluxe Women's Clothing 239,Fashion,Women's Clothing,SELR000397,510.36,815.36,2023-06-21
PROD003148,Comfort Men's Clothing 293,Fashion,Men's Clothing,SELR000888,666.43,1067.81,2023-10-18
PROD003149,Advanced Diapers 313,Toys & Baby Products,Diapers,SELR000537,3884.97,4828.99,2023-10-01
PROD003150,Smart Bedding 782,Home & Kitchen,Bedding,SELR000730,6581.07,8558.65,2025-06-12
PROD003151,Signature Bags 847,Fashion,Bags,SELR000104,801.98,1119.59,2023-03-01
PROD003152,Deluxe Makeup 641,Beauty & Personal Care,Makeup,SELR000047,873.46,1181.75,2023-12-08
PROD003153,Advanced Home Decor 365,Home & Kitchen,Home Decor,SELR001043,6223.69,8707.28,2025-05-10
PROD003154,Premium Comics 527,Books,Comics,SELR000310,265.33,297.39,2023-07-23
PROD003155,Comfort Toys 342,Toys & Baby Products,Toys,SELR000191,189.11,239.88,2024-06-20
PROD003156,Advanced Haircare 137,Beauty & Personal Care,Haircare,SELR000548,2586.06,3538.1,2024-04-28
PROD003157,Elite Furniture 410,Home & Kitchen,Furniture,SELR000973,6316.61,9066.22,2024-01-06
PROD003158,Pro Footwear 692,Fashion,Footwear,SELR000715,671.18,1004.39,2023-06-01
PROD003159,Elite Diapers 797,Toys & Baby Products,Diapers,SELR000207,2979.01,4032.69,2023-05-07
PROD003160,Advanced Cookware 881,Home & Kitchen,Cookware,SELR000865,474.97,663.53,2024-01-02
PROD003161,Everyday Men's Clothing 837,Fashion,Men's Clothing,SELR000611,3410.54,5351.37,2025-06-20
PROD003162,Deluxe Baby Feeding 655,Toys & Baby Products,Baby Feeding,SELR000239,2099.5,2916.05,2023-06-04
PROD003163,Smart Toys 412,Toys & Baby Products,Toys,SELR000302,1285.03,1621.65,2024-09-01
PROD003164,Ultra Storage 652,Home & Kitchen,Storage,SELR000127,12494.83,15614.15,2025-09-27
PROD003165,Ultra Watches & Jewellery 690,Fashion,Watches & Jewellery,SELR000635,2731.63,3894.7,2023-10-16
PROD003166,Premium Sportswear 454,Sports & Fitness,Sportswear,SELR000605,3156.34,4422.9,2023-10-09
PROD003167,Deluxe Staple 457,Grocery,Staples,SELR000142,682.18,736.3,2023-05-20
PROD003168,Superior Storage 100,Home & Kitchen,Storage,SELR000870,3659.54,4645.23,2023-02-19
PROD003169,Ultra Bags 514,Fashion,Bags,SELR000555,345.67,511.5,2023-12-28
PROD003170,Basic Men's Clothing 789,Fashion,Men's Clothing,SELR000966,4340.66,7134.23,2023-11-29
PROD003171,Essential Footwear 993,Fashion,Footwear,SELR000634,1311.34,2059.14,2023-12-26
PROD003172,Classic Camera 701,Electronics,Cameras,SELR000227,2398.45,2735.16,2023-04-30
PROD003173,Comfort Academic 708,Books,Academic,SELR000494,577.01,727.89,2024-02-12
PROD003174,Basic Laptops 844,Electronics,Laptops,SELR000687,20886.61,23368.17,2023-11-09
PROD003175,Everyday Furniture 533,Home & Kitchen,Furniture,SELR000230,1290.11,1587.05,2023-03-17
PROD003176,Compact Snack 656,Grocery,Snacks,SELR000987,649.81,713.11,2023-07-06
PROD003177,Premium Storage 338,Home & Kitchen,Storage,SELR000968,1742.83,2358.3,2023-04-21
PROD003178,Ultra Watches & Jewellery 241,Fashion,Watches & Jewellery,SELR000722,250.4,356.55,2023-08-01
PROD003179,Superior Educational Toys 471,Toys & Baby Products,Educational Toys,SELR000866,1921.57,2443.3,2023-02-21
PROD003180,Pro Smart Watche 268,Electronics,Smart Watches,SELR000474,9831.08,12543.38,2023-10-30
PROD003181,Basic Baby Feeding 798,Toys & Baby Products,Baby Feeding,SELR000513,227.0,287.62,2023-06-26
PROD003182,Deluxe Tablets 880,Electronics,Tablets,SELR000291,16193.67,19557.22,2023-09-28
PROD003183,Signature Cookware 438,Home & Kitchen,Cookware,SELR000282,16449.75,20199.61,2023-09-18
PROD003184,Superior Skincare 487,Beauty & Personal Care,Skincare,SELR001139,2025.65,2828.95,2023-09-28
PROD003185,Trendy Storage 692,Home & Kitchen,Storage,SELR000488,759.59,1014.65,2023-11-11
PROD003186,Everyday Fragrance 847,Beauty & Personal Care,Fragrances,SELR001065,452.28,589.68,2023-09-26
PROD003187,Elite Kids Wear 911,Fashion,Kids Wear,SELR001026,471.35,660.29,2023-07-22
PROD003188,Compact Fragrances 690,Beauty & Personal Care,Fragrances,SELR000093,709.78,904.92,2025-01-25
PROD003189,Trendy Smartphones 178,Electronics,Smartphones,SELR001151,1182.41,1371.26,2024-05-15
PROD003190,Smart Academic 574,Books,Academic,SELR000011,578.12,749.3,2023-12-03
PROD003191,Compact Skincare 425,Beauty & Personal Care,Skincare,SELR000571,124.73,192.29,2023-07-03
PROD003192,Everyday Storage 458,Home & Kitchen,Storage,SELR000961,4977.45,7103.95,2023-04-14
PROD003193,Classic Camera 363,Electronics,Cameras,SELR000636,8460.61,10011.68,2023-03-23
PROD003194,Signature Storage 131,Home & Kitchen,Storage,SELR001053,7468.85,10058.72,2023-02-18
PROD003195,Signature Personal Hygiene 337,Beauty & Personal Care,Personal Hygiene,SELR000719,2155.98,3272.6,2025-04-11
PROD003196,Signature Kids Wear 546,Fashion,Kids Wear,SELR000614,1158.26,1738.34,2025-10-05
PROD003197,Elite Sportswear 699,Sports & Fitness,Sportswear,SELR001030,1295.26,1777.55,2023-04-21
PROD003198,Smart Headphones 759,Electronics,Headphones,SELR000291,16079.39,19570.34,2025-09-26
PROD003199,Pro Women's Clothing 204,Fashion,Women's Clothing,SELR000917,299.37,490.14,2025-03-06
PROD003200,Smart Academic 487,Books,Academic,SELR000426,228.71,266.29,2024-01-15
PROD003201,Ultra Footwear 699,Fashion,Footwear,SELR000681,460.11,609.3,2025-07-25
PROD003202,Pro Kids Wear 768,Fashion,Kids Wear,SELR000541,936.8,1231.47,2024-02-13
PROD003203,Superior Team Sports 391,Sports & Fitness,Team Sports,SELR000545,386.49,464.3,2023-12-28
PROD003204,Compact Fitness Equipment 815,Sports & Fitness,Fitness Equipment,SELR000588,408.92,592.45,2025-09-03
PROD003205,Trendy Smart Watches 865,Electronics,Smart Watches,SELR000526,8653.08,9622.98,2023-08-10
PROD003206,Ultra Smart Watches 471,Electronics,Smart Watches,SELR000641,9561.16,11551.24,2023-08-05
PROD003207,Premium Storage 910,Home & Kitchen,Storage,SELR000964,2825.29,3665.18,2025-05-23
PROD003208,Deluxe Grooming Tools 844,Beauty & Personal Care,Grooming Tools,SELR000548,995.33,1286.74,2025-05-27
PROD003209,Advanced Bedding 924,Home & Kitchen,Bedding,SELR001123,737.12,1067.93,2023-04-23
PROD003210,Compact Outdoor Gear 770,Sports & Fitness,Outdoor Gear,SELR000907,1096.5,1356.31,2023-04-29
PROD003211,Ultra Children's Books 280,Books,Children's Books,SELR000500,170.13,212.73,2024-02-05
PROD003212,Advanced Toys 653,Toys & Baby Products,Toys,SELR000786,225.49,290.54,2025-07-10
PROD003213,Premium Men's Clothing 545,Fashion,Men's Clothing,SELR000421,645.9,891.21,2023-01-20
PROD003214,Pro Bags 561,Fashion,Bags,SELR000921,991.98,1327.81,2023-11-21
PROD003215,Compact Watches & Jewellery 506,Fashion,Watches & Jewellery,SELR000309,935.53,1226.87,2024-04-20
PROD003216,Smart Watches & Jewellery 216,Fashion,Watches & Jewellery,SELR000643,4130.32,6243.83,2023-11-21
PROD003217,Premium Cookware 738,Home & Kitchen,Cookware,SELR000409,407.95,515.59,2023-06-29
PROD003218,Essential Personal Care Essential 425,Grocery,Personal Care Essentials,SELR000903,534.97,614.04,2022-11-30
PROD003219,Trendy Bags 664,Fashion,Bags,SELR000645,717.95,970.63,2023-04-12
PROD003220,Ultra Kids Wear 381,Fashion,Kids Wear,SELR000931,1176.72,1643.58,2023-12-29
PROD003221,Advanced Skincare 434,Beauty & Personal Care,Skincare,SELR001191,163.88,221.85,2025-05-18
PROD003222,Comfort Toys 518,Toys & Baby Products,Toys,SELR000207,2088.3,2690.84,2024-01-06
PROD003223,Elite Bags 455,Fashion,Bags,SELR000205,281.27,377.51,2022-12-01
PROD003224,Essential Non-Fiction 730,Books,Non-Fiction,SELR000011,438.33,532.13,2023-04-23
PROD003225,Pro Snacks 985,Grocery,Snacks,SELR000458,420.43,474.5,2023-10-09
PROD003226,Classic Kitchen Appliances 626,Home & Kitchen,Kitchen Appliances,SELR000789,2297.57,3054.11,2024-04-17
PROD003227,Essential Skincare 290,Beauty & Personal Care,Skincare,SELR000524,2650.66,3999.01,2023-06-21
PROD003228,Compact Furniture 835,Home & Kitchen,Furniture,SELR001012,1438.59,1971.3,2024-01-03
PROD003229,Trendy Kids Wear 419,Fashion,Kids Wear,SELR001182,265.21,346.72,2023-02-09
PROD003230,Premium Bedding 199,Home & Kitchen,Bedding,SELR000656,1105.58,1540.73,2022-12-29
PROD003231,Smart Laptop 122,Electronics,Laptops,SELR000918,46833.04,57273.8,2023-09-16
PROD003232,Compact Cycling 817,Sports & Fitness,Cycling,SELR000161,3606.59,4356.87,2023-03-13
PROD003233,Advanced Packaged Food 706,Grocery,Packaged Food,SELR000339,1141.39,1221.76,2023-02-19
PROD003234,Deluxe Kids Wear 813,Fashion,Kids Wear,SELR000204,3859.83,5209.21,2023-08-03
PROD003235,Compact Skincare 776,Beauty & Personal Care,Skincare,SELR000217,133.61,189.61,2023-09-01
PROD003236,Superior Watches & Jewellery 442,Fashion,Watches & Jewellery,SELR000197,347.22,454.88,2023-12-07
PROD003237,Everyday Tablets 938,Electronics,Tablets,SELR001151,15084.2,18597.11,2023-01-13
PROD003238,Compact Outdoor Gear 413,Sports & Fitness,Outdoor Gear,SELR000500,663.63,884.87,2023-11-21
PROD003239,Classic Tablets 794,Electronics,Tablets,SELR000852,10527.68,11885.25,2023-10-01
PROD003240,Essential Fiction 539,Books,Fiction,SELR000932,296.8,366.45,2023-10-06
PROD003241,Advanced Men's Clothing 208,Fashion,Men's Clothing,SELR000643,3233.89,4678.15,2025-04-16
PROD003242,Premium Personal Care Essentials 400,Grocery,Personal Care Essentials,SELR000416,462.67,518.28,2023-12-13
PROD003243,Comfort Furniture 743,Home & Kitchen,Furniture,SELR000258,5425.32,7603.41,2023-01-22
PROD003244,Superior Storage 796,Home & Kitchen,Storage,SELR000181,2633.43,3249.8,2023-10-08
PROD003245,Smart Academic 919,Books,Academic,SELR000840,879.38,1080.03,2023-01-27
PROD003246,Trendy Bedding 282,Home & Kitchen,Bedding,SELR000872,3508.77,4691.85,2023-09-16
PROD003247,Essential Kids Wear 970,Fashion,Kids Wear,SELR000451,413.35,607.7,2023-06-22
PROD003248,Premium Snacks 565,Grocery,Snacks,SELR000689,245.0,270.98,2023-02-12
PROD003249,Superior Women's Clothing 386,Fashion,Women's Clothing,SELR001041,384.68,602.72,2024-07-11
PROD003250,Everyday Smartphones 396,Electronics,Smartphones,SELR000590,5957.93,7305.13,2023-06-17
PROD003251,Basic Cookware 412,Home & Kitchen,Cookware,SELR001158,363.63,485.81,2023-05-14
PROD003252,Signature Personal Hygiene 156,Beauty & Personal Care,Personal Hygiene,SELR001107,152.17,223.69,2023-06-22
PROD003253,Deluxe Makeup 378,Beauty & Personal Care,Makeup,SELR000953,778.63,1078.72,2023-06-14
PROD003254,Ultra Staples 681,Grocery,Staples,SELR000871,1348.81,1482.51,2022-12-05
PROD003255,Elite Makeup 137,Beauty & Personal Care,Makeup,SELR000257,468.12,688.72,2023-06-12
PROD003256,Basic Footwear 114,Fashion,Footwear,SELR000598,1140.31,1745.22,2023-06-01
PROD003257,Compact Men's Clothing 632,Fashion,Men's Clothing,SELR000025,4201.82,6485.45,2024-10-13
PROD003258,Deluxe Accessories 729,Electronics,Accessories,SELR000565,1552.09,1765.79,2023-03-11
PROD003259,Smart Comic 974,Books,Comics,SELR000294,867.29,978.85,2023-02-23
PROD003260,Basic Smartphones 532,Electronics,Smartphones,SELR000687,7508.05,9483.21,2023-01-07
PROD003261,Elite Personal Hygiene 655,Beauty & Personal Care,Personal Hygiene,SELR001154,1459.83,1875.44,2025-03-20
PROD003262,Basic Haircare 618,Beauty & Personal Care,Haircare,SELR000988,1301.09,1775.49,2025-09-25
PROD003263,Deluxe Comics 938,Books,Comics,SELR000637,938.03,1147.31,2023-12-05
PROD003264,Basic Smartphone 241,Electronics,Smartphones,SELR000208,8936.12,9843.75,2023-03-16
PROD003265,Classic Bags 838,Fashion,Bags,SELR000833,514.43,743.08,2024-09-07
PROD003266,Basic Baby Feeding 310,Toys & Baby Products,Baby Feeding,SELR000851,1899.03,2525.73,2023-02-22
PROD003267,Everyday Skincare 510,Beauty & Personal Care,Skincare,SELR000163,1866.29,2352.1,2024-02-02
PROD003268,Classic Bedding 625,Home & Kitchen,Bedding,SELR000180,1125.3,1527.53,2024-10-28
PROD003269,Advanced Self-Help 224,Books,Self-Help,SELR000639,512.19,619.97,2023-02-03
PROD003270,Smart Educational Toys 863,Toys & Baby Products,Educational Toys,SELR000419,607.43,739.78,2023-12-04
PROD003271,Classic Watches & Jewellery 876,Fashion,Watches & Jewellery,SELR000264,1870.31,3022.99,2024-10-05
PROD003272,Smart Diaper 783,Toys & Baby Products,Diapers,SELR000644,2557.72,3517.66,2025-07-17
PROD003273,Essential Cameras 744,Electronics,Cameras,SELR000991,13008.44,16117.03,2024-02-25
PROD003274,Compact Baby Care 379,Toys & Baby Products,Baby Care,SELR001101,2285.39,2746.43,2023-02-22
PROD003275,Everyday Kids Wear 328,Fashion,Kids Wear,SELR000153,703.29,1127.96,2023-04-08
PROD003276,Pro Bags 840,,Bags,SELR000739,2923.51,4527.02,2024-08-16
PROD003277,Trendy Tablets 764,Electronics,Tablets,SELR000897,3114.3,3873.01,2025-06-12
PROD003278,Pro Snacks 749,Grocery,Snacks,SELR000269,74.22,80.67,2025-04-19
PROD003279,Advanced Toy 399,Toys & Baby Products,Toys,SELR000567,981.63,1318.17,2024-02-14
PROD003280,Pro Women's Clothing 487,Fashion,Women's Clothing,SELR000320,690.16,1043.06,2023-03-14
PROD003281,Everyday Watches & Jewellery 764,Fashion,Watches & Jewellery,SELR000255,1941.19,2646.0,2024-01-02
PROD003282,Trendy Footwear 274,Fashion,Footwear,SELR000444,575.75,889.49,2023-01-27
PROD003283,Premium Women's Clothing 885,Fashion,Women's Clothing,SELR000966,3646.64,5869.47,2023-06-26
PROD003284,Essential Comics 329,Books,Comics,SELR000216,136.81,167.26,2023-06-14
PROD003285,Ultra Laptops 240,,Laptops,SELR000215,26995.04,30847.74,2023-12-02
PROD003286,Advanced Baby Feeding 604,Toys & Baby Products,Baby Feeding,SELR001126,1430.85,1869.99,2023-06-10
PROD003287,Smart Baby Care 694,Toys & Baby Products,Baby Care,SELR000085,1532.32,1851.09,2025-04-01
PROD003288,Smart Laptop 975,Electronics,Laptops,SELR000141,3167.93,3659.96,2023-02-05
PROD003289,Pro Personal Hygiene 234,Beauty & Personal Care,Personal Hygiene,SELR000065,461.81,593.13,2025-08-12
PROD003290,Advanced Toys 171,Toys & Baby Products,Toys,SELR000751,693.44,926.0,2023-02-23
PROD003291,Trendy Dairy 821,Grocery,Dairy,SELR001161,33.3,36.5,2023-08-26
PROD003292,Everyday Yoga Accessories 149,Sports & Fitness,Yoga Accessories,SELR000594,413.31,596.43,2023-07-14
PROD003293,Trendy Headphones 489,Electronics,Headphones,SELR000485,1418.34,1720.35,2025-04-07
PROD003294,Essential Smart Watches 444,Electronics,Smart Watches,SELR000367,4683.37,5393.93,2023-07-27
PROD003295,Deluxe Self-Help 600,Books,Self-Help,SELR000765,833.81,1033.53,2024-04-22
PROD003296,Smart Home Decor 990,Home & Kitchen,Home Decor,SELR001123,3802.87,4721.43,2023-08-01
PROD003297,Superior Outdoor Gear 668,Sports & Fitness,Outdoor Gear,SELR001092,577.45,732.86,2023-10-16
PROD003298,Classic Academic 411,Books,Academic,SELR000733,292.62,376.27,2024-05-29
PROD003299,Basic Furniture 822,Home & Kitchen,Furniture,SELR000275,1566.31,2029.06,2023-04-15
PROD003300,Elite Bags 537,Fashion,Bags,SELR000327,306.89,440.31,2022-12-15
PROD003301,Basic Storage 530,Home & Kitchen,Storage,SELR000608,371.72,484.73,2023-10-10
PROD003302,Basic Staples 883,Grocery,Staples,SELR001133,1322.38,1489.97,2023-11-23
PROD003303,Elite Watches & Jewellery 256,Fashion,Watches & Jewellery,SELR000761,457.22,642.28,2025-03-19
PROD003304,Pro Laptops 853,Electronics,Laptops,SELR000335,9858.03,10878.05,2024-09-29
PROD003305,Basic Baby Feeding 174,Toys & Baby Products,Baby Feeding,SELR000544,3515.84,4727.17,2025-07-12
PROD003306,Pro Cycling 232,Sports & Fitness,Cycling,SELR001080,1501.02,2069.99,2025-01-01
PROD003307,Ultra Personal Hygiene 159,Beauty & Personal Care,Personal Hygiene,SELR000496,228.63,287.27,2024-01-03
PROD003308,Premium Beverage 708,Grocery,Beverages,SELR001070,332.94,359.31,2025-02-05
PROD003309,Signature Storage 186,Home & Kitchen,Storage,SELR001108,315.42,452.2,2023-04-12
PROD003310,Compact Baby Feeding 428,Toys & Baby Products,Baby Feeding,SELR000287,2380.99,2925.17,2023-09-08
PROD003311,Deluxe Beverages 879,Grocery,Beverages,SELR000987,999.99,1068.1,2023-03-30
PROD003312,Essential Men's Clothing 537,Fashion,Men's Clothing,SELR000344,2546.31,3679.58,2023-09-13
PROD003313,Everyday Cookware 759,Home & Kitchen,Cookware,SELR001113,2503.37,3438.92,2024-02-13
PROD003314,Premium Watches & Jewellery 168,Fashion,Watches & Jewellery,SELR000583,332.59,538.04,2025-09-15
PROD003315,Deluxe Yoga Accessorie 893,Sports & Fitness,Yoga Accessories,SELR001136,360.12,516.91,2024-08-03
PROD003316,Advanced Skincare 119,Beauty & Personal Care,Skincare,SELR000970,161.09,209.68,2024-03-02
PROD003317,Smart Fragrance 425,Beauty & Personal Care,Fragrances,SELR000905,144.42,197.77,2025-08-19
PROD003318,Pro Baby Feeding 250,Toys & Baby Products,Baby Feeding,SELR000379,1190.99,1615.3,2025-02-21
PROD003319,Signature Kitchen Appliances 764,Home & Kitchen,Kitchen Appliances,SELR000875,8919.76,11966.1,2024-02-18
PROD003320,Signature Academic 106,Books,Academic,SELR001058,353.48,416.65,2023-05-11
PROD003321,Classic Outdoor Gear 678,Sports & Fitness,Outdoor Gear,SELR000269,2876.03,4104.48,2025-10-04
PROD003322,Ultra Furniture 735,Home & Kitchen,Furniture,SELR000828,1284.99,1673.0,2023-12-19
PROD003323,Advanced Tablet 910,Electronics,Tablets,SELR000897,3620.59,4130.85,2023-10-07
PROD003324,Basic Yoga Accessories 870,Sports & Fitness,Yoga Accessories,SELR000735,2035.76,2496.65,2023-08-06
PROD003325,Superior Fitness Equipment 606,Sports & Fitness,Fitness Equipment,SELR000972,6101.34,7531.73,2023-04-01
PROD003326,Comfort Cameras 335,Electronics,Cameras,SELR001017,1718.96,1912.07,2023-01-28
PROD003327,Essential Non-Fiction 278,Books,Non-Fiction,SELR000494,256.36,322.08,2024-01-02
PROD003328,Comfort Furniture 745,Home & Kitchen,Furniture,SELR000140,12456.79,16441.53,2024-10-29
PROD003329,Elite Men's Clothing 732,Fashion,Men's Clothing,SELR000945,493.29,766.56,2023-10-02
PROD003330,Essential Dairy 272,Grocery,Dairy,SELR000977,442.85,505.65,2024-02-24
PROD003331,Basic Men's Clothing 327,Fashion,Men's Clothing,SELR000923,900.65,1349.05,2024-12-13
PROD003332,Basic Fragrances 910,Beauty & Personal Care,Fragrances,SELR001170,146.49,194.1,2023-07-20
PROD003333,Trendy Haircare 595,Beauty & Personal Care,Haircare,SELR000134,2371.35,2993.9,2023-02-15
PROD003334,Advanced Camera 961,Electronics,Cameras,SELR001140,3013.65,3437.96,2025-06-30
PROD003335,Pro Kitchen Appliances 663,Home & Kitchen,Kitchen Appliances,SELR000223,511.34,732.54,2024-01-10
PROD003336,Pro Watches & Jewellery 387,Fashion,Watches & Jewellery,SELR000077,359.73,529.26,2023-04-10
PROD003337,Classic Footwear 377,Fashion,Footwear,SELR000923,2829.78,3682.55,2023-06-08
PROD003338,Superior Yoga Accessorie 906,Sports & Fitness,Yoga Accessories,SELR000092,311.9,400.93,2025-09-04
PROD003339,Superior Headphones 241,Electronics,Headphones,SELR000823,1530.44,1733.81,2023-06-28
PROD003340,Superior Baby Care 817,Toys & Baby Products,Baby Care,SELR001091,1192.2,1481.5,2024-02-15
PROD003341,Deluxe Kitchen Appliance 509,Home & Kitchen,Kitchen Appliances,SELR000690,4102.87,5869.45,2023-06-11
PROD003342,Basic Bags 477,Fashion,Bags,SELR001024,485.22,666.83,2025-06-02
PROD003343,Comfort Baby Feeding 753,Toys & Baby Products,Baby Feeding,SELR000455,156.11,187.91,2023-04-26
PROD003344,Smart Cookware 881,Home & Kitchen,Cookware,SELR000340,1521.89,2027.89,2023-04-16
PROD003345,Comfort Makeup 388,Beauty & Personal Care,Makeup,SELR000976,216.14,291.12,2023-04-20
PROD003346,Essential Team Sports 736,Sports & Fitness,Team Sports,SELR000545,355.24,486.79,2025-02-24
PROD003347,Compact Dairy 789,Grocery,Dairy,SELR000211,139.54,160.21,2023-07-20
PROD003348,Pro Smartphone 617,Electronics,Smartphones,SELR000151,8996.86,10507.55,2023-05-22
PROD003349,Smart Cameras 689,Electronics,Cameras,SELR000351,12570.13,13843.36,2023-01-31
PROD003350,Deluxe Educational Toy 649,Toys & Baby Products,Educational Toys,SELR001091,1688.23,2182.48,2024-06-15
PROD003351,Classic Accessorie 187,Electronics,Accessories,SELR001122,7654.73,9141.39,2023-02-05
PROD003352,Signature Sportswear 294,Sports & Fitness,Sportswear,SELR000019,1967.76,2706.84,2023-05-06
PROD003353,Deluxe Personal Hygiene 256,Beauty & Personal Care,Personal Hygiene,SELR000819,171.34,239.31,2023-10-14
PROD003354,Compact Grooming Tool 319,Beauty & Personal Care,Grooming Tools,SELR000283,156.83,207.05,2025-02-03
PROD003355,Smart Comics 342,Books,Comics,SELR000441,158.75,194.91,2023-04-21
PROD003356,Advanced Baby Care 559,Toys & Baby Products,Baby Care,SELR000240,1256.33,1768.57,2025-06-13
PROD003357,Comfort Smartphones 409,Electronics,Smartphones,SELR000823,7937.92,9795.73,2022-12-08
PROD003358,Basic Skincare 522,Beauty & Personal Care,Skincare,SELR000107,2099.22,2708.13,2023-03-16
PROD003359,Compact Sportswear 126,Sports & Fitness,Sportswear,SELR000396,3828.45,4908.01,2023-01-05
PROD003360,Smart Women's Clothing 592,Fashion,Women's Clothing,SELR001117,558.45,914.21,2023-10-12
PROD003361,Smart Baby Care 373,Toys & Baby Products,Baby Care,SELR000422,309.39,442.0,2022-12-02
PROD003362,Pro Storage 613,Home & Kitchen,Storage,SELR001081,8746.09,12437.68,2022-12-18
PROD003363,Ultra Footwear 255,Fashion,Footwear,SELR000037,1359.91,2046.18,2025-02-24
PROD003364,Classic Staple 533,Grocery,Staples,SELR000155,144.91,160.58,2024-11-10
PROD003365,Basic Baby Care 368,Toys & Baby Products,Baby Care,SELR000621,2961.79,3841.26,2024-01-17
PROD003366,Advanced Tablet 717,Electronics,Tablets,SELR000902,6801.35,8701.31,2023-03-08
PROD003367,Essential Non-Fiction 475,Books,Non-Fiction,SELR001088,239.64,303.87,2023-08-17
PROD003368,Smart Men's Clothing 165,Fashion,Men's Clothing,SELR000583,557.06,729.06,2025-05-19
PROD003369,Advanced Headphones 717,Electronics,Headphones,SELR000818,10875.08,12900.91,2023-10-28
PROD003370,Basic Watches & Jewellery 831,Fashion,Watches & Jewellery,SELR000015,2429.01,3161.24,2024-02-14
PROD003371,Signature Staples 581,Grocery,Staples,SELR000003,39.54,45.99,2022-12-31
PROD003372,Elite Kids Wear 316,Fashion,Kids Wear,SELR000196,1003.49,1482.39,2022-12-17
PROD003373,Advanced Accessories 767,Electronics,Accessories,SELR001001,2152.8,2726.88,2023-10-08
PROD003374,Ultra Comics 437,Books,Comics,SELR000192,969.29,1175.75,2023-05-15
PROD003375,Trendy Kitchen Appliances 959,Home & Kitchen,Kitchen Appliances,SELR000147,731.89,1058.34,2023-11-01
PROD003376,Elite Watches & Jewellery 396,Fashion,Watches & Jewellery,SELR000849,3297.74,4888.87,2025-07-31
PROD003377,Trendy Kids Wear 558,Fashion,Kids Wear,SELR000921,1528.41,2222.14,2023-06-18
PROD003378,Comfort Non-Fiction 295,Books,Non-Fiction,SELR000314,165.54,205.71,2024-02-28
PROD003379,Essential Haircare 657,Beauty & Personal Care,Haircare,SELR000113,1034.17,1462.52,2024-01-06
PROD003380,Ultra Children's Book 461,Books,Children's Books,SELR000481,755.31,907.38,2023-05-13
PROD003381,Signature Accessories 118,Electronics,Accessories,SELR000392,35260.53,40163.98,2022-11-29
PROD003382,Superior Cookware 170,Home & Kitchen,Cookware,SELR000069,15394.19,19507.03,2025-08-18
PROD003383,Pro Academic 396,Books,Academic,SELR000412,147.62,181.36,2024-02-15
PROD003384,Ultra Women's Clothing 271,Fashion,Women's Clothing,SELR000878,327.18,444.56,2024-01-14
PROD003385,Superior Watches & Jewellery 544,Fashion,Watches & Jewellery,SELR001114,2056.25,2894.9,2022-12-22
PROD003386,Smart Bedding 275,Home & Kitchen,Bedding,SELR001012,7940.68,9971.73,2023-10-23
PROD003387,Essential Watches & Jewellery 761,Fashion,Watches & Jewellery,SELR000712,761.37,1092.73,2024-02-11
PROD003388,Basic Women's Clothing 302,Fashion,Women's Clothing,SELR000204,1002.23,1446.86,2024-03-30
PROD003389,Advanced Educational Toy 266,Toys & Baby Products,Educational Toys,SELR000135,582.26,746.52,2023-11-09
PROD003390,Superior Furniture 367,Home & Kitchen,Furniture,SELR000200,319.2,434.69,2023-07-31
PROD003391,Advanced Grooming Tool 677,Beauty & Personal Care,Grooming Tools,SELR000988,550.93,750.35,2024-04-17
PROD003392,Superior Laptops 726,Electronics,Laptops,SELR000375,2027.01,2554.94,2024-06-21
PROD003393,Comfort Makeup 277,Beauty & Personal Care,Makeup,SELR000819,258.07,393.89,2023-08-20
PROD003394,Essential Fragrances 315,Beauty & Personal Care,Fragrances,SELR000732,241.49,372.24,2023-10-08
PROD003395,Smart Baby Gear 440,Toys & Baby Products,Baby Gear,SELR000746,653.84,871.68,2023-03-09
PROD003396,Deluxe Storage 561,Home & Kitchen,Storage,SELR000303,1019.65,1464.23,2023-04-08
PROD003397,Elite Non-Fiction 830,Books,Non-Fiction,SELR000261,200.36,250.74,2023-09-17
PROD003398,Elite Bags 141,Fashion,Bags,SELR000902,265.25,396.7,2023-08-10
PROD003399,Trendy Skincare 473,Beauty & Personal Care,Skincare,SELR000732,1305.75,1816.64,2024-05-22
PROD003400,Everyday Baby Gear 325,Toys & Baby Products,Baby Gear,SELR000259,1431.48,1992.64,2023-12-16
PROD003401,Everyday Grooming Tools 497,Beauty & Personal Care,Grooming Tools,SELR000480,600.46,789.86,2023-05-03
PROD003402,Everyday Fitness Equipment 625,Sports & Fitness,Fitness Equipment,SELR000396,1015.2,1403.71,2023-07-03
PROD003403,Ultra Packaged Food 702,Grocery,Packaged Food,SELR000251,86.64,98.4,2025-06-17
PROD003404,Trendy Baby Gear 169,Toys & Baby Products,Baby Gear,SELR000946,252.3,361.44,2023-08-14
PROD003405,Premium Men's Clothing 513,Fashion,Men's Clothing,SELR001182,1428.39,2091.02,2023-08-12
PROD003406,Smart Watches & Jewellery 781,Fashion,Watches & Jewellery,SELR000627,2609.89,4121.05,2025-06-14
PROD003407,Everyday Grooming Tools 509,Beauty & Personal Care,Grooming Tools,SELR000373,164.15,220.3,2023-11-17
PROD003408,Smart Baby Feeding 630,Toys & Baby Products,,SELR000060,748.94,962.49,2023-02-08
PROD003409,Pro Cookware 517,Home & Kitchen,Cookware,SELR001043,1099.84,1430.9,2023-11-16
PROD003410,Smart Men's Clothing 170,Fashion,Men's Clothing,SELR000270,376.92,505.75,2022-12-27
PROD003411,Superior Skincare 669,Beauty & Personal Care,Skincare,SELR000283,277.38,352.56,2023-03-22
PROD003412,Signature Smart Watche 580,Electronics,Smart Watches,SELR001076,7542.58,8504.75,2023-06-01
PROD003413,Superior Watches & Jewellery 285,Fashion,Watches & Jewellery,SELR000444,303.92,484.14,2023-06-09
PROD003414,Trendy Kids Wear 155,Fashion,Kids Wear,SELR000154,1365.92,2205.17,2024-09-22
PROD003415,Deluxe Tablet 612,Electronics,Tablets,SELR000991,60422.19,72919.66,2024-02-01
PROD003416,Deluxe Yoga Accessories 857,Sports & Fitness,Yoga Accessories,SELR001165,5204.73,6453.27,2024-08-18
PROD003417,Signature Women's Clothing 977,Fashion,Women's Clothing,SELR000769,1881.84,2808.35,2023-08-04
PROD003418,Trendy Watches & Jewellery 303,Fashion,Watches & Jewellery,SELR000763,1766.03,2360.57,2024-11-24
PROD003419,Superior Furniture 545,Home & Kitchen,Furniture,SELR000608,13840.19,18214.0,2024-02-26
PROD003420,Essential Women's Clothing 901,Fashion,Women's Clothing,SELR000833,2353.85,3876.12,2023-04-22
PROD003421,Advanced Kitchen Appliance 717,Home & Kitchen,Kitchen Appliances,SELR000770,10715.24,13840.8,2023-09-08
PROD003422,Superior Watches & Jewellery 849,Fashion,Watches & Jewellery,SELR000917,798.97,1220.05,2023-12-03
PROD003423,Smart Smartphones 615,Electronics,Smartphones,SELR000794,8523.52,10005.37,2024-12-04
PROD003424,Trendy Team Sports 971,Sports & Fitness,Team Sports,SELR001084,2902.82,4143.43,2024-08-06
PROD003425,Elite Smartphone 553,Electronics,Smartphones,SELR000566,3120.13,3504.22,2023-03-26
PROD003426,Basic Watches & Jewellery 656,Fashion,Watches & Jewellery,SELR000686,1762.75,2655.33,2025-08-30
PROD003427,Advanced Footwear 678,Fashion,Footwear,SELR000678,3425.31,5343.24,2023-11-15
PROD003428,Comfort Footwear 614,Fashion,Footwear,SELR000429,787.79,1198.76,2023-09-14
PROD003429,Compact Bags 479,Fashion,Bags,SELR000561,3023.05,4297.62,2024-04-01
PROD003430,Deluxe Men's Clothing 580,Fashion,Men's Clothing,SELR000085,260.19,395.29,2024-02-02
PROD003431,Essential Women's Clothing 949,Fashion,Women's Clothing,SELR000329,269.45,438.7,2023-10-27
PROD003432,Smart Cameras 853,Electronics,Cameras,SELR001124,1676.18,1956.72,2024-08-31
PROD003433,Essential Personal Care Essentials 613,Grocery,Personal Care Essentials,SELR000768,1215.71,1300.31,2024-01-22
PROD003434,Comfort Men's Clothing 559,Fashion,Men's Clothing,SELR000445,253.16,338.29,2024-02-13
PROD003435,Comfort Cameras 152,Electronics,Cameras,SELR001064,61129.28,77934.41,2024-03-01
PROD003436,Compact Haircare 757,Beauty & Personal Care,Haircare,SELR000362,413.84,609.52,2023-09-29
PROD003437,Ultra Cameras 535,Electronics,Cameras,SELR000766,20351.33,22752.12,2023-03-12
PROD003438,Basic Children's Books 984,Books,Children's Books,SELR000348,177.99,227.83,2024-04-08
PROD003439,Trendy Smartphones 934,Electronics,Smartphones,SELR000852,1657.84,1979.05,2023-02-05
PROD003440,Ultra Cookware 921,Home & Kitchen,Cookware,SELR000089,815.19,1099.09,2023-11-30
PROD003441,Comfort Baby Feeding 940,Toys & Baby Products,Baby Feeding,SELR001019,298.8,374.68,2023-04-29
PROD003442,Superior Men's Clothing 660,Fashion,Men's Clothing,SELR000596,286.21,471.26,2024-08-24
PROD003443,Essential Kids Wear 235,Fashion,Kids Wear,SELR000376,346.66,501.09,2023-10-26
PROD003444,Trendy Fragrances 236,Beauty & Personal Care,Fragrances,SELR001040,460.15,617.11,2023-08-13
PROD003445,Signature Educational Toys 761,Toys & Baby Products,Educational Toys,SELR000662,2427.96,3118.53,2023-03-20
PROD003446,Trendy Furniture 819,Home & Kitchen,Furniture,SELR000612,3883.89,5223.4,2023-05-17
PROD003447,Trendy Sportswear 792,Sports & Fitness,Sportswear,SELR001145,6877.08,9661.41,2023-07-06
PROD003448,Classic Men's Clothing 283,Fashion,Men's Clothing,SELR000776,469.38,733.42,2023-11-29
PROD003449,Pro Outdoor Gear 219,Sports & Fitness,Outdoor Gear,SELR001032,5132.59,7338.56,2022-11-30
PROD003450,Comfort Women's Clothing 734,Fashion,Women's Clothing,SELR000686,4046.14,6303.64,2023-11-11
PROD003451,Trendy Personal Hygiene 388,Beauty & Personal Care,Personal Hygiene,SELR000830,510.69,683.25,2023-01-02
PROD003452,Superior Laptops 937,Electronics,Laptops,SELR001001,35846.23,45338.3,2023-12-29
PROD003453,Classic Skincare 505,Beauty & Personal Care,Skincare,SELR000248,164.27,232.66,2023-01-20
PROD003454,Pro Footwear 621,Fashion,Footwear,SELR000809,363.17,504.1,2023-03-20
PROD003455,Premium Sportswear 861,Sports & Fitness,Sportswear,SELR000523,960.31,1227.07,2023-05-15
PROD003456,Advanced Comics 883,Books,Comics,SELR000796,590.82,670.11,2025-03-14
PROD003457,Signature Snacks 973,Grocery,Snacks,SELR000466,331.06,374.02,2023-05-29
PROD003458,Deluxe Baby Feeding 136,Toys & Baby Products,Baby Feeding,SELR000916,2370.79,2902.25,2023-12-02
PROD003459,Comfort Bedding 605,Home & Kitchen,Bedding,SELR000279,1170.96,1616.32,2023-03-24
PROD003460,Deluxe Cycling 798,Sports & Fitness,Cycling,SELR000210,3685.68,4837.11,2023-05-23
PROD003461,Comfort Accessorie 985,Electronics,Accessories,SELR000109,6095.2,7763.41,2023-07-22
PROD003462,Advanced Educational Toys 496,Toys & Baby Products,Educational Toys,SELR000220,470.87,582.71,2023-01-24
PROD003463,Compact Grooming Tools 892,Beauty & Personal Care,Grooming Tools,SELR000936,2577.49,3847.89,2022-12-10
PROD003464,Ultra Storage 307,Home & Kitchen,Storage,SELR001045,791.87,1122.22,2024-10-02
PROD003465,Deluxe Kitchen Appliances 872,Home & Kitchen,Kitchen Appliances,SELR000977,842.85,1188.69,2023-11-23
PROD003466,Smart Academic 904,Books,Academic,SELR001067,475.02,573.28,2023-01-14
PROD003467,Basic Snack 850,Grocery,Snacks,SELR000423,1132.11,1309.99,2023-12-08
PROD003468,Comfort Snacks 963,Grocery,Snacks,SELR000155,49.87,57.09,2023-09-06
PROD003469,Essential Kitchen Appliance 983,Home & Kitchen,Kitchen Appliances,SELR000490,7602.83,10221.69,2025-10-16
PROD003470,Classic Kitchen Appliances 813,Home & Kitchen,Kitchen Appliances,SELR000807,928.99,1183.47,2023-01-17
PROD003471,Smart Baby Gear 140,Toys & Baby Products,Baby Gear,SELR000449,4566.65,5978.65,2024-05-28
PROD003472,Pro Haircare 993,Beauty & Personal Care,Haircare,SELR001051,637.48,911.25,2023-06-13
PROD003473,Advanced Grooming Tool 372,Beauty & Personal Care,Grooming Tools,SELR000763,165.9,211.43,2023-01-16
PROD003474,Essential Haircare 873,Beauty & Personal Care,Haircare,SELR000001,227.07,288.29,2023-09-30
PROD003475,Elite Haircare 488,Beauty & Personal Care,Haircare,SELR000107,2163.67,2800.67,2023-12-17
PROD003476,Superior Team Sports 618,Sports & Fitness,Team Sports,SELR000301,505.71,674.79,2023-06-23
PROD003477,Smart Grooming Tool 532,Beauty & Personal Care,Grooming Tools,SELR001191,2147.93,2716.51,2023-06-22
PROD003478,Compact Dairy 721,Grocery,Dairy,SELR000509,69.83,80.03,2025-07-10
PROD003479,Compact Staple 738,Grocery,Staples,SELR000174,228.66,258.69,2023-05-24
PROD003480,Pro Bedding 590,Home & Kitchen,Bedding,SELR000069,321.56,456.42,2023-03-17
PROD003481,Everyday Watches & Jewellery 431,Fashion,Watches & Jewellery,SELR000685,1331.73,2120.16,2025-05-02
PROD003482,Smart Skincare 144,Beauty & Personal Care,Skincare,SELR000480,2669.55,3923.31,2023-07-25
PROD003483,Compact Grooming Tools 380,Beauty & Personal Care,Grooming Tools,SELR000763,132.6,194.05,2025-05-31
PROD003484,Trendy Makeup 369,Beauty & Personal Care,Makeup,SELR000556,736.0,942.87,2025-01-10
PROD003485,Trendy Baby Gear 300,Toys & Baby Products,Baby Gear,SELR000499,387.19,480.97,2023-12-05
PROD003486,Deluxe Tablets 945,Electronics,Tablets,SELR000805,46706.11,58062.75,2025-09-23
PROD003487,Elite Watches & Jewellery 945,Fashion,Watches & Jewellery,SELR000764,1895.41,2970.41,2023-10-23
PROD003488,Superior Snacks 891,Grocery,Snacks,SELR000615,315.22,366.49,2023-07-02
PROD003489,Deluxe Toy 446,Toys & Baby Products,Toys,SELR000861,334.37,422.19,2023-11-13
PROD003490,Superior Bedding 271,Home & Kitchen,,SELR000926,3383.31,4758.05,2024-01-30
PROD003491,Ultra Kids Wear 308,Fashion,Kids Wear,SELR001183,2799.51,4595.93,2023-10-29
PROD003492,Basic Bedding 522,Home & Kitchen,Bedding,SELR000825,6801.1,8661.41,2023-07-14
PROD003493,Classic Bedding 434,Home & Kitchen,Bedding,SELR000409,771.35,1020.1,2024-02-26
PROD003494,Signature Home Decor 819,Home & Kitchen,Home Decor,SELR000111,4297.22,5749.63,2023-12-29
PROD003495,Essential Bags 366,Fashion,Bags,SELR000503,303.83,446.23,2023-03-19
PROD003496,Classic Watches & Jewellery 210,Fashion,Watches & Jewellery,SELR000958,2652.29,3671.07,2024-02-02
PROD003497,Deluxe Team Sports 343,Sports & Fitness,Team Sports,SELR000907,2692.86,3413.01,2025-02-14
PROD003498,Advanced Makeup 735,Beauty & Personal Care,Makeup,SELR000476,717.75,1048.13,2025-07-22
PROD003499,Premium Team Sports 461,Sports & Fitness,Team Sports,SELR000606,467.2,647.02,2025-05-13
PROD003500,Superior Cookware 512,Home & Kitchen,Cookware,SELR000609,4787.11,6184.63,2023-11-23