return_id,order_id,order_item_id,return_date,return_reason,return_status,refund_amount
RTRN000001,ORDR000034,,2024-01-13,Size issue,Rejected,4564.02
RTRN000002,ORDR000036,,2024-01-04,Product not as described,Refunded,9383.75
RTRN000003,ORDR000074,,2024-01-10,Size issue,Refunded,877.66
RTRN000004,ORDR000092,,2024-01-21,Damaged product,Refunded,11647.35
RTRN000005,ORDR000114,,2024-01-23,Damaged product,Rejected,10749.67
RTRN000006,ORDR000136,,2024-01-20,Quality issue,Rejected,2131.04
RTRN000007,ORDR000149,,2024-01-15,Quality issue,Rejected,877.59
RTRN000008,ORDR000195,,2024-01-21,Damaged product,Refunded,57.33
RTRN000009,ORDR000201,,2024-01-14,Late delivery,Rejected,25981.36
RTRN000010,ORDR000213,,2024-01-19,Damaged product,Refunded,1794.57
RTRN000011,ORDR000220,,2024-01-19,Product not as described,Refunded,38653.88
RTRN000012,ORDR000230,,2024-01-13,Damaged product,Rejected,154.7
RTRN000013,ORDR000256,,2024-01-19,Customer changed mind,Refunded,788.97
RTRN000014,ORDR000286,,2024-01-16,Product not as described,Refunded,11102.03
RTRN000015,ORDR000288,,2024-01-13,Damaged product,Refunded,5101.15
RTRN000016,ORDR000296,,2024-01-25,Damaged product,Refunded,2795.64
RTRN000017,ORDR000297,,2024-01-24,Quality issue,Refunded,2402.38
RTRN000018,ORDR000299,,2024-01-19,Damaged product,Refunded,20302.31
RTRN000019,ORDR000302,,2024-01-14,Customer changed mind,Rejected,1112.15
RTRN000020,ORDR000309,,2024-01-13,Wrong product,Rejected,73377.14
RTRN000021,ORDR000311,,2024-01-12,Late delivery,Refunded,5593.45
RTRN000022,ORDR000331,,2024-01-14,Product not as described,Refunded,906.65
RTRN000023,ORDR000377,,2024-01-30,Quality issue,Refunded,897.94
RTRN000024,ORDR000384,,2024-01-20,Wrong product,Rejected,11350.02
RTRN000025,ORDR000415,,2024-01-30,Product not as described,Refunded,15597.8
RTRN000026,ORDR000450,,2024-01-21,Quality issue,Refunded,27446.7
RTRN000027,ORDR000451,,2024-01-21,Customer changed mind,Refunded,9689.03
RTRN000028,ORDR000458,,2024-01-21,Customer changed mind,Refunded,10827.47
RTRN000029,ORDR000460,,2024-01-26,Quality issue,Refunded,37799.49
RTRN000030,ORDR000465,,2024-01-30,Product not as described,Refunded,378.2
RTRN000031,ORDR000474,,2024-01-16,Quality issue,Rejected,2526.91
RTRN000032,ORDR000487,,2024-01-25,Quality issue,Refunded,8573.39
RTRN000033,ORDR000497,,2024-01-19,Late delivery,Refunded,5215.21
RTRN000034,ORDR000511,,2024-02-04,Quality issue,Rejected,36089.49
RTRN000035,ORDR000513,,2024-01-17,Damaged product,Rejected,919.98
RTRN000036,ORDR000518,,2024-01-29,Damaged product,Refunded,20826.0
RTRN000037,ORDR000523,,2024-01-20,Customer changed mind,Refunded,4417.3
RTRN000038,ORDR000525,,2024-01-17,Quality issue,Refunded,22622.34
RTRN000039,ORDR000546,,2024-01-20,Quality issue,Rejected,907.38
RTRN000040,ORDR000548,,2024-01-24,Wrong product,Rejected,316.47
RTRN000041,ORDR000584,,2024-01-14,Wrong product,Refunded,1313.0
RTRN000042,ORDR000591,,2024-01-22,Customer changed mind,Rejected,10974.92
RTRN000043,ORDR000595,,2024-01-22,Product not as described,Rejected,2266.51
RTRN000044,ORDR000610,,2024-01-22,Damaged product,Refunded,5540.92
RTRN000045,ORDR000671,,2024-01-23,Customer changed mind,Refunded,16610.65
RTRN000046,ORDR000672,,2024-02-07,Quality issue,Refunded,137921.04
RTRN000047,ORDR000715,,2024-01-24,Customer changed mind,Refunded,33914.83
RTRN000048,ORDR000748,,2024-01-31,Quality issue,Refunded,1581.35
RTRN000049,ORDR000789,,2024-01-29,Late delivery,Refunded,1597.82
RTRN000050,ORDR000796,,2024-01-24,Damaged product,Rejected,13429.17
RTRN000051,ORDR000845,,2024-01-20,Quality issue,Rejected,773.1
RTRN000052,ORDR000846,,2024-01-27,Damaged product,Rejected,58405.49
RTRN000053,ORDR000856,,2024-01-27,Quality issue,Refunded,175.78
RTRN000054,ORDR000860,,2024-01-20,Customer changed mind,Refunded,6710.26
RTRN000055,ORDR000874,,2024-01-23,Late delivery,Rejected,73018.12
RTRN000056,ORDR000908,,2024-01-29,Wrong product,Refunded,19443.48
RTRN000057,ORDR000934,,2024-01-19,Quality issue,Rejected,1391.22
RTRN000058,ORDR000937,,2024-01-26,Size issue,Rejected,5491.62
RTRN000059,ORDR000953,,2024-01-22,Product not as described,Refunded,9296.21
RTRN000060,ORDR000965,,2024-01-22,Customer changed mind,Refunded,1374.91
RTRN000061,ORDR000971,,2024-01-22,Damaged product,Refunded,14897.78
RTRN000062,ORDR000997,,2024-01-22,Damaged product,Rejected,541.45
RTRN000063,ORDR001010,,2024-01-22,Size issue,Refunded,5168.23
RTRN000064,ORDR001029,,2024-01-23,Wrong product,Rejected,2044.6
RTRN000065,ORDR001040,,2024-01-28,Product not as described,Rejected,1258.72
RTRN000066,ORDR001041,,2024-01-31,Product not as described,Refunded,3259.76
RTRN000067,ORDR001068,,2024-01-29,Wrong product,Rejected,502.49
RTRN000068,ORDR001085,,2024-01-31,Damaged product,Refunded,8535.87
RTRN000069,ORDR001086,,2024-01-28,Size issue,Rejected,4609.86
RTRN000070,ORDR001099,,2024-01-31,Size issue,Rejected,5808.95
RTRN000071,ORDR001109,,2024-01-21,Quality issue,Rejected,870.65
RTRN000072,ORDR001112,,2024-01-25,Damaged product,Refunded,11208.83
RTRN000073,ORDR001142,,2024-01-28,Late delivery,Refunded,194367.81
RTRN000074,ORDR001169,,2024-02-01,Damaged product,Refunded,25318.94
RTRN000075,ORDR001191,,2024-02-04,Wrong product,Refunded,976.7
RTRN000076,ORDR001211,,2024-02-08,Size issue,Rejected,1362.31
RTRN000077,ORDR001212,,2024-02-03,Quality issue,Rejected,3049.76
RTRN000078,ORDR001231,,2024-02-04,Quality issue,Rejected,12370.16
RTRN000079,ORDR001251,,2024-01-27,Damaged product,Refunded,101093.03
RTRN000080,ORDR001266,,2024-02-10,Wrong product,Refunded,11831.04
RTRN000081,ORDR001287,,2024-02-07,Damaged product,Refunded,1978.07
RTRN000082,ORDR001296,,2024-02-03,Customer changed mind,Refunded,1539.62
RTRN000083,ORDR001302,,2024-02-01,Size issue,Rejected,2214.08
RTRN000084,ORDR001303,,2024-01-30,Damaged product,Rejected,27241.83
RTRN000085,ORDR001316,,2024-02-08,Damaged product,Refunded,18793.65
RTRN000086,ORDR001320,,2024-02-04,Damaged product,Refunded,7592.06
RTRN000087,ORDR001326,,2024-02-04,Damaged product,Refunded,1734.14
RTRN000088,ORDR001332,,2024-01-30,Quality issue,Rejected,16610.65
RTRN000089,ORDR001392,,2024-01-22,Damaged product,Refunded,17154.36
RTRN000090,ORDR001399,,2024-02-03,Customer changed mind,Refunded,7853.24
RTRN000091,ORDR001402,,2024-02-02,Damaged product,Refunded,3104.09
RTRN000092,ORDR001415,,2024-02-05,Size issue,Refunded,3909.87
RTRN000093,ORDR001417,,2024-01-30,Customer changed mind,Refunded,719.95
RTRN000094,ORDR001422,,2024-02-08,Damaged product,Refunded,10461.68
RTRN000095,ORDR001427,,2024-01-25,Wrong product,Refunded,14808.18
RTRN000096,ORDR001428,,2024-01-30,Damaged product,Refunded,8783.2
RTRN000097,ORDR001452,,2024-01-24,Customer changed mind,Refunded,1155.88
RTRN000098,ORDR001460,,2024-02-04,Quality issue,Rejected,3595.95
RTRN000099,ORDR001477,,2024-01-30,Customer changed mind,Refunded,277.43
RTRN000100,ORDR001498,,2024-02-04,Wrong product,Rejected,29424.9
RTRN000101,ORDR001505,,2024-01-31,Damaged product,Rejected,4102.07
RTRN000102,ORDR001511,,2024-01-28,Late delivery,Refunded,3363.46
RTRN000103,ORDR001518,,2024-01-22,Wrong product,Refunded,213.8
RTRN000104,ORDR001557,,2024-01-28,Size issue,Refunded,1086.68
RTRN000105,ORDR001572,,2024-01-29,Damaged product,Refunded,4672.05
RTRN000106,ORDR001595,,2024-02-01,Wrong product,Rejected,1410.68
RTRN000107,ORDR001622,,2024-01-30,Size issue,Refunded,5093.42
RTRN000108,ORDR001630,,2024-01-27,Size issue,Refunded,558.8
RTRN000109,ORDR001655,,2024-01-26,Damaged product,Rejected,1197.03
RTRN000110,ORDR001663,,2024-01-28,Damaged product,Refunded,30142.67
RTRN000111,ORDR001667,,2024-01-31,Damaged product,Rejected,10084.88
RTRN000112,ORDR001668,,2024-01-27,Damaged product,Refunded,288.19
RTRN000113,ORDR001699,,2024-02-09,Wrong product,Rejected,136.64
RTRN000114,ORDR001728,,2024-02-07,Damaged product,Refunded,634.83
RTRN000115,ORDR001730,,2024-02-05,Product not as described,Refunded,474.51
RTRN000116,ORDR001735,,2024-02-03,Product not as described,Rejected,17787.91
RTRN000117,ORDR001753,,2024-01-31,Customer changed mind,Rejected,28824.67
RTRN000118,ORDR001757,,2024-02-01,Damaged product,Refunded,165.29
RTRN000119,ORDR001788,,2024-01-30,Wrong product,Refunded,4991.89
RTRN000120,ORDR001802,,2024-02-10,Damaged product,Refunded,1531.0
RTRN000121,ORDR001821,,2024-02-06,Late delivery,Refunded,1664.0
RTRN000122,ORDR001823,,2024-02-08,Quality issue,Rejected,9905.84
RTRN000123,ORDR001842,,2024-02-05,Late delivery,Refunded,992.11
RTRN000124,ORDR001849,,2024-02-05,Late delivery,Refunded,174.03
RTRN000125,ORDR001867,,2024-01-28,Wrong product,Refunded,336.02
RTRN000126,ORDR001915,,2024-01-30,Quality issue,Refunded,1712.75
RTRN000127,ORDR001936,,2024-02-09,Damaged product,Refunded,328.1
RTRN000128,ORDR001939,,2024-02-05,Damaged product,Rejected,25334.61
RTRN000129,ORDR001951,,2024-02-09,Size issue,Rejected,4563.15
RTRN000130,ORDR001970,,2024-01-27,Product not as described,Rejected,1926.08
RTRN000131,ORDR001977,,2024-02-02,Wrong product,Rejected,1910.13
RTRN000132,ORDR001986,,2024-02-05,Quality issue,Refunded,1737.92
RTRN000133,ORDR002014,,2024-02-03,Quality issue,Refunded,1613.55
RTRN000134,ORDR002029,,2024-02-05,Damaged product,Rejected,821.63
RTRN000135,ORDR002032,,2024-01-31,Product not as described,Refunded,8312.63
RTRN000136,ORDR002035,,2024-01-29,Customer changed mind,Refunded,3419.15
RTRN000137,ORDR002127,,2024-02-06,Customer changed mind,Refunded,2615.46
RTRN000138,ORDR002151,,2024-02-05,Quality issue,Refunded,701.97
RTRN000139,ORDR002157,,2024-02-12,Late delivery,Refunded,491.87
RTRN000140,ORDR002162,,2024-02-02,Wrong product,Rejected,4695.44
RTRN000141,ORDR002193,,2024-02-10,Customer changed mind,Rejected,5212.51
RTRN000142,ORDR002267,,2024-02-10,Customer changed mind,Rejected,1840.34
RTRN000143,ORDR002293,,2024-02-11,Late delivery,Refunded,109.11
RTRN000144,ORDR002299,,2024-02-05,Quality issue,Refunded,66465.95
RTRN000145,ORDR002318,,2024-02-09,Product not as described,Refunded,1241.46
RTRN000146,ORDR002325,,2024-02-03,Customer changed mind,Refunded,1719.66
RTRN000147,ORDR002342,,2024-02-14,Damaged product,Rejected,992.4
RTRN000148,ORDR002372,,2024-02-07,Damaged product,Rejected,2323.01
RTRN000149,ORDR002388,,2024-02-16,Size issue,Refunded,900.4
RTRN000150,ORDR002389,,2024-02-03,Product not as described,Refunded,7631.44
RTRN000151,ORDR002391,,2024-02-17,Customer changed mind,Refunded,2211.64
RTRN000152,ORDR002425,,2024-02-09,Wrong product,Refunded,269.47
RTRN000153,ORDR002431,,2024-02-05,Wrong product,Refunded,265.08
RTRN000154,ORDR002434,,2024-02-11,Product not as described,Rejected,3250.93
RTRN000155,ORDR002457,,2024-02-06,Late delivery,Refunded,149.5
RTRN000156,ORDR002511,,2024-02-11,Quality issue,Refunded,10731.7
RTRN000157,ORDR002559,,2024-02-10,Wrong product,Refunded,11512.5
RTRN000158,ORDR002580,,2024-02-19,Product not as described,Refunded,952.64
RTRN000159,ORDR002588,,2024-02-09,Quality issue,Refunded,7888.1
RTRN000160,ORDR002603,,2024-02-09,Late delivery,Rejected,28360.75
RTRN000161,ORDR002605,,2024-02-06,Damaged product,Refunded,790.14
RTRN000162,ORDR002606,,2024-02-17,Damaged product,Refunded,10808.13
RTRN000163,ORDR002607,,2024-02-11,Wrong product,Refunded,2297.46
RTRN000164,ORDR002648,,2024-02-06,Quality issue,Rejected,29747.17
RTRN000165,ORDR002687,,2024-02-07,Damaged product,Refunded,2374.78
RTRN000166,ORDR002709,,2024-02-14,Quality issue,Refunded,22485.29
RTRN000167,ORDR002711,,2024-02-05,Damaged product,Rejected,11669.2
RTRN000168,ORDR002725,,2024-02-17,Product not as described,Refunded,8094.86
RTRN000169,ORDR002729,,2024-02-07,Late delivery,Refunded,1712.01
RTRN000170,ORDR002731,,2024-02-10,Product not as described,Refunded,14350.21
RTRN000171,ORDR002732,,2024-02-06,Size issue,Refunded,8588.99
RTRN000172,ORDR002739,,2024-02-06,Product not as described,Refunded,305.72
RTRN000173,ORDR002745,,2024-02-22,Size issue,Refunded,6039.73
RTRN000174,ORDR002747,,2024-02-06,Customer changed mind,Refunded,10161.64
RTRN000175,ORDR002758,,2024-02-08,Quality issue,Refunded,2987.56
RTRN000176,ORDR002766,,2024-02-06,Quality issue,Refunded,2825.18
RTRN000177,ORDR002791,,2024-02-17,Quality issue,Rejected,3742.99
RTRN000178,ORDR002809,,2024-02-16,Size issue,Refunded,7054.64
RTRN000179,ORDR002811,,2024-02-13,Size issue,Refunded,4968.7
RTRN000180,ORDR002812,,2024-02-22,Damaged product,Refunded,4173.77
RTRN000181,ORDR002837,,2024-02-02,Wrong product,Refunded,27076.66
RTRN000182,ORDR002839,,2024-02-13,Size issue,Refunded,308.17
RTRN000183,ORDR002842,,2024-02-12,Quality issue,Refunded,11994.43
RTRN000184,ORDR002857,,2024-02-11,Wrong product,Refunded,2803.67
RTRN000185,ORDR002862,,2024-02-08,Customer changed mind,Refunded,320.78
RTRN000186,ORDR002876,,2024-02-11,Product not as described,Refunded,138499.76
RTRN000187,ORDR002894,,2024-02-11,Quality issue,Refunded,2591.53
RTRN000188,ORDR002921,,2024-02-16,Product not as described,Refunded,10721.55
RTRN000189,ORDR002949,,2024-02-14,Customer changed mind,Refunded,3817.64
RTRN000190,ORDR002952,,2024-02-18,Customer changed mind,Rejected,2226.1
RTRN000191,ORDR002985,,2024-02-15,Product not as described,Refunded,14182.85
RTRN000192,ORDR003019,,2024-02-19,Product not as described,Refunded,48757.54
RTRN000193,ORDR003023,,2024-02-11,Quality issue,Refunded,33260.76
RTRN000194,ORDR003037,,2024-02-16,Size issue,Refunded,1371.24
RTRN000195,ORDR003048,,2024-02-13,Quality issue,Refunded,161.38
RTRN000196,ORDR003054,,2024-02-15,Wrong product,Refunded,8631.51
RTRN000197,ORDR003067,,2024-02-16,Product not as described,Refunded,924.61
RTRN000198,ORDR003082,,2024-02-16,Quality issue,Refunded,8514.56
RTRN000199,ORDR003084,,2024-02-15,Size issue,Refunded,2907.89
RTRN000200,ORDR003100,,2024-02-15,Wrong product,Refunded,1682.73
RTRN000201,ORDR003105,,2024-02-19,Quality issue,Refunded,1207.32
RTRN000202,ORDR003108,,2024-03-03,Wrong product,Refunded,1186.51
RTRN000203,ORDR003109,,2024-02-25,Customer changed mind,Rejected,4374.32
RTRN000204,ORDR003114,,2024-02-09,Damaged product,Refunded,3084.35
RTRN000205,ORDR003158,,2024-02-15,Wrong product,Refunded,2673.9
RTRN000206,ORDR003181,,2024-02-17,Wrong product,Refunded,2786.4
RTRN000207,ORDR003187,,2024-02-25,Damaged product,Rejected,73333.71
RTRN000208,ORDR003257,,2024-02-19,Product not as described,Refunded,6438.7
RTRN000209,ORDR003272,,2024-02-20,Quality issue,Refunded,195.2
RTRN000210,ORDR003279,,2024-02-12,Damaged product,Rejected,13043.8
RTRN000211,ORDR003290,,2024-02-21,Quality issue,Rejected,59823.78
RTRN000212,ORDR003315,,2024-02-20,Customer changed mind,Refunded,590.69
RTRN000213,ORDR003331,,2024-02-15,Damaged product,Refunded,3177.14
RTRN000214,ORDR003347,,2024-02-20,Damaged product,Refunded,22253.45
RTRN000215,ORDR003374,,2024-02-12,Customer changed mind,Refunded,50892.0
RTRN000216,ORDR003376,,2024-02-16,Size issue,Refunded,845.7
RTRN000217,ORDR003394,,2024-02-21,Damaged product,Rejected,310.85
RTRN000218,ORDR003426,,2024-02-18,Quality issue,Refunded,17472.14
RTRN000219,ORDR003439,,2024-02-20,Quality issue,Refunded,252.82
RTRN000220,ORDR003445,,2024-02-29,Wrong product,Refunded,2839.17
RTRN000221,ORDR003466,,2024-02-21,Customer changed mind,Refunded,11854.57
RTRN000222,ORDR003472,,2024-02-26,Damaged product,Refunded,12450.53
RTRN000223,ORDR003478,,2024-02-27,Wrong product,Refunded,5145.76
RTRN000224,ORDR003483,,2024-02-16,Damaged product,Refunded,211.02
RTRN000225,ORDR003488,,2024-02-23,Product not as described,Refunded,479.5
RTRN000226,ORDR003503,,2024-02-24,Damaged product,Refunded,25010.31
RTRN000227,ORDR003525,,2024-02-18,Size issue,Refunded,1468.19
RTRN000228,ORDR003538,,2024-02-18,Size issue,Refunded,31742.33
RTRN000229,ORDR003576,,2024-02-16,Quality issue,Refunded,65991.76
RTRN000230,ORDR003599,,2024-02-23,Damaged product,Refunded,11430.59
RTRN000231,ORDR003602,,2024-02-23,Quality issue,Rejected,7094.24
RTRN000232,ORDR003612,,2024-02-27,Damaged product,Refunded,22806.83
RTRN000233,ORDR003630,,2024-02-28,Product not as described,Refunded,46626.36
RTRN000234,ORDR003637,,2024-02-22,Quality issue,Refunded,5953.52
RTRN000235,ORDR003648,,2024-02-20,Customer changed mind,Refunded,3488.18
RTRN000236,ORDR003661,,2024-02-24,Quality issue,Refunded,16408.08
RTRN000237,ORDR003664,,2024-02-20,Damaged product,Refunded,44657.36
RTRN000238,ORDR003700,,2024-02-23,Quality issue,Rejected,143166.45
RTRN000239,ORDR003720,,2024-02-20,Damaged product,Refunded,1746.03
RTRN000240,ORDR003721,,2024-02-23,Wrong product,Refunded,2024.02
RTRN000241,ORDR003722,,2024-02-28,Product not as described,Refunded,272.41
RTRN000242,ORDR003745,,2024-02-21,Quality issue,Rejected,10001.79
RTRN000243,ORDR003771,,2024-02-20,Product not as described,Refunded,2277.56
RTRN000244,ORDR003779,,2024-02-20,Quality issue,Refunded,11179.85
RTRN000245,ORDR003785,,2024-02-18,Quality issue,Refunded,964.22
RTRN000246,ORDR003812,,2024-02-16,Damaged product,Refunded,70586.04
RTRN000247,ORDR003821,,2024-02-21,Damaged product,Rejected,29612.4
RTRN000248,ORDR003841,,2024-02-21,Customer changed mind,Rejected,2264.77
RTRN000249,ORDR003849,,2024-02-27,Product not as described,Refunded,488.9
RTRN000250,ORDR003850,,2024-02-18,Quality issue,Refunded,5918.01
RTRN000251,ORDR003859,,2024-02-20,Wrong product,Refunded,24669.74
RTRN000252,ORDR003873,,2024-03-02,Damaged product,Refunded,1251.51
RTRN000253,ORDR003885,,2024-02-22,Damaged product,Rejected,14166.35
RTRN000254,ORDR003889,,2024-02-22,Damaged product,Refunded,34031.91
RTRN000255,ORDR003907,,2024-03-01,Damaged product,Refunded,541.4
RTRN000256,ORDR003910,,2024-02-27,Late delivery,Rejected,306.54
RTRN000257,ORDR003919,,2024-02-21,Damaged product,Refunded,22727.05
RTRN000258,ORDR003935,,2024-02-25,Quality issue,Refunded,18448.05
RTRN000259,ORDR003936,,2024-02-27,Wrong product,Refunded,5301.67
RTRN000260,ORDR003979,,2024-02-22,Wrong product,Refunded,24407.32
RTRN000261,ORDR003985,,2024-03-06,Product not as described,Refunded,2521.81
RTRN000262,ORDR004001,,2024-02-24,Customer changed mind,Rejected,25317.44
RTRN000263,ORDR004003,,2024-03-01,Wrong product,Refunded,25763.27
RTRN000264,ORDR004004,,2024-03-10,Damaged product,Refunded,28644.26
RTRN000265,ORDR004009,,2024-02-26,Damaged product,Refunded,27149.02
RTRN000266,ORDR004022,,2024-02-23,Customer changed mind,Refunded,8021.58
RTRN000267,ORDR004023,,2024-02-27,Size issue,Refunded,4700.05
RTRN000268,ORDR004036,,2024-02-23,Product not as described,Refunded,403.11
RTRN000269,ORDR004038,,2024-03-04,Damaged product,Refunded,12727.43
RTRN000270,ORDR004051,,2024-02-27,Wrong product,Refunded,318.72
RTRN000271,ORDR004098,,2024-02-27,Customer changed mind,Refunded,1414.19
RTRN000272,ORDR004099,,2024-03-03,Size issue,Refunded,2752.47
RTRN000273,ORDR004112,,2024-02-23,Size issue,Refunded,2076.2
RTRN000274,ORDR004114,,2024-02-23,Damaged product,Refunded,385.38
RTRN000275,ORDR004118,,2024-02-24,Product not as described,Rejected,17423.3
RTRN000276,ORDR004140,,2024-02-21,Customer changed mind,Refunded,493.6
RTRN000277,ORDR004156,,2024-03-03,Product not as described,Refunded,3187.67
RTRN000278,ORDR004208,,2024-02-23,Size issue,Refunded,4222.61
RTRN000279,ORDR004219,,2024-03-03,Late delivery,Refunded,1455.48
RTRN000280,ORDR004223,,2024-03-01,Customer changed mind,Refunded,7260.61
RTRN000281,ORDR004228,,2024-03-04,Quality issue,Refunded,2746.62
RTRN000282,ORDR004270,,2024-03-03,Late delivery,Refunded,1687.57
RTRN000283,ORDR004275,,2024-03-04,Damaged product,Refunded,721.75
RTRN000284,ORDR004293,,2024-03-06,Size issue,Refunded,6762.81
RTRN000285,ORDR004301,,2024-02-24,Product not as described,Refunded,29637.91
RTRN000286,ORDR004339,,2024-03-05,Damaged product,Refunded,217.15
RTRN000287,ORDR004357,,2024-03-05,Product not as described,Refunded,66478.86
RTRN000288,ORDR004371,,2024-03-10,Customer changed mind,Refunded,11759.01
RTRN000289,ORDR004378,,2024-03-01,Wrong product,Refunded,15790.79
RTRN000290,ORDR004396,,2024-02-28,Wrong product,Refunded,540.89
RTRN000291,ORDR004426,,2024-02-29,Wrong product,Refunded,16004.85
RTRN000292,ORDR004445,,2024-03-07,Wrong product,Refunded,3692.72
RTRN000293,ORDR004489,,2024-02-24,Product not as described,Rejected,9135.43
RTRN000294,ORDR004492,,2024-03-08,Damaged product,Refunded,2833.25
RTRN000295,ORDR004493,,2024-03-10,Product not as described,Rejected,2952.78
RTRN000296,ORDR004498,,2024-03-03,Quality issue,Rejected,870.3
RTRN000297,ORDR004501,,2024-02-26,Quality issue,Refunded,874.3
RTRN000298,ORDR004504,,2024-03-11,Customer changed mind,Refunded,1842.2
RTRN000299,ORDR004510,,2024-03-03,Damaged product,Refunded,8137.37
RTRN000300,ORDR004512,,2024-03-09,Size issue,Refunded,8823.78
RTRN000301,ORDR004518,,2024-03-05,Customer changed mind,Refunded,23492.39
RTRN000302,ORDR004588,,2024-03-10,Damaged product,Rejected,1397.05
RTRN000303,ORDR004618,,2024-03-01,Wrong product,Refunded,374.61
RTRN000304,ORDR004627,,2024-02-25,Customer changed mind,Rejected,33438.69
RTRN000305,ORDR004656,,2024-03-04,Damaged product,Refunded,17618.48
RTRN000306,ORDR004689,,2024-03-11,Damaged product,Refunded,3211.37
RTRN000307,ORDR004690,,2024-03-06,Wrong product,Refunded,7614.04
RTRN000308,ORDR004692,,2024-03-16,Damaged product,Rejected,30799.83
RTRN000309,ORDR004696,,2024-03-05,Size issue,Refunded,11163.3
RTRN000310,ORDR004710,,2024-03-05,Wrong product,Refunded,2524.24
RTRN000311,ORDR004718,,2024-03-11,Size issue,Refunded,320.34
RTRN000312,ORDR004721,,2024-03-03,Size issue,Refunded,672.55
RTRN000313,ORDR004726,,2024-03-05,Damaged product,Rejected,174909.39
RTRN000314,ORDR004757,,2024-03-10,Wrong product,Refunded,15778.63
RTRN000315,ORDR004774,,2024-03-07,Product not as described,Refunded,69014.74
RTRN000316,ORDR004793,,2024-03-10,Customer changed mind,Refunded,1520.76
RTRN000317,ORDR004821,,2024-03-12,Customer changed mind,Refunded,1496.01
RTRN000318,ORDR004851,,2024-03-14,Customer changed mind,Refunded,188.92
RTRN000319,ORDR004875,,2024-03-10,Customer changed mind,Refunded,1101.32
RTRN000320,ORDR004884,,2024-02-28,Damaged product,Rejected,1547.99
RTRN000321,ORDR004890,,2024-03-13,Quality issue,Refunded,61869.76
RTRN000322,ORDR004903,,2024-03-04,Wrong product,Refunded,1383.25
RTRN000323,ORDR004914,,2024-03-11,Customer changed mind,Refunded,996.9
RTRN000324,ORDR004937,,2024-03-05,Wrong product,Refunded,2096.49
RTRN000325,ORDR004940,,2024-03-01,Wrong product,Refunded,57650.84
RTRN000326,ORDR004943,,2024-03-12,Damaged product,Rejected,890.94
RTRN000327,ORDR004946,,2024-03-14,Damaged product,Refunded,10361.27
RTRN000328,ORDR004962,,2024-03-15,Quality issue,Refunded,102026.54
RTRN000329,ORDR004966,,2024-03-10,Customer changed mind,Rejected,342.16
RTRN000330,ORDR004974,,2024-03-13,Damaged product,Refunded,1094.82
RTRN000331,ORDR005023,,2024-03-15,Customer changed mind,Refunded,6013.81
RTRN000332,ORDR005025,,2024-03-14,Damaged product,Refunded,22271.65
RTRN000333,ORDR005074,,2024-03-05,Quality issue,Refunded,2890.93
RTRN000334,ORDR005108,,2024-03-11,Quality issue,Refunded,5775.54
RTRN000335,ORDR005121,,2024-03-22,Customer changed mind,Refunded,787.52
RTRN000336,ORDR005174,,2024-03-06,Size issue,Rejected,2325.15
RTRN000337,ORDR005178,,2024-03-15,Customer changed mind,Refunded,5568.2
RTRN000338,ORDR005181,,2024-03-13,Customer changed mind,Refunded,30495.02
RTRN000339,ORDR005194,,2024-03-07,Late delivery,Refunded,331.53
RTRN000340,ORDR005209,,2024-03-14,Wrong product,Refunded,24591.04
RTRN000341,ORDR005218,,2024-03-06,Product not as described,Refunded,1812.08
RTRN000342,ORDR005254,,2024-03-18,Damaged product,Rejected,14497.74
RTRN000343,ORDR005256,,2024-03-06,Customer changed mind,Refunded,1028.57
RTRN000344,ORDR005266,,2024-03-07,Wrong product,Refunded,4781.62
RTRN000345,ORDR005277,,2024-03-17,Size issue,Refunded,2612.13
RTRN000346,ORDR005286,,2024-03-03,Damaged product,Rejected,18125.93
RTRN000347,ORDR005306,,2024-03-11,Product not as described,Refunded,6902.11
RTRN000348,ORDR005331,,2024-03-14,Customer changed mind,Refunded,14941.52
RTRN000349,ORDR005361,,2024-03-18,Product not as described,Refunded,806.47
RTRN000350,ORDR005385,,2024-03-19,Wrong product,Refunded,4469.61
RTRN000351,ORDR005435,,2024-03-17,Quality issue,Refunded,26161.79
RTRN000352,ORDR005437,,2024-03-16,Product not as described,Refunded,10422.68
RTRN000353,ORDR005443,,2024-03-18,Customer changed mind,Refunded,273.77
RTRN000354,ORDR005449,,2024-03-17,Customer changed mind,Rejected,1404.25
RTRN000355,ORDR005474,,2024-03-09,Late delivery,Refunded,18511.03
RTRN000356,ORDR005475,,2024-03-08,Customer changed mind,Refunded,787.45
RTRN000357,ORDR005507,,2024-03-07,Product not as described,Refunded,27071.52
RTRN000358,ORDR005512,,2024-03-12,Customer changed mind,Refunded,1434.68
RTRN000359,ORDR005518,,2024-03-08,Product not as described,Refunded,9308.93
RTRN000360,ORDR005519,,2024-03-10,Size issue,Refunded,5052.16
RTRN000361,ORDR005532,,2024-03-22,Damaged product,Rejected,935.95
RTRN000362,ORDR005533,,2024-03-08,Damaged product,Refunded,2220.8
RTRN000363,ORDR005545,,2024-03-20,Quality issue,Rejected,3312.17
RTRN000364,ORDR005547,,2024-03-20,Quality issue,Rejected,34180.33
RTRN000365,ORDR005563,,2024-03-11,Size issue,Refunded,243.96
RTRN000366,ORDR005565,,2024-03-12,Damaged product,Refunded,14573.7
RTRN000367,ORDR005608,,2024-03-18,Wrong product,Refunded,412.27
RTRN000368,ORDR005609,,2024-03-19,Product not as described,Rejected,10202.84
RTRN000369,ORDR005610,,2024-03-21,Wrong product,Refunded,9128.91
RTRN000370,ORDR005634,,2024-03-20,Quality issue,Rejected,6878.8
RTRN000371,ORDR005668,,2024-03-15,Customer changed mind,Refunded,7626.26
RTRN000372,ORDR005690,,2024-03-14,Customer changed mind,Rejected,2061.48
RTRN000373,ORDR005698,,2024-03-12,Quality issue,Refunded,5847.27
RTRN000374,ORDR005761,,2024-03-17,Damaged product,Refunded,389.46
RTRN000375,ORDR005768,,2024-03-29,Product not as described,Refunded,924.44
RTRN000376,ORDR005770,,2024-03-08,Damaged product,Refunded,4836.71
RTRN000377,ORDR005791,,2024-03-12,Customer changed mind,Refunded,329.16
RTRN000378,ORDR005793,,2024-03-24,Product not as described,Refunded,5457.31
RTRN000379,ORDR005802,,2024-03-19,Damaged product,Refunded,562.79
RTRN000380,ORDR005821,,2024-03-17,Quality issue,Refunded,7285.98
RTRN000381,ORDR005880,,2024-03-14,Quality issue,Refunded,385.75
RTRN000382,ORDR005889,,2024-03-18,Size issue,Refunded,4463.08
RTRN000383,ORDR005909,,2024-03-28,Customer changed mind,Refunded,347.77
RTRN000384,ORDR005919,,2024-03-15,Product not as described,Rejected,8168.88
RTRN000385,ORDR005943,,2024-03-13,Size issue,Rejected,2522.26
RTRN000386,ORDR005956,,2024-03-21,Customer changed mind,Rejected,1176.31
RTRN000387,ORDR005969,,2024-03-20,Size issue,Refunded,674.33
RTRN000388,ORDR005974,,2024-03-20,Damaged product,Refunded,494.35
RTRN000389,ORDR005975,,2024-03-20,Product not as described,Refunded,2562.37
RTRN000390,ORDR005977,,2024-03-18,Size issue,Rejected,2341.5
RTRN000391,ORDR005986,,2024-03-20,Customer changed mind,Refunded,4417.57
RTRN000392,ORDR006015,,2024-03-14,Wrong product,Rejected,425.52
RTRN000393,ORDR006038,,2024-03-17,Customer changed mind,Refunded,232.77
RTRN000394,ORDR006046,,2024-03-11,Customer changed mind,Rejected,3684.72
RTRN000395,ORDR006047,,2024-03-15,Quality issue,Rejected,5923.91
RTRN000396,ORDR006053,,2024-03-21,Wrong product,Refunded,141.58
RTRN000397,ORDR006096,,2024-03-27,Size issue,Refunded,4441.44
RTRN000398,ORDR006104,,2024-03-19,Damaged product,Rejected,171.47
RTRN000399,ORDR006105,,2024-03-26,Product not as described,Refunded,1546.36
RTRN000400,ORDR006118,,2024-03-12,Size issue,Refunded,2141.84
RTRN000401,ORDR006132,,2024-03-17,Product not as described,Refunded,16091.57
RTRN000402,ORDR006136,,2024-03-18,Wrong product,Refunded,11906.37
RTRN000403,ORDR006146,,2024-03-24,Damaged product,Refunded,4381.22
RTRN000404,ORDR006206,,2024-03-27,Quality issue,Refunded,2619.8
RTRN000405,ORDR006207,,2024-03-22,Wrong product,Rejected,1668.15
RTRN000406,ORDR006210,,2024-03-17,Customer changed mind,Refunded,3259.86
RTRN000407,ORDR006214,,2024-03-29,Customer changed mind,Refunded,71407.65
RTRN000408,ORDR006232,,2024-03-21,Product not as described,Rejected,1368.51
RTRN000409,ORDR006249,,2024-03-15,Damaged product,Refunded,8359.8
RTRN000410,ORDR006268,,2024-03-13,Product not as described,Refunded,859.79
RTRN000411,ORDR006284,,2024-03-29,Quality issue,Refunded,1185.56
RTRN000412,ORDR006286,,2024-03-22,Customer changed mind,Refunded,2298.65
RTRN000413,ORDR006292,,2024-04-04,Quality issue,Refunded,788.62
RTRN000414,ORDR006327,,2024-03-30,Damaged product,Refunded,133.86
RTRN000415,ORDR006355,,2024-03-28,Size issue,Refunded,3662.68
RTRN000416,ORDR006371,,2024-03-28,Customer changed mind,Refunded,567.81
RTRN000417,ORDR006397,,2024-03-27,Wrong product,Rejected,4229.38
RTRN000418,ORDR006417,,2024-03-23,Quality issue,Refunded,64197.0
RTRN000419,ORDR006439,,2024-03-29,Wrong product,Refunded,3165.95
RTRN000420,ORDR006452,,2024-03-31,Quality issue,Refunded,5187.92
RTRN000421,ORDR006456,,2024-03-22,Quality issue,Rejected,16089.77
RTRN000422,ORDR006472,,2024-03-30,Quality issue,Refunded,137.17
RTRN000423,ORDR006475,,2024-03-27,Size issue,Refunded,4755.87
RTRN000424,ORDR006487,,2024-03-30,Late delivery,Refunded,39315.78
RTRN000425,ORDR006517,,2024-03-31,Quality issue,Rejected,23093.81
RTRN000426,ORDR006523,,2024-03-25,Damaged product,Refunded,9223.48
RTRN000427,ORDR006544,,2024-03-29,Customer changed mind,Refunded,409.17
RTRN000428,ORDR006563,,2024-03-23,Late delivery,Refunded,5421.21
RTRN000429,ORDR006580,,2024-03-17,Damaged product,Refunded,648.62
RTRN000430,ORDR006585,,2024-03-25,Damaged product,Rejected,431.22
RTRN000431,ORDR006590,,2024-03-21,Customer changed mind,Rejected,1103.29
RTRN000432,ORDR006607,,2024-03-29,Customer changed mind,Rejected,728.52
RTRN000433,ORDR006611,,2024-03-20,Wrong product,Refunded,2070.75
RTRN000434,ORDR006628,,2024-03-25,Damaged product,Refunded,8837.92
RTRN000435,ORDR006629,,2024-03-24,Quality issue,Refunded,59563.34
RTRN000436,ORDR006646,,2024-03-28,Damaged product,Refunded,11567.47
RTRN000437,ORDR006663,,2024-03-21,Customer changed mind,Refunded,30269.19
RTRN000438,ORDR006676,,2024-03-21,Customer changed mind,Rejected,3354.98
RTRN000439,ORDR006689,,2024-03-23,Wrong product,Rejected,2430.17
RTRN000440,ORDR006713,,2024-04-04,Product not as described,Refunded,49759.39
RTRN000441,ORDR006719,,2024-04-02,Product not as described,Refunded,2246.61
RTRN000442,ORDR006723,,2024-03-31,Wrong product,Refunded,8479.45
RTRN000443,ORDR006742,,2024-04-08,Size issue,Refunded,7724.79
RTRN000444,ORDR006796,,2024-03-21,Customer changed mind,Refunded,36047.82
RTRN000445,ORDR006803,,2024-03-23,Quality issue,Rejected,28048.54
RTRN000446,ORDR006815,,2024-03-24,Product not as described,Refunded,32987.71
RTRN000447,ORDR006816,,2024-04-03,Wrong product,Refunded,199.58
RTRN000448,ORDR006826,,2024-03-30,Customer changed mind,Refunded,153.88
RTRN000449,ORDR006863,,2024-03-21,Size issue,Refunded,6604.37
RTRN000450,ORDR006923,,2024-03-27,Quality issue,Refunded,2938.91
RTRN000451,ORDR006929,,2024-03-25,Quality issue,Refunded,4620.07
RTRN000452,ORDR006938,,2024-03-21,Product not as described,Rejected,29690.91
RTRN000453,ORDR006967,,2024-03-31,Product not as described,Rejected,2175.95
RTRN000454,ORDR007039,,2024-03-30,Customer changed mind,Refunded,4513.16
RTRN000455,ORDR007052,,2024-03-26,Quality issue,Rejected,4978.98
RTRN000456,ORDR007059,,2024-03-31,Customer changed mind,Refunded,2377.66
RTRN000457,ORDR007060,,2024-03-20,Wrong product,Refunded,2593.69
RTRN000458,ORDR007074,,2024-03-28,Late delivery,Rejected,1096.85
RTRN000459,ORDR007079,,2024-03-26,Customer changed mind,Refunded,2691.88
RTRN000460,ORDR007088,,2024-03-30,Quality issue,Refunded,16076.6
RTRN000461,ORDR007122,,2024-04-15,Product not as described,Refunded,1151.17
RTRN000462,ORDR007125,,2024-04-01,Damaged product,Refunded,855.93
RTRN000463,ORDR007143,,2024-04-04,Damaged product,Refunded,4986.11
RTRN000464,ORDR007154,,2024-03-29,Wrong product,Refunded,8692.74
RTRN000465,ORDR007162,,2024-03-23,Customer changed mind,Refunded,747.92
RTRN000466,ORDR007171,,2024-03-24,Size issue,Rejected,18094.15
RTRN000467,ORDR007176,,2024-04-04,Size issue,Refunded,828.19
RTRN000468,ORDR007208,,2024-03-27,Quality issue,Refunded,18502.16
RTRN000469,ORDR007263,,2024-03-31,Quality issue,Refunded,3403.29
RTRN000470,ORDR007286,,2024-04-03,Product not as described,Refunded,5639.41
RTRN000471,ORDR007293,,2024-04-01,Damaged product,Refunded,959.5
RTRN000472,ORDR007305,,2024-04-14,Late delivery,Refunded,29579.28
RTRN000473,ORDR007311,,2024-04-02,Wrong product,Refunded,2111.87
RTRN000474,ORDR007338,,2024-03-24,Customer changed mind,Refunded,22594.26
RTRN000475,ORDR007342,,2024-04-06,Product not as described,Refunded,4246.24
RTRN000476,ORDR007343,,2024-03-25,Product not as described,Refunded,336.47
RTRN000477,ORDR007344,,2024-04-11,Size issue,Refunded,2129.33
RTRN000478,ORDR007350,,2024-04-03,Damaged product,Refunded,64482.63
RTRN000479,ORDR007369,,2024-04-12,Product not as described,Refunded,2738.37
RTRN000480,ORDR007387,,2024-04-01,Customer changed mind,Refunded,4259.44
RTRN000481,ORDR007400,,2024-04-04,Damaged product,Refunded,140723.31
RTRN000482,ORDR007401,,2024-04-05,Quality issue,Refunded,650.29
RTRN000483,ORDR007402,,2024-04-01,Product not as described,Refunded,2999.25
RTRN000484,ORDR007408,,2024-03-31,Quality issue,Rejected,37175.25
RTRN000485,ORDR007410,,2024-04-01,Damaged product,Refunded,68670.45
RTRN000486,ORDR007445,,2024-03-28,Customer changed mind,Refunded,850.56
RTRN000487,ORDR007447,,2024-03-25,Wrong product,Rejected,5193.24
RTRN000488,ORDR007484,,2024-04-10,Product not as described,Rejected,72739.41
RTRN000489,ORDR007508,,2024-03-29,Damaged product,Refunded,19632.23
RTRN000490,ORDR007519,,2024-04-06,Damaged product,Refunded,27648.49
RTRN000491,ORDR007529,,2024-03-27,Quality issue,Refunded,6226.63
RTRN000492,ORDR007540,,2024-03-30,Quality issue,Refunded,851.29
RTRN000493,ORDR007547,,2024-04-02,Product not as described,Refunded,31342.93
RTRN000494,ORDR007648,,2024-04-07,Damaged product,Rejected,2233.38
RTRN000495,ORDR007651,,2024-04-01,Quality issue,Refunded,2746.36
RTRN000496,ORDR007752,,2024-04-03,Customer changed mind,Refunded,3500.81
RTRN000497,ORDR007763,,2024-04-09,Quality issue,Rejected,16689.66
RTRN000498,ORDR007767,,2024-03-30,Damaged product,Refunded,11976.77
RTRN000499,ORDR007798,,2024-04-07,Product not as described,Rejected,5807.25
RTRN000500,ORDR007838,,2024-04-01,Damaged product,Rejected,22488.48
RTRN000501,ORDR007849,,2024-04-12,Damaged product,Refunded,2189.08
RTRN000502,ORDR007850,,2024-04-02,Wrong product,Rejected,5618.81
RTRN000503,ORDR007858,,2024-04-07,Wrong product,Rejected,2792.28
RTRN000504,ORDR007859,,2024-04-03,Damaged product,Rejected,31804.21
RTRN000505,ORDR007860,,2024-04-07,Damaged product,Rejected,977.59
RTRN000506,ORDR007870,,2024-04-04,Wrong product,Rejected,6057.61
RTRN000507,ORDR007880,,2024-03-30,Quality issue,Refunded,89235.94
RTRN000508,ORDR007885,,2024-04-05,Quality issue,Refunded,2734.7
RTRN000509,ORDR007887,,2024-04-12,Wrong product,Refunded,882.62
RTRN000510,ORDR007897,,2024-04-11,Quality issue,Rejected,1261.37
RTRN000511,ORDR007917,,2024-04-07,Size issue,Rejected,912.17
RTRN000512,ORDR007924,,2024-04-12,Product not as described,Refunded,173.98
RTRN000513,ORDR007988,,2024-04-08,Damaged product,Refunded,1903.54
RTRN000514,ORDR008024,,2024-04-06,Damaged product,Refunded,34325.8
RTRN000515,ORDR008031,,2024-04-09,Damaged product,Rejected,141.51
RTRN000516,ORDR008068,,2024-04-13,Wrong product,Refunded,11526.1
RTRN000517,ORDR008074,,2024-04-05,Late delivery,Refunded,597.42
RTRN000518,ORDR008093,,2024-04-16,Product not as described,Refunded,1869.58
RTRN000519,ORDR008094,,2024-04-11,Wrong product,Rejected,12628.89
RTRN000520,ORDR008100,,2024-04-13,Damaged product,Refunded,860.49
RTRN000521,ORDR008104,,2024-04-17,Customer changed mind,Refunded,18104.27
RTRN000522,ORDR008106,,2024-04-13,Size issue,Rejected,7919.98
RTRN000523,ORDR008143,,2024-04-11,Quality issue,Refunded,49576.47
RTRN000524,ORDR008145,,2024-04-12,Damaged product,Refunded,1018.97
RTRN000525,ORDR008158,,2024-04-19,Quality issue,Refunded,34574.89
RTRN000526,ORDR008171,,2024-04-12,Product not as described,Rejected,1013.75
RTRN000527,ORDR008187,,2024-04-15,Wrong product,Rejected,20349.63
RTRN000528,ORDR008189,,2024-04-07,Damaged product,Refunded,32503.31
RTRN000529,ORDR008190,,2024-04-10,Size issue,Refunded,452.55
RTRN000530,ORDR008227,,2024-04-19,Product not as described,Refunded,1054.45
RTRN000531,ORDR008229,,2024-04-19,Wrong product,Refunded,20863.17
RTRN000532,ORDR008245,,2024-04-18,Customer changed mind,Refunded,6780.9
RTRN000533,ORDR008253,,2024-04-15,Wrong product,Refunded,20931.95
RTRN000534,ORDR008270,,2024-04-14,Product not as described,Refunded,12340.33
RTRN000535,ORDR008318,,2024-04-17,Customer changed mind,Refunded,1966.92
RTRN000536,ORDR008358,,2024-04-24,Product not as described,Refunded,1385.8
RTRN000537,ORDR008377,,2024-04-15,Quality issue,Refunded,21313.75
RTRN000538,ORDR008386,,2024-04-10,Damaged product,Refunded,5203.91
RTRN000539,ORDR008412,,2024-04-19,Size issue,Refunded,1851.06
RTRN000540,ORDR008414,,2024-04-19,Late delivery,Refunded,3625.77
RTRN000541,ORDR008451,,2024-04-18,Customer changed mind,Refunded,1733.24
RTRN000542,ORDR008492,,2024-04-11,Customer changed mind,Refunded,1893.98
RTRN000543,ORDR008543,,2024-04-25,Wrong product,Refunded,445.44
RTRN000544,ORDR008559,,2024-04-23,Wrong product,Refunded,3643.65
RTRN000545,ORDR008566,,2024-04-20,Wrong product,Refunded,2733.64
RTRN000546,ORDR008569,,2024-04-16,Product not as described,Refunded,52589.09
RTRN000547,ORDR008583,,2024-04-12,Product not as described,Refunded,17678.51
RTRN000548,ORDR008591,,2024-04-23,Size issue,Refunded,371.51
RTRN000549,ORDR008593,,2024-04-13,Damaged product,Rejected,16102.79
RTRN000550,ORDR008612,,2024-04-23,Late delivery,Refunded,3526.7
RTRN000551,ORDR008629,,2024-04-18,Customer changed mind,Rejected,4265.03
RTRN000552,ORDR008638,,2024-04-24,Size issue,Refunded,349.54
RTRN000553,ORDR008658,,2024-04-15,Damaged product,Rejected,20340.24
RTRN000554,ORDR008714,,2024-04-13,Customer changed mind,Refunded,342.84
RTRN000555,ORDR008723,,2024-04-14,Wrong product,Rejected,326.68
RTRN000556,ORDR008736,,2024-04-14,Customer changed mind,Refunded,320.98
RTRN000557,ORDR008737,,2024-04-21,Wrong product,Refunded,65091.4
RTRN000558,ORDR008755,,2024-04-18,Late delivery,Refunded,170.95
RTRN000559,ORDR008776,,2024-04-13,Quality issue,Rejected,24041.42
RTRN000560,ORDR008803,,2024-04-23,Wrong product,Refunded,1668.43
RTRN000561,ORDR008815,,2024-04-16,Product not as described,Refunded,1308.84
RTRN000562,ORDR008824,,2024-04-15,Damaged product,Refunded,5084.07
RTRN000563,ORDR008856,,2024-04-26,Quality issue,Refunded,1050.37
RTRN000564,ORDR008857,,2024-04-17,Wrong product,Refunded,12416.66
RTRN000565,ORDR008871,,2024-04-18,Damaged product,Refunded,21898.06
RTRN000566,ORDR008880,,2024-04-15,Quality issue,Refunded,17033.89
RTRN000567,ORDR008909,,2024-04-23,Wrong product,Refunded,42651.36
RTRN000568,ORDR008930,,2024-04-22,Wrong product,Rejected,588.97
RTRN000569,ORDR008949,,2024-04-22,Size issue,Refunded,6329.7
RTRN000570,ORDR008982,,2024-04-18,Quality issue,Rejected,1553.86
RTRN000571,ORDR009051,,2024-04-15,Damaged product,Rejected,62.48
RTRN000572,ORDR009055,,2024-04-20,Customer changed mind,Refunded,2110.92
RTRN000573,ORDR009073,,2024-04-24,Late delivery,Rejected,146235.75
RTRN000574,ORDR009082,,2024-04-17,Quality issue,Refunded,73101.78
RTRN000575,ORDR009096,,2024-04-21,Damaged product,Refunded,965.0
RTRN000576,ORDR009101,,2024-04-29,Quality issue,Refunded,14967.65
RTRN000577,ORDR009106,,2024-05-03,Damaged product,Refunded,197.76
RTRN000578,ORDR009108,,2024-04-26,Customer changed mind,Refunded,9797.01
RTRN000579,ORDR009149,,2024-04-26,Customer changed mind,Refunded,1322.03
RTRN000580,ORDR009165,,2024-04-15,Wrong product,Refunded,1653.15
RTRN000581,ORDR009166,,2024-04-18,Quality issue,Refunded,5170.66
RTRN000582,ORDR009168,,2024-04-26,Quality issue,Refunded,3586.11
RTRN000583,ORDR009182,,2024-04-25,Wrong product,Refunded,1251.62
RTRN000584,ORDR009194,,2024-05-01,Customer changed mind,Rejected,2180.15
RTRN000585,ORDR009200,,2024-04-20,Size issue,Rejected,8353.51
RTRN000586,ORDR009212,,2024-04-23,Wrong product,Rejected,561.29
RTRN000587,ORDR009226,,2024-04-24,Quality issue,Refunded,621.54
RTRN000588,ORDR009228,,2024-04-26,Damaged product,Rejected,19178.99
RTRN000589,ORDR009238,,2024-04-24,Wrong product,Refunded,674.51
RTRN000590,ORDR009241,,2024-04-24,Quality issue,Refunded,2357.87
RTRN000591,ORDR009245,,2024-04-16,Wrong product,Refunded,1412.01
RTRN000592,ORDR009256,,2024-04-19,Quality issue,Refunded,10097.02
RTRN000593,ORDR009268,,2024-04-30,Damaged product,Refunded,36635.08
RTRN000594,ORDR009286,,2024-05-01,Quality issue,Rejected,13550.5
RTRN000595,ORDR009290,,2024-04-28,Size issue,Refunded,2276.66
RTRN000596,ORDR009305,,2024-04-22,Wrong product,Refunded,156315.02
RTRN000597,ORDR009309,,2024-04-30,Product not as described,Refunded,26228.42
RTRN000598,ORDR009317,,2024-04-30,Product not as described,Refunded,14539.63
RTRN000599,ORDR009324,,2024-05-02,Damaged product,Refunded,3209.27
RTRN000600,ORDR009325,,2024-05-07,Customer changed mind,Refunded,867.7
RTRN000601,ORDR009339,,2024-04-22,Late delivery,Refunded,547.1
RTRN000602,ORDR009344,,2024-05-01,Product not as described,Refunded,1062.45
RTRN000603,ORDR009378,,2024-04-25,Customer changed mind,Refunded,2339.44
RTRN000604,ORDR009392,,2024-04-28,Quality issue,Refunded,4481.17
RTRN000605,ORDR009393,,2024-04-23,Quality issue,Refunded,67817.79
RTRN000606,ORDR009405,,2024-04-21,Wrong product,Refunded,536.86
RTRN000607,ORDR009430,,2024-04-24,Wrong product,Refunded,439.04
RTRN000608,ORDR009438,,2024-04-24,Late delivery,Refunded,72511.9
RTRN000609,ORDR009456,,2024-04-29,Size issue,Refunded,1426.33
RTRN000610,ORDR009458,,2024-05-01,Damaged product,Refunded,706.59
RTRN000611,ORDR009476,,2024-04-29,Product not as described,Refunded,8195.88
RTRN000612,ORDR009479,,2024-04-22,Product not as described,Refunded,6200.21
RTRN000613,ORDR009516,,2024-04-30,Quality issue,Rejected,11041.73
RTRN000614,ORDR009521,,2024-04-30,Customer changed mind,Refunded,11977.37
RTRN000615,ORDR009537,,2024-04-27,Wrong product,Refunded,1412.8
RTRN000616,ORDR009543,,2024-05-01,Wrong product,Refunded,40503.4
RTRN000617,ORDR009587,,2024-04-27,Wrong product,Refunded,574.76
RTRN000618,ORDR009588,,2024-05-02,Product not as described,Rejected,150.45
RTRN000619,ORDR009646,,2024-05-01,Damaged product,Refunded,10118.95
RTRN000620,ORDR009669,,2024-04-25,Damaged product,Refunded,9819.25
RTRN000621,ORDR009675,,2024-05-02,Quality issue,Rejected,8988.62
RTRN000622,ORDR009689,,2024-04-23,Size issue,Refunded,3000.86
RTRN000623,ORDR009753,,2024-05-04,Customer changed mind,Refunded,1831.73
RTRN000624,ORDR009772,,2024-04-26,Wrong product,Refunded,11753.8
RTRN000625,ORDR009781,,2024-04-26,Customer changed mind,Refunded,2373.64
RTRN000626,ORDR009805,,2024-05-02,Quality issue,Refunded,8772.78
RTRN000627,ORDR009816,,2024-04-21,Product not as described,Refunded,2273.97
RTRN000628,ORDR009844,,2024-04-30,Product not as described,Refunded,7867.48
RTRN000629,ORDR009851,,2024-04-23,Damaged product,Rejected,3106.77
RTRN000630,ORDR009878,,2024-04-28,Damaged product,Refunded,1341.57
RTRN000631,ORDR009886,,2024-05-03,Late delivery,Refunded,35898.8
RTRN000632,ORDR009889,,2024-05-04,Wrong product,Rejected,9986.42
RTRN000633,ORDR009902,,2024-04-28,Product not as described,Refunded,6783.0
RTRN000634,ORDR009957,,2024-04-26,Quality issue,Rejected,3271.19
RTRN000635,ORDR009969,,2024-05-07,Product not as described,Refunded,6497.55
RTRN000636,ORDR009984,,2024-05-05,Quality issue,Refunded,21620.79
RTRN000637,ORDR009995,,2024-05-03,Damaged product,Refunded,4979.61
RTRN000638,ORDR010002,,2024-05-02,Customer changed mind,Refunded,1808.31
RTRN000639,ORDR010016,,2024-05-05,Wrong product,Refunded,355.57
RTRN000640,ORDR010023,,2024-04-25,Wrong product,Refunded,5544.95
RTRN000641,ORDR010034,,2024-05-08,Quality issue,Refunded,21166.59
RTRN000642,ORDR010038,,2024-05-05,Late delivery,Rejected,307.21
RTRN000643,ORDR010054,,2024-05-05,Size issue,Refunded,1580.97
RTRN000644,ORDR010068,,2024-05-07,Customer changed mind,Refunded,986.77
RTRN000645,ORDR010069,,2024-05-11,Quality issue,Refunded,546.75
RTRN000646,ORDR010088,,2024-05-03,Quality issue,Rejected,24557.91
RTRN000647,ORDR010091,,2024-05-02,Quality issue,Refunded,592.22
RTRN000648,ORDR010134,,2024-05-14,Product not as described,Rejected,1515.71
RTRN000649,ORDR010170,,2024-05-09,Damaged product,Refunded,17976.31
RTRN000650,ORDR010224,,2024-05-08,Quality issue,Refunded,2066.47
RTRN000651,ORDR010235,,2024-05-03,Wrong product,Refunded,195.51
RTRN000652,ORDR010259,,2024-05-01,Customer changed mind,Rejected,7042.63
RTRN000653,ORDR010280,,2024-05-01,Customer changed mind,Rejected,17881.52
RTRN000654,ORDR010282,,2024-05-12,Damaged product,Rejected,1912.69
RTRN000655,ORDR010290,,2024-05-09,Damaged product,Refunded,2207.42
RTRN000656,ORDR010295,,2024-05-02,Product not as described,Refunded,28289.04
RTRN000657,ORDR010324,,2024-05-06,Wrong product,Refunded,13132.64
RTRN000658,ORDR010371,,2024-05-03,Size issue,Refunded,684.87
RTRN000659,ORDR010372,,2024-05-10,Quality issue,Refunded,263.93
RTRN000660,ORDR010380,,2024-05-17,Product not as described,Refunded,26940.07
RTRN000661,ORDR010407,,2024-05-05,Customer changed mind,Refunded,3069.6
RTRN000662,ORDR010420,,2024-05-12,Size issue,Rejected,327.09
RTRN000663,ORDR010423,,2024-05-09,Late delivery,Refunded,1171.81
RTRN000664,ORDR010431,,2024-05-08,Damaged product,Refunded,1794.77
RTRN000665,ORDR010436,,2024-05-02,Damaged product,Refunded,1078.39
RTRN000666,ORDR010446,,2024-05-03,Product not as described,Refunded,8383.75
RTRN000667,ORDR010452,,2024-05-07,Damaged product,Rejected,331.0
RTRN000668,ORDR010461,,2024-05-14,Wrong product,Rejected,228.26
RTRN000669,ORDR010463,,2024-05-14,Customer changed mind,Refunded,10735.73
RTRN000670,ORDR010468,,2024-05-11,Product not as described,Refunded,11148.83
RTRN000671,ORDR010469,,2024-04-29,Quality issue,Refunded,1313.51
RTRN000672,ORDR010475,,2024-04-29,Wrong product,Refunded,1078.57
RTRN000673,ORDR010476,,2024-05-11,Wrong product,Refunded,5453.15
RTRN000674,ORDR010498,,2024-05-05,Damaged product,Refunded,976.32
RTRN000675,ORDR010502,,2024-05-04,Wrong product,Refunded,3393.42
RTRN000676,ORDR010514,,2024-05-16,Quality issue,Refunded,824.43
RTRN000677,ORDR010548,,2024-05-11,Size issue,Refunded,2671.12
RTRN000678,ORDR010556,,2024-05-09,Damaged product,Refunded,22177.64
RTRN000679,ORDR010559,,2024-05-16,Damaged product,Refunded,13529.83
RTRN000680,ORDR010562,,2024-05-04,Damaged product,Refunded,54458.32
RTRN000681,ORDR010596,,2024-05-21,Quality issue,Refunded,4945.93
RTRN000682,ORDR010598,,2024-05-15,Size issue,Refunded,2396.39
RTRN000683,ORDR010602,,2024-05-12,Damaged product,Refunded,5391.49
RTRN000684,ORDR010604,,2024-05-12,Damaged product,Refunded,404.39
RTRN000685,ORDR010611,,2024-05-07,Product not as described,Refunded,3150.12
RTRN000686,ORDR010615,,2024-05-14,Wrong product,Refunded,1926.66
RTRN000687,ORDR010621,,2024-05-07,Customer changed mind,Rejected,871.77
RTRN000688,ORDR010628,,2024-05-16,Damaged product,Refunded,26205.38
RTRN000689,ORDR010671,,2024-05-08,Damaged product,Refunded,27218.17
RTRN000690,ORDR010713,,2024-05-14,Quality issue,Refunded,1912.05
RTRN000691,ORDR010721,,2024-05-04,Customer changed mind,Refunded,1611.36
RTRN000692,ORDR010766,,2024-05-20,Quality issue,Refunded,7380.3
RTRN000693,ORDR010780,,2024-05-04,Quality issue,Rejected,27041.86
RTRN000694,ORDR010785,,2024-05-17,Wrong product,Rejected,317.8
RTRN000695,ORDR010795,,2024-05-16,Customer changed mind,Refunded,15353.72
RTRN000696,ORDR010799,,2024-05-19,Customer changed mind,Refunded,1617.15
RTRN000697,ORDR010801,,2024-05-17,Damaged product,Refunded,204.02
RTRN000698,ORDR010809,,2024-05-19,Product not as described,Refunded,2891.77
RTRN000699,ORDR010812,,2024-05-05,Customer changed mind,Rejected,9342.09
RTRN000700,ORDR010823,,2024-05-09,Damaged product,Rejected,969.48
RTRN000701,ORDR010839,,2024-05-11,Size issue,Rejected,9430.59
RTRN000702,ORDR010842,,2024-05-14,Damaged product,Refunded,11890.4
RTRN000703,ORDR010845,,2024-05-09,Customer changed mind,Refunded,4605.64
RTRN000704,ORDR010885,,2024-05-07,Wrong product,Refunded,13489.71
RTRN000705,ORDR010888,,2024-05-13,Customer changed mind,Refunded,12322.42
RTRN000706,ORDR010902,,2024-05-07,Wrong product,Refunded,14898.02
RTRN000707,ORDR010907,,2024-05-19,Late delivery,Refunded,46.91
RTRN000708,ORDR010923,,2024-05-13,Size issue,Refunded,1543.87
RTRN000709,ORDR010947,,2024-05-11,Size issue,Refunded,2826.9
RTRN000710,ORDR010949,,2024-05-07,Product not as described,Refunded,331.59
RTRN000711,ORDR010953,,2024-05-11,Damaged product,Refunded,22930.94
RTRN000712,ORDR010971,,2024-05-15,Quality issue,Refunded,13452.34
RTRN000713,ORDR010972,,2024-05-13,Product not as described,Refunded,7941.81
RTRN000714,ORDR010973,,2024-05-14,Wrong product,Rejected,986.75
RTRN000715,ORDR010975,,2024-05-10,Customer changed mind,Refunded,4086.74
RTRN000716,ORDR010982,,2024-05-17,Customer changed mind,Refunded,5542.38
RTRN000717,ORDR010998,,2024-05-08,Product not as described,Refunded,3740.46
RTRN000718,ORDR011021,,2024-05-15,Quality issue,Refunded,28719.08
RTRN000719,ORDR011034,,2024-05-13,Wrong product,Refunded,2731.25
RTRN000720,ORDR011070,,2024-05-20,Damaged product,Refunded,761.34
RTRN000721,ORDR011084,,2024-05-10,Product not as described,Refunded,10305.02
RTRN000722,ORDR011089,,2024-05-10,Size issue,Refunded,1194.3
RTRN000723,ORDR011104,,2024-05-08,Quality issue,Refunded,2277.98
RTRN000724,ORDR011107,,2024-05-23,Quality issue,Refunded,1281.3
RTRN000725,ORDR011124,,2024-05-19,Quality issue,Rejected,691.03
RTRN000726,ORDR011141,,2024-05-23,Quality issue,Refunded,758.0
RTRN000727,ORDR011146,,2024-05-15,Quality issue,Refunded,26964.52
RTRN000728,ORDR011192,,2024-05-08,Customer changed mind,Refunded,3788.68
RTRN000729,ORDR011222,,2024-05-21,Wrong product,Rejected,5259.22
RTRN000730,ORDR011247,,2024-05-17,Late delivery,Rejected,971.63
RTRN000731,ORDR011255,,2024-05-14,Damaged product,Refunded,2526.68
RTRN000732,ORDR011256,,2024-05-10,Product not as described,Refunded,443.98
RTRN000733,ORDR011266,,2024-05-21,Wrong product,Refunded,5770.2
RTRN000734,ORDR011274,,2024-05-24,Product not as described,Refunded,2903.47
RTRN000735,ORDR011291,,2024-05-17,Late delivery,Refunded,232.11
RTRN000736,ORDR011296,,2024-05-21,Size issue,Refunded,20919.84
RTRN000737,ORDR011309,,2024-05-21,Damaged product,Refunded,4084.44
RTRN000738,ORDR011314,,2024-05-12,Customer changed mind,Refunded,493.48
RTRN000739,ORDR011329,,2024-05-26,Quality issue,Refunded,27527.36
RTRN000740,ORDR011331,,2024-05-14,Damaged product,Refunded,5251.96
RTRN000741,ORDR011333,,2024-05-21,Quality issue,Refunded,731.04
RTRN000742,ORDR011360,,2024-05-16,Size issue,Refunded,2073.81
RTRN000743,ORDR011382,,2024-05-13,Customer changed mind,Refunded,203.81
RTRN000744,ORDR011383,,2024-05-18,Product not as described,Refunded,893.69
RTRN000745,ORDR011405,,2024-05-13,Customer changed mind,Rejected,725.65
RTRN000746,ORDR011411,,2024-05-21,Damaged product,Refunded,11321.29
RTRN000747,ORDR011423,,2024-05-29,Product not as described,Rejected,887.04
RTRN000748,ORDR011428,,2024-05-21,Quality issue,Refunded,24442.25
RTRN000749,ORDR011443,,2024-05-21,Wrong product,Refunded,2106.23
RTRN000750,ORDR011450,,2024-05-21,Product not as described,Refunded,28245.77
RTRN000751,ORDR011469,,2024-05-17,Wrong product,Refunded,1924.2
RTRN000752,ORDR011512,,2024-05-28,Product not as described,Refunded,8366.91
RTRN000753,ORDR011515,,2024-05-12,Damaged product,Refunded,40039.81
RTRN000754,ORDR011528,,2024-05-13,Wrong product,Refunded,910.03
RTRN000755,ORDR011541,,2024-05-13,Customer changed mind,Refunded,10667.49
RTRN000756,ORDR011542,,2024-05-22,Product not as described,Refunded,20865.11
RTRN000757,ORDR011548,,2024-05-24,Wrong product,Refunded,35629.44
RTRN000758,ORDR011569,,2024-05-18,Damaged product,Refunded,5744.39
RTRN000759,ORDR011570,,2024-05-17,Quality issue,Refunded,841.42
RTRN000760,ORDR011579,,2024-05-20,Quality issue,Refunded,5251.62
RTRN000761,ORDR011630,,2024-05-16,Damaged product,Rejected,146.35
RTRN000762,ORDR011637,,2024-05-23,Customer changed mind,Refunded,2892.56
RTRN000763,ORDR011642,,2024-05-22,Quality issue,Rejected,15308.82
RTRN000764,ORDR011656,,2024-05-27,Quality issue,Refunded,17373.12
RTRN000765,ORDR011673,,2024-05-25,Size issue,Rejected,3092.85
RTRN000766,ORDR011680,,2024-05-22,Damaged product,Refunded,443.1
RTRN000767,ORDR011707,,2024-05-15,Customer changed mind,Refunded,563.77
RTRN000768,ORDR011710,,2024-05-29,Wrong product,Refunded,1099.53
RTRN000769,ORDR011722,,2024-05-27,Quality issue,Refunded,61138.96
RTRN000770,ORDR011728,,2024-05-19,Customer changed mind,Refunded,1113.53
RTRN000771,ORDR011754,,2024-05-25,Quality issue,Refunded,884.11
RTRN000772,ORDR011755,,2024-05-23,Wrong product,Refunded,5076.69
RTRN000773,ORDR011763,,2024-05-23,Late delivery,Refunded,24651.2
RTRN000774,ORDR011791,,2024-05-23,Product not as described,Rejected,4455.66
RTRN000775,ORDR011806,,2024-05-25,Damaged product,Refunded,922.09
RTRN000776,ORDR011821,,2024-05-25,Customer changed mind,Refunded,2980.04
RTRN000777,ORDR011825,,2024-05-26,Quality issue,Rejected,2549.63
RTRN000778,ORDR011842,,2024-05-20,Damaged product,Refunded,33050.86
RTRN000779,ORDR011849,,2024-05-21,Damaged product,Refunded,349.09
RTRN000780,ORDR011858,,2024-06-02,Product not as described,Refunded,4730.47
RTRN000781,ORDR011872,,2024-05-24,Quality issue,Rejected,7565.1
RTRN000782,ORDR011882,,2024-06-05,Quality issue,Refunded,3282.37
RTRN000783,ORDR011884,,2024-05-28,Quality issue,Refunded,4117.66
RTRN000784,ORDR011908,,2024-05-25,Customer changed mind,Refunded,717.77
RTRN000785,ORDR011914,,2024-05-19,Damaged product,Refunded,310.91
RTRN000786,ORDR011958,,2024-05-24,Customer changed mind,Refunded,26053.08
RTRN000787,ORDR011965,,2024-05-20,Damaged product,Refunded,34952.33
RTRN000788,ORDR011981,,2024-05-19,Damaged product,Rejected,20505.56
RTRN000789,ORDR012012,,2024-05-24,Product not as described,Refunded,13722.83
RTRN000790,ORDR012020,,2024-05-27,Quality issue,Refunded,7449.38
RTRN000791,ORDR012054,,2024-05-26,Wrong product,Rejected,3055.35
RTRN000792,ORDR012078,,2024-05-23,Wrong product,Refunded,10237.3
RTRN000793,ORDR012079,,2024-05-26,Damaged product,Rejected,4661.29
RTRN000794,ORDR012098,,2024-05-25,Customer changed mind,Rejected,3007.91
RTRN000795,ORDR012112,,2024-05-30,Quality issue,Refunded,31185.06
RTRN000796,ORDR012164,,2024-05-24,Wrong product,Refunded,6046.16
RTRN000797,ORDR012196,,2024-05-21,Damaged product,Refunded,10490.03
RTRN000798,ORDR012234,,2024-05-26,Wrong product,Refunded,3766.67
RTRN000799,ORDR012242,,2024-05-29,Product not as described,Refunded,3979.37
RTRN000800,ORDR012309,,2024-05-24,Quality issue,Refunded,19623.64
RTRN000801,ORDR012315,,2024-05-29,Size issue,Refunded,1360.31
RTRN000802,ORDR012319,,2024-06-01,Product not as described,Refunded,6735.6
RTRN000803,ORDR012342,,2024-05-30,Product not as described,Refunded,8590.67
RTRN000804,ORDR012367,,2024-05-29,Product not as described,Refunded,329.82
RTRN000805,ORDR012381,,2024-05-29,Customer changed mind,Refunded,18738.78
RTRN000806,ORDR012393,,2024-05-26,Quality issue,Refunded,180.08
RTRN000807,ORDR012415,,2024-06-01,Size issue,Refunded,8651.82
RTRN000808,ORDR012456,,2024-05-26,Damaged product,Rejected,897.99
RTRN000809,ORDR012482,,2024-06-02,Wrong product,Rejected,11089.13
RTRN000810,ORDR012484,,2024-05-28,Damaged product,Refunded,1679.34
RTRN000811,ORDR012491,,2024-06-02,Quality issue,Refunded,1346.51
RTRN000812,ORDR012498,,2024-06-01,Quality issue,Rejected,1217.58
RTRN000813,ORDR012530,,2024-06-03,Customer changed mind,Refunded,463.81
RTRN000814,ORDR012531,,2024-05-28,Quality issue,Refunded,17234.74
RTRN000815,ORDR012534,,2024-06-09,Quality issue,Refunded,1962.27
RTRN000816,ORDR012565,,2024-05-27,Damaged product,Refunded,1277.27
RTRN000817,ORDR012609,,2024-06-05,Damaged product,Refunded,11368.96
RTRN000818,ORDR012613,,2024-06-01,Product not as described,Rejected,520.27
RTRN000819,ORDR012614,,2024-05-25,Customer changed mind,Refunded,83556.7
RTRN000820,ORDR012615,,2024-06-08,Product not as described,Refunded,19712.64
RTRN000821,ORDR012620,,2024-05-30,Damaged product,Refunded,2763.02
RTRN000822,ORDR012637,,2024-06-04,Size issue,Refunded,1832.43
RTRN000823,ORDR012652,,2024-06-01,Size issue,Rejected,2587.3
RTRN000824,ORDR012653,,2024-06-08,Customer changed mind,Refunded,16306.06
RTRN000825,ORDR012695,,2024-05-27,Quality issue,Refunded,639.44
RTRN000826,ORDR012711,,2024-06-01,Wrong product,Rejected,44922.54
RTRN000827,ORDR012716,,2024-05-27,Size issue,Refunded,3103.2
RTRN000828,ORDR012720,,2024-05-29,Quality issue,Refunded,31459.51
RTRN000829,ORDR012735,,2024-05-26,Damaged product,Refunded,16923.5
RTRN000830,ORDR012750,,2024-05-29,Size issue,Refunded,881.72
RTRN000831,ORDR012757,,2024-06-04,Damaged product,Refunded,23757.95
RTRN000832,ORDR012763,,2024-06-09,Size issue,Rejected,281.34
RTRN000833,ORDR012767,,2024-06-07,Product not as described,Rejected,4678.11
RTRN000834,ORDR012775,,2024-05-26,Damaged product,Refunded,1992.54
RTRN000835,ORDR012781,,2024-06-01,Quality issue,Refunded,194150.14
RTRN000836,ORDR012782,,2024-05-29,Damaged product,Refunded,282.24
RTRN000837,ORDR012798,,2024-06-01,Size issue,Refunded,3970.67
RTRN000838,ORDR012805,,2024-06-14,Damaged product,Rejected,390.75
RTRN000839,ORDR012810,,2024-06-06,Quality issue,Refunded,453.43
RTRN000840,ORDR012848,,2024-06-08,Damaged product,Rejected,3028.7
RTRN000841,ORDR012854,,2024-05-29,Wrong product,Refunded,1942.6
RTRN000842,ORDR012864,,2024-05-29,Wrong product,Rejected,3516.59
RTRN000843,ORDR012869,,2024-06-10,Damaged product,Refunded,6378.06
RTRN000844,ORDR012872,,2024-05-29,Damaged product,Refunded,1731.05
RTRN000845,ORDR012874,,2024-06-02,Quality issue,Refunded,6422.17
RTRN000846,ORDR012876,,2024-05-27,Wrong product,Rejected,1288.14
RTRN000847,ORDR012881,,2024-06-11,Wrong product,Refunded,379.16
RTRN000848,ORDR012896,,2024-06-10,Damaged product,Refunded,192.18
RTRN000849,ORDR012908,,2024-06-05,Damaged product,Rejected,1670.83
RTRN000850,ORDR012918,,2024-05-31,Damaged product,Refunded,3156.79
RTRN000851,ORDR012926,,2024-05-26,Product not as described,Rejected,3487.73
RTRN000852,ORDR012935,,2024-05-30,Late delivery,Refunded,190.8
RTRN000853,ORDR012939,,2024-06-02,Wrong product,Refunded,2120.33
RTRN000854,ORDR012960,,2024-05-31,Damaged product,Refunded,1149.37
RTRN000855,ORDR012976,,2024-06-05,Late delivery,Refunded,1448.93
RTRN000856,ORDR012981,,2024-05-27,Customer changed mind,Refunded,794.37
RTRN000857,ORDR013000,,2024-05-29,Damaged product,Rejected,17838.82
RTRN000858,ORDR013002,,2024-06-03,Damaged product,Refunded,1310.7
RTRN000859,ORDR013011,,2024-06-02,Size issue,Refunded,723.67
RTRN000860,ORDR013040,,2024-06-10,Wrong product,Refunded,27391.39
RTRN000861,ORDR013055,,2024-06-05,Customer changed mind,Refunded,233.8
RTRN000862,ORDR013063,,2024-06-10,Customer changed mind,Refunded,6081.22
RTRN000863,ORDR013072,,2024-05-27,Quality issue,Refunded,12421.14
RTRN000864,ORDR013143,,2024-06-08,Customer changed mind,Refunded,4027.11
RTRN000865,ORDR013157,,2024-06-11,Damaged product,Refunded,45932.07
RTRN000866,ORDR013169,,2024-06-09,Size issue,Refunded,840.4
RTRN000867,ORDR013198,,2024-06-05,Wrong product,Refunded,7137.85
RTRN000868,ORDR013208,,2024-06-02,Damaged product,Refunded,1199.45
RTRN000869,ORDR013232,,2024-06-13,Product not as described,Refunded,5974.58
RTRN000870,ORDR013250,,2024-06-08,Damaged product,Refunded,14614.71
RTRN000871,ORDR013258,,2024-06-02,Damaged product,Refunded,278.74
RTRN000872,ORDR013280,,2024-06-04,Size issue,Refunded,4053.11
RTRN000873,ORDR013293,,2024-06-03,Customer changed mind,Refunded,414.85
RTRN000874,ORDR013307,,2024-06-02,Quality issue,Refunded,68962.01
RTRN000875,ORDR013323,,2024-06-14,Product not as described,Refunded,2029.13
RTRN000876,ORDR013370,,2024-06-15,Size issue,Rejected,2352.75
RTRN000877,ORDR013407,,2024-06-09,Quality issue,Rejected,23484.38
RTRN000878,ORDR013415,,2024-06-08,Customer changed mind,Rejected,1335.54
RTRN000879,ORDR013418,,2024-06-13,Damaged product,Refunded,39777.86
RTRN000880,ORDR013421,,2024-06-09,Quality issue,Rejected,1306.5
RTRN000881,ORDR013429,,2024-06-09,Quality issue,Refunded,3339.89
RTRN000882,ORDR013431,,2024-06-16,Size issue,Refunded,870.97
RTRN000883,ORDR013464,,2024-06-03,Wrong product,Refunded,1951.62
RTRN000884,ORDR013470,,2024-06-09,Quality issue,Refunded,1625.8
RTRN000885,ORDR013478,,2024-06-07,Customer changed mind,Refunded,1826.68
RTRN000886,ORDR013494,,2024-06-15,Wrong product,Refunded,2105.37
RTRN000887,ORDR013503,,2024-06-10,Quality issue,Refunded,3395.47
RTRN000888,ORDR013507,,2024-06-04,Quality issue,Refunded,9368.48
RTRN000889,ORDR013519,,2024-06-06,Product not as described,Refunded,316.26
RTRN000890,ORDR013526,,2024-06-24,Size issue,Refunded,811.33
RTRN000891,ORDR013552,,2024-06-11,Damaged product,Refunded,144.02
RTRN000892,ORDR013564,,2024-06-08,Damaged product,Rejected,1081.62
RTRN000893,ORDR013575,,2024-06-06,Quality issue,Refunded,3574.19
RTRN000894,ORDR013580,,2024-06-05,Customer changed mind,Refunded,3427.21
RTRN000895,ORDR013592,,2024-06-11,Size issue,Rejected,2707.25
RTRN000896,ORDR013604,,2024-06-15,Quality issue,Refunded,13001.24
RTRN000897,ORDR013615,,2024-06-06,Damaged product,Refunded,12793.8
RTRN000898,ORDR013626,,2024-06-02,Damaged product,Refunded,3764.04
RTRN000899,ORDR013658,,2024-06-10,Damaged product,Refunded,3079.73
RTRN000900,ORDR013669,,2024-06-14,Wrong product,Refunded,1677.26
RTRN000901,ORDR013674,,2024-06-05,Customer changed mind,Refunded,480.41
RTRN000902,ORDR013687,,2024-06-12,Customer changed mind,Refunded,150.76
RTRN000903,ORDR013706,,2024-06-10,Quality issue,Refunded,2412.53
RTRN000904,ORDR013714,,2024-06-10,Damaged product,Rejected,45959.44
RTRN000905,ORDR013724,,2024-06-11,Quality issue,Rejected,2437.48
RTRN000906,ORDR013743,,2024-06-06,Quality issue,Refunded,8775.95
RTRN000907,ORDR013745,,2024-06-07,Customer changed mind,Refunded,708.22
RTRN000908,ORDR013791,,2024-06-03,Damaged product,Refunded,6748.93
RTRN000909,ORDR013801,,2024-06-08,Wrong product,Rejected,356.66
RTRN000910,ORDR013814,,2024-06-08,Quality issue,Refunded,124275.58
RTRN000911,ORDR013827,,2024-06-12,Quality issue,Rejected,1776.06
RTRN000912,ORDR013829,,2024-06-19,Wrong product,Refunded,927.92
RTRN000913,ORDR013855,,2024-06-10,Quality issue,Refunded,676.93
RTRN000914,ORDR013863,,2024-06-08,Customer changed mind,Rejected,11950.93
RTRN000915,ORDR013883,,2024-06-13,Customer changed mind,Refunded,13025.91
RTRN000916,ORDR013892,,2024-06-12,Size issue,Rejected,10595.23
RTRN000917,ORDR013948,,2024-06-11,Product not as described,Refunded,3974.07
RTRN000918,ORDR013951,,2024-06-13,Late delivery,Refunded,68857.27
RTRN000919,ORDR013966,,2024-06-20,Wrong product,Refunded,654.74
RTRN000920,ORDR013970,,2024-06-16,Wrong product,Refunded,5153.55
RTRN000921,ORDR013976,,2024-06-17,Size issue,Rejected,749.55
RTRN000922,ORDR014004,,2024-06-09,Wrong product,Refunded,258.2
RTRN000923,ORDR014006,,2024-06-05,Quality issue,Refunded,20819.54
RTRN000924,ORDR014017,,2024-06-08,Quality issue,Refunded,12432.96
RTRN000925,ORDR014025,,2024-06-09,Damaged product,Refunded,6201.34
RTRN000926,ORDR014029,,2024-06-19,Size issue,Refunded,12392.04
RTRN000927,ORDR014034,,2024-06-16,Quality issue,Refunded,46591.45
RTRN000928,ORDR014039,,2024-06-11,Wrong product,Rejected,1568.55
RTRN000929,ORDR014075,,2024-06-20,Quality issue,Refunded,281.38
RTRN000930,ORDR014082,,2024-06-11,Customer changed mind,Rejected,2407.73
RTRN000931,ORDR014096,,2024-06-09,Customer changed mind,Rejected,1680.64
RTRN000932,ORDR014107,,2024-06-07,Wrong product,Refunded,16940.78
RTRN000933,ORDR014128,,2024-06-08,Size issue,Rejected,4829.98
RTRN000934,ORDR014156,,2024-06-10,Size issue,Rejected,17263.34
RTRN000935,ORDR014160,,2024-06-16,Product not as described,Refunded,32472.49
RTRN000936,ORDR014171,,2024-06-20,Damaged product,Refunded,907.53
RTRN000937,ORDR014173,,2024-06-20,Damaged product,Rejected,8768.25
RTRN000938,ORDR014204,,2024-06-16,Damaged product,Rejected,33639.17
RTRN000939,ORDR014256,,2024-06-15,Late delivery,Refunded,1334.13
RTRN000940,ORDR014263,,2024-06-12,Size issue,Refunded,966.98
RTRN000941,ORDR014265,,2024-06-08,Product not as described,Refunded,30826.37
RTRN000942,ORDR014286,,2024-06-11,Wrong product,Refunded,3376.26
RTRN000943,ORDR014390,,2024-06-13,Quality issue,Refunded,10875.64
RTRN000944,ORDR014403,,2024-06-19,Product not as described,Rejected,3381.73
RTRN000945,ORDR014407,,2024-06-20,Customer changed mind,Rejected,558.19
RTRN000946,ORDR014425,,2024-06-23,Customer changed mind,Refunded,2534.91
RTRN000947,ORDR014435,,2024-06-15,Quality issue,Rejected,15278.3
RTRN000948,ORDR014467,,2024-06-09,Size issue,Rejected,256.54
RTRN000949,ORDR014476,,2024-06-22,Wrong product,Refunded,441.05
RTRN000950,ORDR014478,,2024-06-11,Damaged product,Refunded,1850.95
RTRN000951,ORDR014479,,2024-06-19,Wrong product,Refunded,199.83
RTRN000952,ORDR014495,,2024-06-20,Size issue,Refunded,16477.08
RTRN000953,ORDR014498,,2024-06-12,Damaged product,Refunded,1150.83
RTRN000954,ORDR014532,,2024-06-12,Damaged product,Refunded,1581.95
RTRN000955,ORDR014569,,2024-06-25,Wrong product,Refunded,665.33
RTRN000956,ORDR014589,,2024-06-13,Size issue,Refunded,8884.56
RTRN000957,ORDR014596,,2024-06-16,Damaged product,Refunded,4411.75
RTRN000958,ORDR014630,,2024-06-13,Product not as described,Refunded,3700.19
RTRN000959,ORDR014635,,2024-06-18,Wrong product,Rejected,4468.69
RTRN000960,ORDR014645,,2024-06-17,Late delivery,Refunded,642.25
RTRN000961,ORDR014647,,2024-06-17,Customer changed mind,Rejected,2990.87
RTRN000962,ORDR014659,,2024-06-17,Size issue,Refunded,5819.79
RTRN000963,ORDR014667,,2024-06-20,Product not as described,Rejected,6607.38
RTRN000964,ORDR014685,,2024-06-17,Product not as described,Rejected,618.69
RTRN000965,ORDR014690,,2024-06-13,Customer changed mind,Refunded,1981.93
RTRN000966,ORDR014702,,2024-06-15,Product not as described,Refunded,1971.38
RTRN000967,ORDR014709,,2024-06-12,Damaged product,Refunded,31524.93
RTRN000968,ORDR014712,,2024-06-22,Customer changed mind,Rejected,51612.52
RTRN000969,ORDR014731,,2024-06-14,Damaged product,Refunded,48794.37
RTRN000970,ORDR014740,,2024-06-14,Quality issue,Refunded,2236.1
RTRN000971,ORDR014748,,2024-06-22,Wrong product,Refunded,885.22
RTRN000972,ORDR014777,,2024-06-14,Damaged product,Rejected,2334.6
RTRN000973,ORDR014790,,2024-06-27,Product not as described,Refunded,7832.21
RTRN000974,ORDR014794,,2024-06-25,Product not as described,Refunded,19462.48
RTRN000975,ORDR014808,,2024-06-22,Size issue,Refunded,3318.42
RTRN000976,ORDR014825,,2024-06-29,Quality issue,Refunded,23958.79
RTRN000977,ORDR014826,,2024-06-27,Damaged product,Refunded,12320.38
RTRN000978,ORDR014829,,2024-06-27,Quality issue,Refunded,73618.5
RTRN000979,ORDR014856,,2024-06-23,Customer changed mind,Rejected,195.48
RTRN000980,ORDR014860,,2024-06-23,Damaged product,Refunded,2920.18
RTRN000981,ORDR014905,,2024-06-21,Late delivery,Refunded,11962.48
RTRN000982,ORDR014945,,2024-06-21,Quality issue,Rejected,1444.56
RTRN000983,ORDR014969,,2024-06-24,Customer changed mind,Refunded,2901.27
RTRN000984,ORDR014974,,2024-06-19,Size issue,Refunded,924.57
RTRN000985,ORDR014976,,2024-06-28,Customer changed mind,Refunded,18534.46
RTRN000986,ORDR014989,,2024-06-14,Wrong product,Refunded,14927.26
RTRN000987,ORDR014990,,2024-06-27,Late delivery,Rejected,41.4
RTRN000988,ORDR014997,,2024-06-28,Customer changed mind,Refunded,138202.77
RTRN000989,ORDR015006,,2024-06-24,Quality issue,Refunded,2053.47
RTRN000990,ORDR015020,,2024-06-21,Wrong product,Refunded,1208.19
RTRN000991,ORDR015035,,2024-06-26,Quality issue,Rejected,5898.41
RTRN000992,ORDR015050,,2024-06-20,Quality issue,Refunded,22663.37
RTRN000993,ORDR015056,,2024-06-20,Damaged product,Refunded,2979.93
RTRN000994,ORDR015107,,2024-06-24,Wrong product,Refunded,4542.97
RTRN000995,ORDR015110,,2024-06-21,Quality issue,Refunded,63973.53
RTRN000996,ORDR015144,,2024-06-23,Damaged product,Refunded,739.93
RTRN000997,ORDR015151,,2024-06-21,Customer changed mind,Rejected,3308.81
RTRN000998,ORDR015161,,2024-06-17,Damaged product,Refunded,4913.87
RTRN000999,ORDR015202,,2024-06-18,Quality issue,Rejected,23268.77
RTRN001000,ORDR015243,,2024-06-22,Size issue,Rejected,11793.55
RTRN001001,ORDR015248,,2024-06-27,Wrong product,Rejected,31288.45
RTRN001002,ORDR015256,,2024-06-23,Quality issue,Refunded,12025.22
RTRN001003,ORDR015265,,2024-06-26,Quality issue,Refunded,2805.49
RTRN001004,ORDR015271,,2024-06-28,Wrong product,Refunded,3791.83
RTRN001005,ORDR015286,,2024-06-26,Damaged product,Refunded,2468.81
RTRN001006,ORDR015301,,2024-06-27,Late delivery,Refunded,920.28
RTRN001007,ORDR015315,,2024-06-30,Wrong product,Refunded,16091.03
RTRN001008,ORDR015369,,2024-06-20,Product not as described,Rejected,2300.47
RTRN001009,ORDR015373,,2024-06-16,Product not as described,Refunded,3543.41
RTRN001010,ORDR015386,,2024-06-24,Damaged product,Refunded,1049.0
RTRN001011,ORDR015412,,2024-06-21,Customer changed mind,Refunded,3626.95
RTRN001012,ORDR015435,,2024-06-28,Damaged product,Refunded,261.31
RTRN001013,ORDR015455,,2024-06-18,Customer changed mind,Rejected,1092.83
RTRN001014,ORDR015483,,2024-06-25,Quality issue,Rejected,2507.07
RTRN001015,ORDR015488,,2024-06-30,Damaged product,Refunded,31683.06
RTRN001016,ORDR015511,,2024-06-28,Product not as described,Refunded,413.63
RTRN001017,ORDR015514,,2024-07-06,Wrong product,Refunded,57434.49
RTRN001018,ORDR015517,,2024-06-26,Wrong product,Refunded,237.3
RTRN001019,ORDR015548,,2024-06-27,Size issue,Rejected,11813.79
RTRN001020,ORDR015557,,2024-06-25,Product not as described,Rejected,2240.29
RTRN001021,ORDR015577,,2024-06-27,Quality issue,Refunded,18028.0
RTRN001022,ORDR015600,,2024-06-22,Damaged product,Refunded,635.28
RTRN001023,ORDR015608,,2024-06-24,Wrong product,Refunded,206.37
RTRN001024,ORDR015611,,2024-06-25,Size issue,Refunded,3410.67
RTRN001025,ORDR015613,,2024-06-21,Size issue,Refunded,622.91
RTRN001026,ORDR015614,,2024-06-27,Quality issue,Refunded,12196.31
RTRN001027,ORDR015618,,2024-06-27,Size issue,Rejected,3693.71
RTRN001028,ORDR015649,,2024-06-22,Quality issue,Rejected,367.82
RTRN001029,ORDR015659,,2024-06-28,Damaged product,Refunded,14655.89
RTRN001030,ORDR015667,,2024-07-04,Late delivery,Rejected,2175.08
RTRN001031,ORDR015669,,2024-06-29,Wrong product,Rejected,544.89
RTRN001032,ORDR015670,,2024-07-05,Damaged product,Refunded,157.29
RTRN001033,ORDR015684,,2024-07-06,Damaged product,Refunded,14885.11
RTRN001034,ORDR015692,,2024-06-30,Quality issue,Refunded,45821.11
RTRN001035,ORDR015699,,2024-06-25,Damaged product,Refunded,1392.34
RTRN001036,ORDR015777,,2024-07-01,Quality issue,Refunded,2982.58
RTRN001037,ORDR015784,,2024-06-20,Product not as described,Refunded,2369.07
RTRN001038,ORDR015796,,2024-07-03,Wrong product,Rejected,2659.93
RTRN001039,ORDR015841,,2024-07-03,Quality issue,Refunded,1017.23
RTRN001040,ORDR015847,,2024-07-01,Product not as described,Refunded,582.12
RTRN001041,ORDR015939,,2024-07-01,Product not as described,Refunded,1047.52
RTRN001042,ORDR015955,,2024-07-02,Quality issue,Refunded,20987.12
RTRN001043,ORDR015958,,2024-06-21,Customer changed mind,Refunded,1080.86
RTRN001044,ORDR015969,,2024-06-28,Size issue,Refunded,10978.38
RTRN001045,ORDR015979,,2024-06-25,Customer changed mind,Refunded,272.91
RTRN001046,ORDR015982,,2024-07-06,Quality issue,Refunded,2875.43
RTRN001047,ORDR015989,,2024-07-02,Damaged product,Refunded,68088.21
RTRN001048,ORDR015995,,2024-06-21,Damaged product,Refunded,204.86
RTRN001049,ORDR016018,,2024-07-05,Customer changed mind,Refunded,3238.39
RTRN001050,ORDR016021,,2024-07-02,Product not as described,Refunded,309.36
RTRN001051,ORDR016024,,2024-06-24,Customer changed mind,Refunded,1037.09
RTRN001052,ORDR016025,,2024-06-22,Damaged product,Refunded,867.76
RTRN001053,ORDR016029,,2024-06-26,Damaged product,Rejected,2276.7
RTRN001054,ORDR016036,,2024-06-25,Product not as described,Refunded,25282.06
RTRN001055,ORDR016066,,2024-07-01,Wrong product,Rejected,345.58
RTRN001056,ORDR016089,,2024-06-30,Product not as described,Refunded,9312.29
RTRN001057,ORDR016093,,2024-06-30,Quality issue,Refunded,3591.06
RTRN001058,ORDR016136,,2024-07-07,Customer changed mind,Refunded,468.91
RTRN001059,ORDR016147,,2024-06-23,Wrong product,Refunded,1269.16
RTRN001060,ORDR016149,,2024-07-08,Customer changed mind,Refunded,582.32
RTRN001061,ORDR016162,,2024-07-05,Damaged product,Refunded,1592.17
RTRN001062,ORDR016174,,2024-06-27,Product not as described,Refunded,13634.54
RTRN001063,ORDR016188,,2024-07-08,Product not as described,Refunded,23136.56
RTRN001064,ORDR016222,,2024-06-28,Wrong product,Refunded,4644.02
RTRN001065,ORDR016228,,2024-06-26,Damaged product,Refunded,53351.92
RTRN001066,ORDR016243,,2024-07-05,Customer changed mind,Refunded,4090.24
RTRN001067,ORDR016254,,2024-07-12,Quality issue,Refunded,7151.64
RTRN001068,ORDR016255,,2024-07-09,Damaged product,Refunded,19684.87
RTRN001069,ORDR016272,,2024-07-04,Product not as described,Refunded,391.19
RTRN001070,ORDR016281,,2024-07-06,Quality issue,Rejected,22681.33
RTRN001071,ORDR016335,,2024-07-02,Damaged product,Refunded,11083.79
RTRN001072,ORDR016344,,2024-06-28,Late delivery,Refunded,13314.17
RTRN001073,ORDR016353,,2024-07-11,Damaged product,Refunded,18039.53
RTRN001074,ORDR016366,,2024-07-06,Wrong product,Rejected,2540.45
RTRN001075,ORDR016371,,2024-07-16,Quality issue,Refunded,10985.9
RTRN001076,ORDR016398,,2024-07-09,Late delivery,Rejected,351.79
RTRN001077,ORDR016406,,2024-06-30,Customer changed mind,Refunded,1666.58
RTRN001078,ORDR016423,,2024-06-29,Customer changed mind,Rejected,911.17
RTRN001079,ORDR016438,,2024-07-05,Wrong product,Refunded,152.98
RTRN001080,ORDR016440,,2024-07-13,Product not as described,Refunded,8384.34
RTRN001081,ORDR016465,,2024-06-28,Quality issue,Refunded,726.67
RTRN001082,ORDR016476,,2024-07-04,Late delivery,Rejected,19549.83
RTRN001083,ORDR016494,,2024-07-05,Customer changed mind,Refunded,2276.62
RTRN001084,ORDR016521,,2024-06-27,Damaged product,Rejected,5032.26
RTRN001085,ORDR016532,,2024-07-06,Size issue,Refunded,495.86
RTRN001086,ORDR016586,,2024-07-02,Wrong product,Refunded,1808.92
RTRN001087,ORDR016611,,2024-07-06,Size issue,Refunded,5261.03
RTRN001088,ORDR016638,,2024-07-07,Quality issue,Refunded,6156.02
RTRN001089,ORDR016685,,2024-07-05,Damaged product,Refunded,1378.34
RTRN001090,ORDR016691,,2024-07-04,Product not as described,Refunded,921.97
RTRN001091,ORDR016698,,2024-07-02,Wrong product,Rejected,350.0
RTRN001092,ORDR016724,,2024-07-11,Size issue,Refunded,535.63
RTRN001093,ORDR016730,,2024-07-06,Damaged product,Rejected,27716.54
RTRN001094,ORDR016734,,2024-07-11,Damaged product,Refunded,49973.3
RTRN001095,ORDR016735,,2024-07-09,Customer changed mind,Rejected,11429.13
RTRN001096,ORDR016754,,2024-06-30,Quality issue,Refunded,2730.92
RTRN001097,ORDR016760,,2024-07-11,Wrong product,Refunded,1940.59
RTRN001098,ORDR016806,,2024-07-03,Wrong product,Refunded,5209.56
RTRN001099,ORDR016820,,2024-07-05,Damaged product,Refunded,12906.41
RTRN001100,ORDR016830,,2024-07-05,Product not as described,Rejected,3742.82
RTRN001101,ORDR016849,,2024-07-08,Quality issue,Refunded,40253.28
RTRN001102,ORDR016876,,2024-07-15,Customer changed mind,Rejected,1685.12
RTRN001103,ORDR016879,,2024-07-13,Size issue,Rejected,15624.6
RTRN001104,ORDR016883,,2024-07-13,Late delivery,Refunded,1778.18
RTRN001105,ORDR016889,,2024-07-12,Customer changed mind,Refunded,350.08
RTRN001106,ORDR016902,,2024-07-08,Wrong product,Refunded,1945.63
RTRN001107,ORDR016906,,2024-07-03,Size issue,Refunded,952.75
RTRN001108,ORDR016982,,2024-07-14,Damaged product,Rejected,257.11
RTRN001109,ORDR016999,,2024-07-07,Size issue,Rejected,1584.93
RTRN001110,ORDR017023,,2024-07-15,Customer changed mind,Refunded,2210.38
RTRN001111,ORDR017024,,2024-07-20,Damaged product,Refunded,6298.97
RTRN001112,ORDR017040,,2024-07-15,Quality issue,Refunded,4077.03
RTRN001113,ORDR017051,,2024-07-16,Wrong product,Refunded,3702.53
RTRN001114,ORDR017065,,2024-07-08,Size issue,Refunded,7567.59
RTRN001115,ORDR017070,,2024-07-11,Damaged product,Refunded,35826.37
RTRN001116,ORDR017077,,2024-07-20,Damaged product,Refunded,46177.32
RTRN001117,ORDR017111,,2024-07-20,Size issue,Refunded,557.13
RTRN001118,ORDR017119,,2024-07-10,Quality issue,Refunded,1575.47
RTRN001119,ORDR017125,,2024-07-17,Customer changed mind,Refunded,2113.79
RTRN001120,ORDR017139,,2024-07-13,Product not as described,Rejected,1004.12
RTRN001121,ORDR017153,,2024-07-11,Customer changed mind,Rejected,3370.16
RTRN001122,ORDR017170,,2024-07-05,Quality issue,Refunded,19968.75
RTRN001123,ORDR017195,,2024-07-04,Wrong product,Refunded,22045.88
RTRN001124,ORDR017206,,2024-07-13,Product not as described,Rejected,1230.38
RTRN001125,ORDR017208,,2024-07-17,Product not as described,Refunded,789.18
RTRN001126,ORDR017268,,2024-07-10,Damaged product,Refunded,40301.87
RTRN001127,ORDR017271,,2024-07-10,Customer changed mind,Refunded,2480.99
RTRN001128,ORDR017275,,2024-07-17,Product not as described,Refunded,2344.02
RTRN001129,ORDR017307,,2024-07-19,Product not as described,Refunded,851.2
RTRN001130,ORDR017311,,2024-07-10,Damaged product,Rejected,3211.8
RTRN001131,ORDR017327,,2024-07-23,Wrong product,Refunded,83487.77
RTRN001132,ORDR017340,,2024-07-19,Wrong product,Refunded,8128.5
RTRN001133,ORDR017363,,2024-07-13,Size issue,Refunded,2584.25
RTRN001134,ORDR017384,,2024-07-15,Wrong product,Refunded,5752.97
RTRN001135,ORDR017409,,2024-07-13,Customer changed mind,Refunded,1800.51
RTRN001136,ORDR017447,,2024-07-17,Late delivery,Rejected,40648.2
RTRN001137,ORDR017452,,2024-07-10,Wrong product,Refunded,319.78
RTRN001138,ORDR017463,,2024-07-19,Size issue,Refunded,8786.92
RTRN001139,ORDR017474,,2024-07-15,Quality issue,Refunded,5293.91
RTRN001140,ORDR017480,,2024-07-15,Damaged product,Rejected,29585.44
RTRN001141,ORDR017482,,2024-07-23,Wrong product,Refunded,2722.47
RTRN001142,ORDR017498,,2024-07-22,Customer changed mind,Refunded,1719.89
RTRN001143,ORDR017501,,2024-07-19,Late delivery,Refunded,4008.72
RTRN001144,ORDR017505,,2024-07-15,Damaged product,Rejected,51640.44
RTRN001145,ORDR017526,,2024-07-23,Late delivery,Refunded,10595.56
RTRN001146,ORDR017545,,2024-07-10,Quality issue,Refunded,1478.35
RTRN001147,ORDR017548,,2024-07-10,Wrong product,Refunded,199.16
RTRN001148,ORDR017592,,2024-07-25,Product not as described,Refunded,47773.18
RTRN001149,ORDR017607,,2024-07-13,Wrong product,Rejected,11271.53
RTRN001150,ORDR017611,,2024-07-19,Wrong product,Refunded,22848.01
RTRN001151,ORDR017619,,2024-07-12,Product not as described,Refunded,5145.81
RTRN001152,ORDR017641,,2024-07-17,Customer changed mind,Refunded,539.74
RTRN001153,ORDR017644,,2024-07-19,Quality issue,Rejected,408.93
RTRN001154,ORDR017665,,2024-07-21,Customer changed mind,Rejected,20297.76
RTRN001155,ORDR017673,,2024-07-23,Size issue,Refunded,11167.5
RTRN001156,ORDR017691,,2024-07-24,Damaged product,Rejected,1396.81
RTRN001157,ORDR017692,,2024-07-23,Quality issue,Refunded,673.21
RTRN001158,ORDR017721,,2024-07-14,Damaged product,Refunded,1367.73
RTRN001159,ORDR017726,,2024-07-18,Damaged product,Refunded,30588.36
RTRN001160,ORDR017749,,2024-07-23,Product not as described,Refunded,799.18
RTRN001161,ORDR017752,,2024-07-19,Size issue,Refunded,2322.91
RTRN001162,ORDR017772,,2024-07-21,Damaged product,Refunded,23570.16
RTRN001163,ORDR017785,,2024-07-22,Size issue,Rejected,2746.76
RTRN001164,ORDR017803,,2024-07-20,Product not as described,Rejected,6338.64
RTRN001165,ORDR017828,,2024-07-22,Quality issue,Refunded,291.93
RTRN001166,ORDR017853,,2024-07-26,Damaged product,Rejected,12703.43
RTRN001167,ORDR017854,,2024-07-20,Wrong product,Refunded,558.48
RTRN001168,ORDR017903,,2024-07-27,Wrong product,Rejected,3044.48
RTRN001169,ORDR017905,,2024-07-15,Size issue,Refunded,814.08
RTRN001170,ORDR017948,,2024-07-19,Damaged product,Refunded,5023.12
RTRN001171,ORDR017966,,2024-07-20,Customer changed mind,Rejected,1363.21
RTRN001172,ORDR017976,,2024-07-16,Damaged product,Rejected,28110.42
RTRN001173,ORDR017980,,2024-07-23,Product not as described,Rejected,8635.75
RTRN001174,ORDR017987,,2024-07-24,Quality issue,Refunded,529.79
RTRN001175,ORDR017991,,2024-07-18,Damaged product,Rejected,872.73
RTRN001176,ORDR018007,,2024-07-18,Damaged product,Refunded,1041.66
RTRN001177,ORDR018018,,2024-07-13,Quality issue,Refunded,2117.51
RTRN001178,ORDR018030,,2024-07-13,Wrong product,Refunded,20857.33
RTRN001179,ORDR018038,,2024-07-24,Customer changed mind,Refunded,7948.36
RTRN001180,ORDR018052,,2024-07-20,Wrong product,Rejected,3290.39
RTRN001181,ORDR018063,,2024-07-30,Quality issue,Rejected,5875.14
RTRN001182,ORDR018069,,2024-07-21,Damaged product,Refunded,26818.31
RTRN001183,ORDR018072,,2024-07-23,Product not as described,Refunded,4622.01
RTRN001184,ORDR018073,,2024-07-15,Quality issue,Refunded,1407.92
RTRN001185,ORDR018086,,2024-07-25,Product not as described,Refunded,4672.11
RTRN001186,ORDR018099,,2024-07-25,Customer changed mind,Rejected,1620.12
RTRN001187,ORDR018130,,2024-07-26,Size issue,Refunded,22096.89
RTRN001188,ORDR018137,,2024-08-01,Product not as described,Refunded,7132.06
RTRN001189,ORDR018153,,2024-07-17,Damaged product,Rejected,13016.25
RTRN001190,ORDR018156,,2024-07-20,Wrong product,Refunded,23166.63
RTRN001191,ORDR018169,,2024-07-25,Quality issue,Rejected,25030.16
RTRN001192,ORDR018204,,2024-07-31,Size issue,Rejected,3603.18
RTRN001193,ORDR018230,,2024-08-02,Damaged product,Refunded,3263.94
RTRN001194,ORDR018267,,2024-07-25,Customer changed mind,Refunded,522.52
RTRN001195,ORDR018277,,2024-08-01,Wrong product,Refunded,2651.06
RTRN001196,ORDR018283,,2024-08-02,Wrong product,Refunded,602.18
RTRN001197,ORDR018294,,2024-08-02,Size issue,Rejected,3891.0
RTRN001198,ORDR018338,,2024-07-29,Customer changed mind,Refunded,592.86
RTRN001199,ORDR018342,,2024-07-22,Product not as described,Refunded,36216.47
RTRN001200,ORDR018350,,2024-07-31,Product not as described,Refunded,11097.46
RTRN001201,ORDR018385,,2024-07-29,Quality issue,Rejected,2144.97
RTRN001202,ORDR018422,,2024-08-03,Wrong product,Refunded,28376.86
RTRN001203,ORDR018440,,2024-07-22,Wrong product,Rejected,1511.97
RTRN001204,ORDR018441,,2024-07-27,Wrong product,Refunded,4391.19
RTRN001205,ORDR018452,,2024-07-23,Wrong product,Refunded,952.46
RTRN001206,ORDR018461,,2024-07-29,Damaged product,Refunded,1284.54
RTRN001207,ORDR018470,,2024-07-28,Quality issue,Rejected,1237.48
RTRN001208,ORDR018516,,2024-07-25,Damaged product,Rejected,396.51
RTRN001209,ORDR018523,,2024-07-25,Wrong product,Refunded,18898.36
RTRN001210,ORDR018527,,2024-07-23,Wrong product,Refunded,4304.82
RTRN001211,ORDR018532,,2024-07-30,Wrong product,Refunded,13668.24
RTRN001212,ORDR018589,,2024-07-23,Size issue,Refunded,5846.23
RTRN001213,ORDR018590,,2024-07-30,Wrong product,Refunded,47.76
RTRN001214,ORDR018602,,2024-07-23,Quality issue,Refunded,18311.12
RTRN001215,ORDR018607,,2024-07-28,Product not as described,Refunded,247.27
RTRN001216,ORDR018614,,2024-08-03,Quality issue,Refunded,66505.05
RTRN001217,ORDR018664,,2024-07-21,Quality issue,Refunded,21275.69
RTRN001218,ORDR018667,,2024-07-23,Quality issue,Refunded,25399.83
RTRN001219,ORDR018691,,2024-07-31,Wrong product,Refunded,418.26
RTRN001220,ORDR018698,,2024-07-29,Damaged product,Rejected,25759.06
RTRN001221,ORDR018710,,2024-08-06,Damaged product,Refunded,284541.55
RTRN001222,ORDR018722,,2024-08-03,Quality issue,Refunded,15031.82
RTRN001223,ORDR018739,,2024-07-26,Quality issue,Refunded,23151.7
RTRN001224,ORDR018748,,2024-07-30,Quality issue,Refunded,15597.8
RTRN001225,ORDR018749,,2024-08-08,Size issue,Rejected,5733.57
RTRN001226,ORDR018750,,2024-08-03,Quality issue,Rejected,4414.81
RTRN001227,ORDR018755,,2024-07-31,Customer changed mind,Refunded,975.03
RTRN001228,ORDR018759,,2024-07-29,Damaged product,Refunded,110542.03
RTRN001229,ORDR018775,,2024-08-06,Customer changed mind,Rejected,12643.2
RTRN001230,ORDR018796,,2024-08-03,Damaged product,Rejected,46595.05
RTRN001231,ORDR018827,,2024-08-06,Wrong product,Refunded,18669.03
RTRN001232,ORDR018859,,2024-07-27,Late delivery,Refunded,19722.01
RTRN001233,ORDR018892,,2024-07-24,Quality issue,Refunded,199.79
RTRN001234,ORDR018932,,2024-08-06,Damaged product,Refunded,228.23
RTRN001235,ORDR018935,,2024-08-02,Product not as described,Rejected,626.09
RTRN001236,ORDR018953,,2024-07-30,Quality issue,Refunded,53139.91
RTRN001237,ORDR018965,,2024-08-04,Customer changed mind,Rejected,318.46
RTRN001238,ORDR018985,,2024-07-30,Customer changed mind,Rejected,8814.68
RTRN001239,ORDR018999,,2024-08-03,Damaged product,Refunded,183.64
RTRN001240,ORDR019004,,2024-08-01,Damaged product,Rejected,1101.23
RTRN001241,ORDR019032,,2024-07-28,Customer changed mind,Refunded,5465.45
RTRN001242,ORDR019040,,2024-07-29,Size issue,Rejected,473.16
RTRN001243,ORDR019054,,2024-07-30,Wrong product,Refunded,57902.98
RTRN001244,ORDR019060,,2024-08-04,Damaged product,Refunded,31298.16
RTRN001245,ORDR019132,,2024-08-07,Size issue,Rejected,2188.55
RTRN001246,ORDR019148,,2024-08-11,Quality issue,Refunded,13974.08
RTRN001247,ORDR019158,,2024-07-30,Quality issue,Refunded,4257.86
RTRN001248,ORDR019176,,2024-08-03,Quality issue,Refunded,6027.78
RTRN001249,ORDR019184,,2024-08-04,Damaged product,Refunded,1247.69
RTRN001250,ORDR019203,,2024-08-05,Damaged product,Rejected,23627.84
RTRN001251,ORDR019204,,2024-08-02,Size issue,Refunded,13723.87
RTRN001252,ORDR019247,,2024-08-07,Product not as described,Rejected,14458.16
RTRN001253,ORDR019249,,2024-08-13,Product not as described,Refunded,142722.7
RTRN001254,ORDR019267,,2024-07-31,Damaged product,Rejected,2073.82
RTRN001255,ORDR019279,,2024-08-10,Damaged product,Refunded,13405.8
RTRN001256,ORDR019301,,2024-07-27,Quality issue,Refunded,3204.4
RTRN001257,ORDR019307,,2024-08-03,Late delivery,Refunded,4574.54
RTRN001258,ORDR019317,,2024-08-11,Wrong product,Rejected,4782.4
RTRN001259,ORDR019320,,2024-08-06,Damaged product,Refunded,203.45
RTRN001260,ORDR019322,,2024-07-30,Size issue,Refunded,5014.54
RTRN001261,ORDR019327,,2024-07-31,Damaged product,Refunded,1244.78
RTRN001262,ORDR019349,,2024-08-10,Quality issue,Rejected,372.17
RTRN001263,ORDR019355,,2024-08-05,Wrong product,Refunded,362.75
RTRN001264,ORDR019363,,2024-08-06,Damaged product,Refunded,107800.63
RTRN001265,ORDR019366,,2024-08-05,Late delivery,Rejected,1059.19
RTRN001266,ORDR019394,,2024-08-16,Wrong product,Refunded,6174.41
RTRN001267,ORDR019400,,2024-08-07,Product not as described,Refunded,8236.07
RTRN001268,ORDR019446,,2024-08-14,Customer changed mind,Refunded,1375.86
RTRN001269,ORDR019457,,2024-08-03,Size issue,Rejected,2626.61
RTRN001270,ORDR019485,,2024-08-04,Quality issue,Rejected,75413.85
RTRN001271,ORDR019499,,2024-08-05,Customer changed mind,Rejected,310.3
RTRN001272,ORDR019529,,2024-08-10,Quality issue,Refunded,4737.44
RTRN001273,ORDR019542,,2024-08-14,Damaged product,Rejected,1209.7
RTRN001274,ORDR019558,,2024-08-03,Product not as described,Rejected,527.42
RTRN001275,ORDR019559,,2024-08-10,Customer changed mind,Refunded,12671.63
RTRN001276,ORDR019569,,2024-07-30,Customer changed mind,Rejected,160.63
RTRN001277,ORDR019572,,2024-07-31,Quality issue,Refunded,41401.19
RTRN001278,ORDR019578,,2024-08-11,Customer changed mind,Refunded,306.92
RTRN001279,ORDR019582,,2024-07-31,Customer changed mind,Refunded,1176.08
RTRN001280,ORDR019616,,2024-08-10,Quality issue,Refunded,148280.4
RTRN001281,ORDR019642,,2024-08-09,Customer changed mind,Rejected,21543.49
RTRN001282,ORDR019649,,2024-08-10,Product not as described,Refunded,1307.06
RTRN001283,ORDR019654,,2024-08-09,Wrong product,Refunded,1774.34
RTRN001284,ORDR019663,,2024-07-31,Customer changed mind,Refunded,3773.84
RTRN001285,ORDR019668,,2024-08-10,Size issue,Refunded,2146.5
RTRN001286,ORDR019671,,2024-08-03,Damaged product,Rejected,1289.92
RTRN001287,ORDR019736,,2024-08-04,Wrong product,Refunded,1251.33
RTRN001288,ORDR019740,,2024-08-06,Quality issue,Refunded,1537.49
RTRN001289,ORDR019744,,2024-08-07,Quality issue,Refunded,562.34
RTRN001290,ORDR019746,,2024-08-12,Product not as described,Refunded,34641.36
RTRN001291,ORDR019769,,2024-08-03,Wrong product,Refunded,2059.86
RTRN001292,ORDR019779,,2024-08-02,Damaged product,Refunded,490.5
RTRN001293,ORDR019807,,2024-08-14,Product not as described,Refunded,37274.39
RTRN001294,ORDR019827,,2024-08-13,Quality issue,Rejected,3656.12
RTRN001295,ORDR019858,,2024-08-11,Quality issue,Refunded,3241.01
RTRN001296,ORDR019859,,2024-08-19,Wrong product,Refunded,1081.64
RTRN001297,ORDR019874,,2024-08-04,Quality issue,Refunded,1843.39
RTRN001298,ORDR019876,,2024-08-18,Customer changed mind,Refunded,2372.92
RTRN001299,ORDR019885,,2024-08-05,Damaged product,Refunded,12696.63
RTRN001300,ORDR019887,,2024-08-04,Product not as described,Refunded,31962.92
RTRN001301,ORDR019910,,2024-08-08,Product not as described,Refunded,8920.73
RTRN001302,ORDR019925,,2024-08-13,Size issue,Rejected,44728.36
RTRN001303,ORDR019996,,2024-08-15,Damaged product,Rejected,8538.06
RTRN001304,ORDR020027,,2024-08-08,Product not as described,Refunded,69087.68
RTRN001305,ORDR020061,,2024-08-11,Quality issue,Refunded,6525.39
RTRN001306,ORDR020069,,2024-08-17,Customer changed mind,Rejected,895.99
RTRN001307,ORDR020075,,2024-08-13,Customer changed mind,Refunded,9748.81
RTRN001308,ORDR020100,,2024-08-15,Product not as described,Refunded,12308.54
RTRN001309,ORDR020144,,2024-08-06,Damaged product,Refunded,58360.74
RTRN001310,ORDR020146,,2024-08-16,Quality issue,Refunded,1813.23
RTRN001311,ORDR020160,,2024-08-18,Quality issue,Rejected,11666.22
RTRN001312,ORDR020207,,2024-08-18,Late delivery,Rejected,468.53
RTRN001313,ORDR020245,,2024-08-15,Damaged product,Rejected,393.5
RTRN001314,ORDR020246,,2024-08-17,Quality issue,Refunded,12498.86
RTRN001315,ORDR020248,,2024-08-14,Product not as described,Refunded,44336.92
RTRN001316,ORDR020254,,2024-08-17,Quality issue,Refunded,12319.66
RTRN001317,ORDR020267,,2024-08-14,Wrong product,Rejected,4294.16
RTRN001318,ORDR020268,,2024-08-07,Wrong product,Refunded,1459.15
RTRN001319,ORDR020298,,2024-08-05,Product not as described,Refunded,6131.18
RTRN001320,ORDR020310,,2024-08-18,Damaged product,Rejected,384.07
RTRN001321,ORDR020359,,2024-08-14,Size issue,Refunded,1713.25
RTRN001322,ORDR020366,,2024-08-15,Product not as described,Refunded,1163.66
RTRN001323,ORDR020387,,2024-08-15,Damaged product,Refunded,437.45
RTRN001324,ORDR020395,,2024-08-18,Wrong product,Refunded,2307.98
RTRN001325,ORDR020402,,2024-08-19,Quality issue,Refunded,10468.93
RTRN001326,ORDR020406,,2024-08-13,Quality issue,Refunded,8986.93
RTRN001327,ORDR020422,,2024-08-13,Wrong product,Refunded,81535.18
RTRN001328,ORDR020427,,2024-08-19,Quality issue,Rejected,5540.9
RTRN001329,ORDR020428,,2024-08-16,Quality issue,Refunded,188.69
RTRN001330,ORDR020433,,2024-08-18,Customer changed mind,Refunded,1798.47
RTRN001331,ORDR020450,,2024-08-18,Wrong product,Rejected,8709.21
RTRN001332,ORDR020469,,2024-08-15,Wrong product,Refunded,341.13
RTRN001333,ORDR020510,,2024-08-13,Damaged product,Refunded,306.87
RTRN001334,ORDR020545,,2024-08-16,Customer changed mind,Refunded,6302.2
RTRN001335,ORDR020571,,2024-08-16,Damaged product,Rejected,254.43
RTRN001336,ORDR020581,,2024-08-23,Size issue,Refunded,600.38
RTRN001337,ORDR020624,,2024-08-20,Size issue,Rejected,8852.16
RTRN001338,ORDR020630,,2024-08-12,Size issue,Rejected,1791.3
RTRN001339,ORDR020634,,2024-08-13,Product not as described,Refunded,21358.07
RTRN001340,ORDR020651,,2024-08-15,Damaged product,Refunded,1014.85
RTRN001341,ORDR020656,,2024-08-19,Product not as described,Rejected,32174.89
RTRN001342,ORDR020660,,2024-08-15,Late delivery,Refunded,89391.33
RTRN001343,ORDR020676,,2024-08-23,Damaged product,Rejected,422.84
RTRN001344,ORDR020683,,2024-08-11,Customer changed mind,Rejected,3651.45
RTRN001345,ORDR020698,,2024-08-16,Damaged product,Rejected,16320.11
RTRN001346,ORDR020768,,2024-08-22,Damaged product,Refunded,614.55
RTRN001347,ORDR020784,,2024-08-12,Wrong product,Refunded,2766.11
RTRN001348,ORDR020793,,2024-08-19,Wrong product,Refunded,48341.96
RTRN001349,ORDR020799,,2024-08-28,Damaged product,Refunded,1651.59
RTRN001350,ORDR020828,,2024-08-20,Customer changed mind,Refunded,1847.55
RTRN001351,ORDR020863,,2024-08-13,Size issue,Refunded,1605.75
RTRN001352,ORDR020868,,2024-08-20,Wrong product,Refunded,7849.18
RTRN001353,ORDR020869,,2024-08-17,Quality issue,Refunded,22202.27
RTRN001354,ORDR020890,,2024-08-20,Damaged product,Refunded,2200.45
RTRN001355,ORDR020916,,2024-08-19,Damaged product,Refunded,12125.06
RTRN001356,ORDR020919,,2024-08-22,Damaged product,Rejected,46097.23
RTRN001357,ORDR020923,,2024-08-13,Quality issue,Refunded,1897.21
RTRN001358,ORDR020927,,2024-08-26,Wrong product,Refunded,1059.74
RTRN001359,ORDR020964,,2024-08-16,Product not as described,Refunded,32155.67
RTRN001360,ORDR020972,,2024-08-22,Damaged product,Rejected,1408.52
RTRN001361,ORDR020975,,2024-08-25,Damaged product,Refunded,6960.12
RTRN001362,ORDR020995,,2024-08-27,Quality issue,Refunded,729.0
RTRN001363,ORDR021011,,2024-08-20,Customer changed mind,Rejected,1285.98
RTRN001364,ORDR021013,,2024-08-24,Product not as described,Refunded,8076.06
RTRN001365,ORDR021016,,2024-08-20,Quality issue,Refunded,289.39
RTRN001366,ORDR021025,,2024-08-19,Wrong product,Refunded,1583.04
RTRN001367,ORDR021028,,2024-08-23,Wrong product,Refunded,16491.32
RTRN001368,ORDR021031,,2024-08-19,Product not as described,Refunded,16987.04
RTRN001369,ORDR021040,,2024-08-19,Damaged product,Rejected,2332.67
RTRN001370,ORDR021043,,2024-08-30,Customer changed mind,Refunded,431.55
RTRN001371,ORDR021044,,2024-08-24,Wrong product,Refunded,2360.5
RTRN001372,ORDR021053,,2024-08-30,Damaged product,Refunded,106305.5
RTRN001373,ORDR021055,,2024-08-30,Product not as described,Refunded,1115.82
RTRN001374,ORDR021070,,2024-08-23,Damaged product,Refunded,1210.24
RTRN001375,ORDR021088,,2024-08-20,Quality issue,Rejected,925.28
RTRN001376,ORDR021096,,2024-08-22,Damaged product,Rejected,11318.64
RTRN001377,ORDR021103,,2024-08-14,Damaged product,Refunded,2000.79
RTRN001378,ORDR021111,,2024-08-24,Quality issue,Refunded,1661.73
RTRN001379,ORDR021127,,2024-08-29,Customer changed mind,Refunded,5672.57
RTRN001380,ORDR021145,,2024-08-23,Quality issue,Refunded,540.71
RTRN001381,ORDR021147,,2024-08-26,Late delivery,Refunded,6435.19
RTRN001382,ORDR021153,,2024-08-24,Damaged product,Rejected,5302.69
RTRN001383,ORDR021180,,2024-08-24,Quality issue,Rejected,128.4
RTRN001384,ORDR021193,,2024-08-25,Size issue,Refunded,1519.37
RTRN001385,ORDR021288,,2024-08-22,Damaged product,Rejected,5327.75
RTRN001386,ORDR021289,,2024-08-25,Quality issue,Refunded,2649.12
RTRN001387,ORDR021329,,2024-09-07,Damaged product,Refunded,54395.27
RTRN001388,ORDR021341,,2024-08-17,Product not as described,Refunded,610.54
RTRN001389,ORDR021369,,2024-08-17,Damaged product,Refunded,1983.9
RTRN001390,ORDR021372,,2024-08-27,Wrong product,Refunded,1134.21
RTRN001391,ORDR021397,,2024-08-22,Quality issue,Refunded,52927.2
RTRN001392,ORDR021398,,2024-08-31,Customer changed mind,Refunded,5599.59
RTRN001393,ORDR021403,,2024-08-29,Damaged product,Refunded,12294.42
RTRN001394,ORDR021416,,2024-08-23,Wrong product,Rejected,3703.65
RTRN001395,ORDR021433,,2024-09-03,Late delivery,Refunded,9841.6
RTRN001396,ORDR021437,,2024-08-22,Wrong product,Refunded,20068.14
RTRN001397,ORDR021441,,2024-08-24,Product not as described,Refunded,8544.98
RTRN001398,ORDR021454,,2024-08-16,Size issue,Refunded,4752.71
RTRN001399,ORDR021463,,2024-09-01,Wrong product,Rejected,233.62
RTRN001400,ORDR021466,,2024-09-01,Wrong product,Refunded,797.12
RTRN001401,ORDR021496,,2024-08-21,Wrong product,Refunded,6439.67
RTRN001402,ORDR021509,,2024-08-19,Damaged product,Refunded,1447.67
RTRN001403,ORDR021541,,2024-08-30,Quality issue,Refunded,320.89
RTRN001404,ORDR021569,,2024-08-23,Wrong product,Refunded,9274.88
RTRN001405,ORDR021570,,2024-08-25,Wrong product,Refunded,933.57
RTRN001406,ORDR021573,,2024-09-01,Size issue,Refunded,5589.9
RTRN001407,ORDR021603,,2024-09-02,Product not as described,Refunded,15494.44
RTRN001408,ORDR021617,,2024-08-20,Quality issue,Rejected,9731.74
RTRN001409,ORDR021619,,2024-08-28,Damaged product,Refunded,9985.34
RTRN001410,ORDR021643,,2024-08-29,Quality issue,Refunded,744.02
RTRN001411,ORDR021658,,2024-08-24,Damaged product,Refunded,3442.99
RTRN001412,ORDR021677,,2024-08-30,Product not as described,Rejected,4447.88
RTRN001413,ORDR021691,,2024-08-25,Quality issue,Rejected,1241.57
RTRN001414,ORDR021694,,2024-08-23,Size issue,Rejected,3405.12
RTRN001415,ORDR021705,,2024-08-21,Quality issue,Refunded,2222.03
RTRN001416,ORDR021706,,2024-08-24,Wrong product,Refunded,2048.17
RTRN001417,ORDR021734,,2024-08-24,Size issue,Refunded,890.08
RTRN001418,ORDR021740,,2024-08-23,Quality issue,Refunded,104.18
RTRN001419,ORDR021744,,2024-08-29,Customer changed mind,Refunded,3220.69
RTRN001420,ORDR021745,,2024-08-20,Customer changed mind,Refunded,16473.28
RTRN001421,ORDR021764,,2024-08-21,Damaged product,Refunded,3869.68
RTRN001422,ORDR021767,,2024-08-25,Quality issue,Refunded,8087.07
RTRN001423,ORDR021825,,2024-08-30,Customer changed mind,Refunded,357.64
RTRN001424,ORDR021841,,2024-08-26,Customer changed mind,Refunded,2871.6
RTRN001425,ORDR021842,,2024-08-24,Customer changed mind,Refunded,830.25
RTRN001426,ORDR021845,,2024-08-28,Size issue,Rejected,5052.37
RTRN001427,ORDR021865,,2024-08-26,Damaged product,Refunded,927.95
RTRN001428,ORDR021875,,2024-08-18,Late delivery,Refunded,438.69
RTRN001429,ORDR021883,,2024-08-27,Wrong product,Rejected,4401.72
RTRN001430,ORDR021885,,2024-08-29,Customer changed mind,Refunded,4497.83
RTRN001431,ORDR021912,,2024-08-28,Customer changed mind,Rejected,17257.4
RTRN001432,ORDR021930,,2024-08-27,Damaged product,Refunded,3844.96
RTRN001433,ORDR021946,,2024-08-20,Quality issue,Refunded,348.96
RTRN001434,ORDR021951,,2024-08-28,Customer changed mind,Refunded,726.1
RTRN001435,ORDR021954,,2024-08-31,Damaged product,Rejected,1065.99
RTRN001436,ORDR021961,,2024-08-30,Wrong product,Refunded,448.19
RTRN001437,ORDR021972,,2024-08-27,Quality issue,Refunded,11014.12
RTRN001438,ORDR021977,,2024-08-24,Product not as described,Rejected,4126.23
RTRN001439,ORDR022036,,2024-09-07,Size issue,Refunded,5828.23
RTRN001440,ORDR022037,,2024-08-28,Wrong product,Refunded,3351.44
RTRN001441,ORDR022052,,2024-08-31,Quality issue,Refunded,1120.63
RTRN001442,ORDR022054,,2024-09-05,Size issue,Refunded,302.16
RTRN001443,ORDR022058,,2024-08-20,Product not as described,Refunded,479.01
RTRN001444,ORDR022067,,2024-08-19,Product not as described,Refunded,338.62
RTRN001445,ORDR022069,,2024-08-25,Damaged product,Rejected,7318.71
RTRN001446,ORDR022073,,2024-09-02,Quality issue,Refunded,414.56
RTRN001447,ORDR022086,,2024-08-29,Customer changed mind,Refunded,8011.74
RTRN001448,ORDR022087,,2024-09-01,Wrong product,Refunded,1168.1
RTRN001449,ORDR022107,,2024-08-21,Customer changed mind,Rejected,701.57
RTRN001450,ORDR022112,,2024-08-22,Quality issue,Refunded,3456.29
RTRN001451,ORDR022113,,2024-09-01,Damaged product,Refunded,9795.88
RTRN001452,ORDR022133,,2024-08-26,Wrong product,Refunded,43181.11
RTRN001453,ORDR022138,,2024-08-22,Damaged product,Rejected,33140.63
RTRN001454,ORDR022170,,2024-09-03,Late delivery,Refunded,893.18
RTRN001455,ORDR022172,,2024-09-05,Damaged product,Refunded,4719.54
RTRN001456,ORDR022209,,2024-09-03,Quality issue,Refunded,5652.37
RTRN001457,ORDR022221,,2024-09-07,Customer changed mind,Refunded,6198.44
RTRN001458,ORDR022242,,2024-08-26,Damaged product,Refunded,1802.41
RTRN001459,ORDR022253,,2024-08-23,Product not as described,Refunded,913.12
RTRN001460,ORDR022255,,2024-08-25,Size issue,Refunded,10473.64
RTRN001461,ORDR022257,,2024-08-24,Wrong product,Refunded,447.09
RTRN001462,ORDR022258,,2024-08-31,Customer changed mind,Rejected,1873.07
RTRN001463,ORDR022276,,2024-08-30,Product not as described,Refunded,19317.51
RTRN001464,ORDR022289,,2024-08-21,Damaged product,Rejected,3867.9
RTRN001465,ORDR022297,,2024-08-26,Product not as described,Rejected,8319.22
RTRN001466,ORDR022336,,2024-08-25,Damaged product,Refunded,8266.03
RTRN001467,ORDR022343,,2024-08-29,Wrong product,Refunded,35.37
RTRN001468,ORDR022366,,2024-08-31,Quality issue,Refunded,4738.18
RTRN001469,ORDR022368,,2024-08-30,Damaged product,Refunded,4472.57
RTRN001470,ORDR022371,,2024-08-28,Customer changed mind,Refunded,629.3
RTRN001471,ORDR022384,,2024-08-27,Customer changed mind,Refunded,5127.33
RTRN001472,ORDR022386,,2024-09-01,Late delivery,Refunded,2546.87
RTRN001473,ORDR022406,,2024-09-05,Damaged product,Refunded,1312.85
RTRN001474,ORDR022447,,2024-09-12,Damaged product,Refunded,40377.64
RTRN001475,ORDR022455,,2024-09-02,Product not as described,Refunded,5692.73
RTRN001476,ORDR022519,,2024-09-07,Damaged product,Refunded,62529.46
RTRN001477,ORDR022520,,2024-09-04,Product not as described,Refunded,865.25
RTRN001478,ORDR022525,,2024-08-30,Product not as described,Refunded,11474.06
RTRN001479,ORDR022540,,2024-09-04,Damaged product,Refunded,50094.56
RTRN001480,ORDR022574,,2024-09-01,Customer changed mind,Refunded,1470.05
RTRN001481,ORDR022580,,2024-08-31,Customer changed mind,Refunded,4286.07
RTRN001482,ORDR022593,,2024-08-31,Wrong product,Refunded,2445.78
RTRN001483,ORDR022603,,2024-09-08,Quality issue,Refunded,2162.0
RTRN001484,ORDR022611,,2024-09-01,Damaged product,Refunded,12722.58
RTRN001485,ORDR022625,,2024-08-30,Customer changed mind,Refunded,1565.4
RTRN001486,ORDR022636,,2024-09-08,Wrong product,Refunded,762.42
RTRN001487,ORDR022655,,2024-09-09,Damaged product,Refunded,1485.62
RTRN001488,ORDR022697,,2024-09-08,Damaged product,Rejected,49534.99
RTRN001489,ORDR022726,,2024-09-05,Customer changed mind,Refunded,1016.69
RTRN001490,ORDR022731,,2024-09-08,Size issue,Refunded,2355.98
RTRN001491,ORDR022746,,2024-08-28,Quality issue,Refunded,38214.56
RTRN001492,ORDR022748,,2024-08-31,Product not as described,Refunded,17265.67
RTRN001493,ORDR022775,,2024-09-05,Size issue,Rejected,5374.63
RTRN001494,ORDR022777,,2024-09-09,Product not as described,Refunded,15044.44
RTRN001495,ORDR022796,,2024-09-07,Damaged product,Refunded,2634.29
RTRN001496,ORDR022815,,2024-08-30,Quality issue,Refunded,5509.67
RTRN001497,ORDR022822,,2024-09-04,Quality issue,Refunded,18471.02
RTRN001498,ORDR022845,,2024-08-31,Size issue,Refunded,495.21
RTRN001499,ORDR022846,,2024-08-31,Quality issue,Refunded,1608.79
RTRN001500,ORDR022848,,2024-09-03,Damaged product,Refunded,41.96
RTRN001501,ORDR022851,,2024-09-03,Customer changed mind,Rejected,2961.08
RTRN001502,ORDR022867,,2024-09-14,Quality issue,Refunded,4383.96
RTRN001503,ORDR022870,,2024-08-31,Wrong product,Refunded,1254.34
RTRN001504,ORDR022891,,2024-09-08,Size issue,Refunded,1933.72
RTRN001505,ORDR022906,,2024-09-12,Damaged product,Refunded,10060.91
RTRN001506,ORDR022911,,2024-09-06,Customer changed mind,Refunded,11903.36
RTRN001507,ORDR022920,,2024-09-07,Wrong product,Rejected,3033.95
RTRN001508,ORDR022941,,2024-09-05,Customer changed mind,Refunded,1592.9
RTRN001509,ORDR022971,,2024-08-30,Quality issue,Refunded,1792.76
RTRN001510,ORDR022995,,2024-09-10,Customer changed mind,Rejected,32171.91
RTRN001511,ORDR023005,,2024-09-06,Damaged product,Refunded,62570.25
RTRN001512,ORDR023030,,2024-08-31,Wrong product,Refunded,399.77
RTRN001513,ORDR023032,,2024-09-13,Damaged product,Rejected,8780.79
RTRN001514,ORDR023039,,2024-09-10,Size issue,Refunded,19949.13
RTRN001515,ORDR023060,,2024-09-08,Size issue,Rejected,7479.64
RTRN001516,ORDR023073,,2024-09-04,Size issue,Refunded,12633.67
RTRN001517,ORDR023077,,2024-09-01,Customer changed mind,Refunded,12774.66
RTRN001518,ORDR023090,,2024-09-05,Size issue,Refunded,2038.66
RTRN001519,ORDR023094,,2024-09-12,Wrong product,Refunded,11339.22
RTRN001520,ORDR023099,,2024-08-30,Wrong product,Refunded,46.76
RTRN001521,ORDR023109,,2024-09-14,Damaged product,Refunded,553.88
RTRN001522,ORDR023126,,2024-09-03,Product not as described,Refunded,911.82
RTRN001523,ORDR023138,,2024-09-09,Damaged product,Rejected,1175.04
RTRN001524,ORDR023147,,2024-09-14,Late delivery,Rejected,14455.61
RTRN001525,ORDR023156,,2024-09-05,Product not as described,Refunded,11423.78
RTRN001526,ORDR023203,,2024-09-09,Product not as described,Refunded,17775.32
RTRN001527,ORDR023213,,2024-09-06,Customer changed mind,Refunded,2213.9
RTRN001528,ORDR023254,,2024-09-12,Customer changed mind,Refunded,18395.97
RTRN001529,ORDR023280,,2024-09-04,Wrong product,Rejected,598.4
RTRN001530,ORDR023297,,2024-09-17,Customer changed mind,Refunded,21662.77
RTRN001531,ORDR023334,,2024-09-11,Product not as described,Refunded,674.61
RTRN001532,ORDR023366,,2024-09-10,Quality issue,Refunded,17450.24
RTRN001533,ORDR023392,,2024-09-09,Product not as described,Refunded,10171.73
RTRN001534,ORDR023409,,2024-09-24,Quality issue,Refunded,1103.99
RTRN001535,ORDR023438,,2024-09-06,Quality issue,Rejected,2303.11
RTRN001536,ORDR023460,,2024-09-17,Quality issue,Refunded,187.45
RTRN001537,ORDR023538,,2024-09-19,Product not as described,Refunded,2670.56
RTRN001538,ORDR023548,,2024-09-18,Damaged product,Refunded,1886.15
RTRN001539,ORDR023550,,2024-09-17,Damaged product,Refunded,12389.63
RTRN001540,ORDR023552,,2024-09-15,Late delivery,Refunded,1244.0
RTRN001541,ORDR023569,,2024-09-18,Late delivery,Refunded,49996.11
RTRN001542,ORDR023570,,2024-09-23,Damaged product,Refunded,495.69
RTRN001543,ORDR023584,,2024-09-17,Wrong product,Refunded,1102.55
RTRN001544,ORDR023598,,2024-09-07,Wrong product,Refunded,6346.13
RTRN001545,ORDR023616,,2024-09-11,Damaged product,Rejected,1062.77
RTRN001546,ORDR023626,,2024-09-09,Customer changed mind,Refunded,9523.09
RTRN001547,ORDR023629,,2024-09-20,Size issue,Refunded,2380.89
RTRN001548,ORDR023630,,2024-09-07,Customer changed mind,Refunded,2497.84
RTRN001549,ORDR023637,,2024-09-14,Quality issue,Rejected,70093.15
RTRN001550,ORDR023643,,2024-09-07,Damaged product,Refunded,13827.84
RTRN001551,ORDR023694,,2024-09-21,Damaged product,Refunded,21929.51
RTRN001552,ORDR023699,,2024-09-10,Product not as described,Refunded,5114.69
RTRN001553,ORDR023711,,2024-09-08,Wrong product,Refunded,10906.11
RTRN001554,ORDR023722,,2024-09-09,Size issue,Refunded,12851.94
RTRN001555,ORDR023781,,2024-09-13,Damaged product,Refunded,25689.23
RTRN001556,ORDR023785,,2024-09-06,Damaged product,Rejected,2056.1
RTRN001557,ORDR023811,,2024-09-23,Size issue,Refunded,823.59
RTRN001558,ORDR023829,,2024-09-18,Size issue,Rejected,1562.27
RTRN001559,ORDR023839,,2024-09-14,Quality issue,Refunded,2421.47
RTRN001560,ORDR023876,,2024-09-08,Damaged product,Rejected,2278.72
RTRN001561,ORDR023879,,2024-09-14,Product not as described,Refunded,60070.5
RTRN001562,ORDR023904,,2024-09-13,Damaged product,Rejected,170498.1
RTRN001563,ORDR023906,,2024-09-15,Damaged product,Refunded,4537.23
RTRN001564,ORDR023908,,2024-09-19,Damaged product,Refunded,11226.89
RTRN001565,ORDR023919,,2024-09-10,Product not as described,Refunded,4971.11
RTRN001566,ORDR023928,,2024-09-17,Customer changed mind,Refunded,4916.91
RTRN001567,ORDR023929,,2024-09-19,Product not as described,Refunded,3295.56
RTRN001568,ORDR023951,,2024-09-14,Damaged product,Refunded,53461.49
RTRN001569,ORDR023974,,2024-09-13,Quality issue,Rejected,36998.63
RTRN001570,ORDR023996,,2024-09-19,Damaged product,Refunded,1005.08
RTRN001571,ORDR024012,,2024-09-11,Quality issue,Refunded,5088.34
RTRN001572,ORDR024031,,2024-09-19,Quality issue,Refunded,1110.9
RTRN001573,ORDR024081,,2024-09-16,Product not as described,Refunded,964.95
RTRN001574,ORDR024091,,2024-09-17,Quality issue,Refunded,1060.69
RTRN001575,ORDR024098,,2024-09-20,Damaged product,Rejected,3143.12
RTRN001576,ORDR024102,,2024-09-20,Customer changed mind,Refunded,1355.13
RTRN001577,ORDR024103,,2024-09-15,Late delivery,Refunded,2426.73
RTRN001578,ORDR024134,,2024-09-19,Product not as described,Refunded,4509.69
RTRN001579,ORDR024174,,2024-09-25,Product not as described,Refunded,1776.79
RTRN001580,ORDR024186,,2024-09-26,Size issue,Refunded,1360.11
RTRN001581,ORDR024193,,2024-09-10,Quality issue,Rejected,3759.03
RTRN001582,ORDR024210,,2024-09-13,Customer changed mind,Refunded,918.16
RTRN001583,ORDR024216,,2024-09-16,Wrong product,Rejected,3424.52
RTRN001584,ORDR024255,,2024-09-16,Size issue,Refunded,2948.45
RTRN001585,ORDR024266,,2024-09-16,Damaged product,Refunded,3789.63
RTRN001586,ORDR024445,,2024-09-20,Wrong product,Refunded,183.25
RTRN001587,ORDR024454,,2024-09-12,Damaged product,Rejected,38025.77
RTRN001588,ORDR024471,,2024-09-28,Product not as described,Refunded,17621.61
RTRN001589,ORDR024479,,2024-09-21,Damaged product,Refunded,16707.29
RTRN001590,ORDR024480,,2024-09-28,Quality issue,Refunded,27946.23
RTRN001591,ORDR024523,,2024-09-24,Wrong product,Refunded,303.95
RTRN001592,ORDR024538,,2024-09-16,Customer changed mind,Refunded,9330.14
RTRN001593,ORDR024560,,2024-09-19,Product not as described,Refunded,12094.36
RTRN001594,ORDR024562,,2024-09-24,Damaged product,Refunded,486.15
RTRN001595,ORDR024564,,2024-09-26,Customer changed mind,Refunded,47635.13
RTRN001596,ORDR024590,,2024-09-27,Product not as described,Refunded,236.53
RTRN001597,ORDR024607,,2024-10-01,Customer changed mind,Refunded,17348.87
RTRN001598,ORDR024609,,2024-09-28,Size issue,Refunded,1803.81
RTRN001599,ORDR024642,,2024-09-27,Product not as described,Rejected,17047.82
RTRN001600,ORDR024674,,2024-09-21,Customer changed mind,Refunded,3962.38
RTRN001601,ORDR024677,,2024-09-17,Wrong product,Refunded,3545.24
RTRN001602,ORDR024680,,2024-09-18,Product not as described,Rejected,1686.84
RTRN001603,ORDR024740,,2024-09-30,Late delivery,Rejected,403.04
RTRN001604,ORDR024764,,2024-09-27,Damaged product,Refunded,851.29
RTRN001605,ORDR024781,,2024-10-04,Quality issue,Rejected,1204.21
RTRN001606,ORDR024822,,2024-09-25,Product not as described,Refunded,3267.68
RTRN001607,ORDR024869,,2024-09-30,Damaged product,Refunded,138.31
RTRN001608,ORDR024909,,2024-09-26,Quality issue,Refunded,5058.87
RTRN001609,ORDR024913,,2024-09-26,Quality issue,Refunded,46009.55
RTRN001610,ORDR024941,,2024-09-17,Damaged product,Rejected,44414.69
RTRN001611,ORDR024975,,2024-09-27,Quality issue,Refunded,2554.88
RTRN001612,ORDR024979,,2024-10-04,Customer changed mind,Refunded,5062.73
RTRN001613,ORDR025023,,2024-09-22,Wrong product,Refunded,515.74
RTRN001614,ORDR025054,,2024-09-23,Damaged product,Refunded,808.27
RTRN001615,ORDR025076,,2024-09-28,Size issue,Refunded,950.42
RTRN001616,ORDR025079,,2024-09-22,Product not as described,Refunded,6419.63
RTRN001617,ORDR025086,,2024-10-03,Product not as described,Refunded,254.13
RTRN001618,ORDR025096,,2024-09-29,Wrong product,Rejected,3209.57
RTRN001619,ORDR025115,,2024-10-01,Damaged product,Refunded,8595.1
RTRN001620,ORDR025138,,2024-09-30,Size issue,Refunded,2168.96
RTRN001621,ORDR025145,,2024-09-29,Quality issue,Refunded,1109.52
RTRN001622,ORDR025159,,2024-10-01,Damaged product,Refunded,26459.66
RTRN001623,ORDR025161,,2024-09-29,Damaged product,Rejected,7076.48
RTRN001624,ORDR025164,,2024-10-01,Quality issue,Rejected,7771.7
RTRN001625,ORDR025235,,2024-10-01,Customer changed mind,Refunded,281.0
RTRN001626,ORDR025239,,2024-09-30,Customer changed mind,Rejected,867.15
RTRN001627,ORDR025246,,2024-09-26,Wrong product,Refunded,556.7
RTRN001628,ORDR025294,,2024-09-24,Quality issue,Refunded,1853.59
RTRN001629,ORDR025312,,2024-10-05,Quality issue,Refunded,2817.09
RTRN001630,ORDR025350,,2024-10-05,Size issue,Rejected,27522.0
RTRN001631,ORDR025370,,2024-09-26,Quality issue,Refunded,1926.45
RTRN001632,ORDR025380,,2024-09-27,Size issue,Refunded,4989.77
RTRN001633,ORDR025437,,2024-09-27,Wrong product,Refunded,588.17
RTRN001634,ORDR025445,,2024-09-29,Quality issue,Refunded,570.02
RTRN001635,ORDR025448,,2024-10-02,Size issue,Rejected,2542.67
RTRN001636,ORDR025468,,2024-10-02,Wrong product,Refunded,4736.84
RTRN001637,ORDR025470,,2024-10-01,Size issue,Refunded,4788.39
RTRN001638,ORDR025471,,2024-09-27,Damaged product,Rejected,29507.96
RTRN001639,ORDR025498,,2024-10-12,Quality issue,Refunded,22671.88
RTRN001640,ORDR025502,,2024-09-27,Customer changed mind,Refunded,815.67
RTRN001641,ORDR025513,,2024-10-06,Damaged product,Refunded,2254.16
RTRN001642,ORDR025520,,2024-09-28,Damaged product,Refunded,13566.42
RTRN001643,ORDR025528,,2024-10-02,Product not as described,Refunded,56815.06
RTRN001644,ORDR025540,,2024-10-10,Size issue,Refunded,691.96
RTRN001645,ORDR025553,,2024-09-27,Customer changed mind,Rejected,55451.6
RTRN001646,ORDR025557,,2024-10-08,Customer changed mind,Refunded,406.45
RTRN001647,ORDR025570,,2024-10-05,Size issue,Refunded,2858.29
RTRN001648,ORDR025590,,2024-09-27,Size issue,Refunded,20908.9
RTRN001649,ORDR025606,,2024-09-28,Late delivery,Refunded,480.73
RTRN001650,ORDR025615,,2024-09-30,Quality issue,Refunded,3529.27
RTRN001651,ORDR025628,,2024-10-03,Quality issue,Refunded,7139.92
RTRN001652,ORDR025663,,2024-10-08,Product not as described,Refunded,999.14
RTRN001653,ORDR025673,,2024-10-08,Customer changed mind,Refunded,407.32
RTRN001654,ORDR025674,,2024-10-06,Damaged product,Rejected,6328.75
RTRN001655,ORDR025698,,2024-10-09,Size issue,Refunded,1782.12
RTRN001656,ORDR025722,,2024-09-29,Product not as described,Refunded,201.25
RTRN001657,ORDR025728,,2024-10-04,Damaged product,Refunded,4190.0
RTRN001658,ORDR025738,,2024-09-29,Wrong product,Rejected,2835.17
RTRN001659,ORDR025743,,2024-09-30,Customer changed mind,Refunded,42114.66
RTRN001660,ORDR025814,,2024-10-07,Quality issue,Refunded,1184.09
RTRN001661,ORDR025821,,2024-09-30,Damaged product,Refunded,11850.1
RTRN001662,ORDR025837,,2024-09-30,Quality issue,Refunded,8720.85
RTRN001663,ORDR025844,,2024-10-02,Product not as described,Rejected,80270.16
RTRN001664,ORDR025865,,2024-10-12,Damaged product,Rejected,14264.06
RTRN001665,ORDR025871,,2024-09-30,Product not as described,Refunded,68316.44
RTRN001666,ORDR025896,,2024-10-03,Late delivery,Refunded,130.49
RTRN001667,ORDR025906,,2024-09-25,Customer changed mind,Rejected,1510.42
RTRN001668,ORDR025920,,2024-10-05,Quality issue,Refunded,25442.37
RTRN001669,ORDR025943,,2024-10-06,Wrong product,Refunded,703.8
RTRN001670,ORDR025967,,2024-10-09,Size issue,Refunded,699.49
RTRN001671,ORDR025968,,2024-09-26,Wrong product,Refunded,149.51
RTRN001672,ORDR025995,,2024-10-08,Product not as described,Rejected,346.0
RTRN001673,ORDR026002,,2024-10-04,Wrong product,Refunded,1107.54
RTRN001674,ORDR026006,,2024-10-06,Quality issue,Rejected,1083.93
RTRN001675,ORDR026027,,2024-10-04,Wrong product,Refunded,26676.63
RTRN001676,ORDR026053,,2024-10-09,Product not as described,Refunded,11312.96
RTRN001677,ORDR026077,,2024-10-06,Quality issue,Refunded,6122.0
RTRN001678,ORDR026087,,2024-10-12,Size issue,Refunded,4224.88
RTRN001679,ORDR026098,,2024-10-06,Customer changed mind,Rejected,746.4
RTRN001680,ORDR026125,,2024-09-30,Wrong product,Refunded,7607.05
RTRN001681,ORDR026141,,2024-09-29,Damaged product,Refunded,5421.88
RTRN001682,ORDR026148,,2024-10-05,Quality issue,Refunded,19049.93
RTRN001683,ORDR026153,,2024-10-06,Wrong product,Refunded,483.67
RTRN001684,ORDR026163,,2024-10-16,Quality issue,Rejected,14200.8
RTRN001685,ORDR026191,,2024-10-06,Late delivery,Refunded,50431.82
RTRN001686,ORDR026207,,2024-10-07,Damaged product,Rejected,8258.02
RTRN001687,ORDR026215,,2024-10-09,Quality issue,Rejected,4951.07
RTRN001688,ORDR026223,,2024-10-09,Damaged product,Rejected,993.12
RTRN001689,ORDR026230,,2024-10-14,Damaged product,Refunded,1188.86
RTRN001690,ORDR026248,,2024-10-02,Size issue,Refunded,748.95
RTRN001691,ORDR026269,,2024-10-12,Customer changed mind,Refunded,11786.28
RTRN001692,ORDR026271,,2024-10-09,Quality issue,Refunded,13199.99
RTRN001693,ORDR026273,,2024-09-29,Product not as described,Refunded,18113.05
RTRN001694,ORDR026300,,2024-10-17,Product not as described,Rejected,616.35
RTRN001695,ORDR026301,,2024-10-07,Size issue,Rejected,561.59
RTRN001696,ORDR026304,,2024-10-07,Damaged product,Refunded,42739.93
RTRN001697,ORDR026313,,2024-10-07,Quality issue,Rejected,26312.84
RTRN001698,ORDR026333,,2024-10-01,Quality issue,Rejected,1319.57
RTRN001699,ORDR026335,,2024-10-04,Wrong product,Refunded,1072.05
RTRN001700,ORDR026338,,2024-10-06,Product not as described,Refunded,351.55
RTRN001701,ORDR026344,,2024-10-07,Product not as described,Rejected,474.18
RTRN001702,ORDR026364,,2024-10-13,Customer changed mind,Refunded,2109.41
RTRN001703,ORDR026377,,2024-10-13,Damaged product,Rejected,474.13
RTRN001704,ORDR026379,,2024-10-11,Wrong product,Refunded,156.81
RTRN001705,ORDR026385,,2024-10-02,Quality issue,Refunded,357.24
RTRN001706,ORDR026403,,2024-10-13,Customer changed mind,Refunded,691.86
RTRN001707,ORDR026407,,2024-10-13,Damaged product,Refunded,98416.92
RTRN001708,ORDR026423,,2024-10-12,Wrong product,Refunded,1132.69
RTRN001709,ORDR026432,,2024-10-11,Product not as described,Rejected,192.88
RTRN001710,ORDR026435,,2024-10-16,Product not as described,Refunded,5605.21
RTRN001711,ORDR026437,,2024-10-10,Customer changed mind,Refunded,2177.86
RTRN001712,ORDR026455,,2024-10-03,Customer changed mind,Refunded,417.35
RTRN001713,ORDR026467,,2024-10-05,Product not as described,Rejected,2266.42
RTRN001714,ORDR026475,,2024-10-01,Quality issue,Refunded,14129.29
RTRN001715,ORDR026493,,2024-10-18,Product not as described,Refunded,55024.13
RTRN001716,ORDR026502,,2024-10-15,Product not as described,Refunded,6896.08
RTRN001717,ORDR026504,,2024-10-16,Late delivery,Refunded,14291.81
RTRN001718,ORDR026506,,2024-10-15,Late delivery,Refunded,10470.48
RTRN001719,ORDR026529,,2024-10-12,Customer changed mind,Refunded,187.02
RTRN001720,ORDR026554,,2024-10-06,Wrong product,Refunded,4455.34
RTRN001721,ORDR026573,,2024-10-15,Customer changed mind,Rejected,310.59
RTRN001722,ORDR026583,,2024-10-03,Damaged product,Rejected,1170.53
RTRN001723,ORDR026591,,2024-10-13,Damaged product,Refunded,17562.34
RTRN001724,ORDR026606,,2024-10-05,Customer changed mind,Rejected,19610.24
RTRN001725,ORDR026613,,2024-10-12,Damaged product,Refunded,182.47
RTRN001726,ORDR026617,,2024-10-10,Customer changed mind,Rejected,4286.86
RTRN001727,ORDR026639,,2024-10-06,Quality issue,Refunded,40066.85
RTRN001728,ORDR026641,,2024-10-10,Wrong product,Rejected,434.28
RTRN001729,ORDR026673,,2024-10-06,Product not as described,Refunded,1467.64
RTRN001730,ORDR026693,,2024-10-12,Customer changed mind,Rejected,1605.79
RTRN001731,ORDR026694,,2024-10-13,Quality issue,Refunded,3205.38
RTRN001732,ORDR026748,,2024-10-10,Product not as described,Refunded,22097.09
RTRN001733,ORDR026750,,2024-10-15,Wrong product,Refunded,18382.29
RTRN001734,ORDR026754,,2024-10-04,Quality issue,Refunded,9998.82
RTRN001735,ORDR026770,,2024-10-21,Customer changed mind,Refunded,3251.45
RTRN001736,ORDR026783,,2024-10-11,Damaged product,Rejected,357.03
RTRN001737,ORDR026791,,2024-10-14,Quality issue,Refunded,7459.35
RTRN001738,ORDR026825,,2024-10-10,Size issue,Refunded,2033.25
RTRN001739,ORDR026849,,2024-10-08,Damaged product,Refunded,29459.77
RTRN001740,ORDR026856,,2024-10-23,Size issue,Rejected,4879.67
RTRN001741,ORDR026888,,2024-10-13,Quality issue,Refunded,550.41
RTRN001742,ORDR026976,,2024-10-07,Customer changed mind,Rejected,2797.96
RTRN001743,ORDR026989,,2024-10-16,Product not as described,Refunded,2192.95
RTRN001744,ORDR026995,,2024-10-10,Product not as described,Refunded,161.23
RTRN001745,ORDR027011,,2024-10-19,Product not as described,Refunded,514.41
RTRN001746,ORDR027015,,2024-10-03,Size issue,Refunded,2953.93
RTRN001747,ORDR027030,,2024-10-17,Quality issue,Rejected,63314.22
RTRN001748,ORDR027037,,2024-10-13,Wrong product,Refunded,17337.12
RTRN001749,ORDR027046,,2024-10-13,Wrong product,Refunded,2020.58
RTRN001750,ORDR027076,,2024-10-09,Damaged product,Refunded,11258.12
RTRN001751,ORDR027081,,2024-10-18,Late delivery,Refunded,37169.14
RTRN001752,ORDR027084,,2024-10-10,Wrong product,Refunded,8683.64
RTRN001753,ORDR027101,,2024-10-17,Damaged product,Rejected,2324.22
RTRN001754,ORDR027143,,2024-10-22,Size issue,Refunded,2114.63
RTRN001755,ORDR027147,,2024-10-10,Damaged product,Rejected,5400.75
RTRN001756,ORDR027215,,2024-10-13,Product not as described,Refunded,181474.66
RTRN001757,ORDR027227,,2024-10-12,Damaged product,Refunded,1304.23
RTRN001758,ORDR027277,,2024-10-09,Customer changed mind,Refunded,994.26
RTRN001759,ORDR027280,,2024-10-14,Damaged product,Rejected,13068.25
RTRN001760,ORDR027281,,2024-10-18,Damaged product,Refunded,336.01
RTRN001761,ORDR027309,,2024-10-10,Product not as described,Refunded,4574.09
RTRN001762,ORDR027314,,2024-10-17,Product not as described,Refunded,4402.17
RTRN001763,ORDR027322,,2024-10-19,Wrong product,Refunded,438.2
RTRN001764,ORDR027343,,2024-10-15,Quality issue,Refunded,1381.27
RTRN001765,ORDR027351,,2024-10-21,Damaged product,Refunded,369.21
RTRN001766,ORDR027389,,2024-10-19,Wrong product,Refunded,5901.96
RTRN001767,ORDR027393,,2024-10-11,Wrong product,Refunded,9769.26
RTRN001768,ORDR027397,,2024-10-18,Damaged product,Rejected,183.52
RTRN001769,ORDR027439,,2024-10-10,Quality issue,Refunded,6451.61
RTRN001770,ORDR027443,,2024-10-21,Late delivery,Refunded,149.11
RTRN001771,ORDR027449,,2024-10-19,Size issue,Refunded,21232.16
RTRN001772,ORDR027450,,2024-10-11,Size issue,Refunded,4264.29
RTRN001773,ORDR027453,,2024-10-12,Size issue,Rejected,3925.33
RTRN001774,ORDR027459,,2024-10-20,Size issue,Refunded,9111.78
RTRN001775,ORDR027470,,2024-10-23,Wrong product,Refunded,4212.78
RTRN001776,ORDR027475,,2024-10-13,Product not as described,Refunded,55531.87
RTRN001777,ORDR027485,,2024-10-12,Customer changed mind,Refunded,4195.7
RTRN001778,ORDR027488,,2024-10-21,Product not as described,Rejected,843.81
RTRN001779,ORDR027494,,2024-10-21,Size issue,Refunded,19489.33
RTRN001780,ORDR027518,,2024-10-15,Size issue,Rejected,6379.49
RTRN001781,ORDR027564,,2024-10-17,Damaged product,Refunded,253.34
RTRN001782,ORDR027571,,2024-10-19,Damaged product,Refunded,1432.16
RTRN001783,ORDR027587,,2024-10-23,Customer changed mind,Refunded,3047.42
RTRN001784,ORDR027590,,2024-10-21,Damaged product,Rejected,93.22
RTRN001785,ORDR027597,,2024-10-23,Size issue,Refunded,2135.08
RTRN001786,ORDR027607,,2024-10-24,Damaged product,Refunded,3964.6
RTRN001787,ORDR027626,,2024-10-13,Quality issue,Rejected,2798.06
RTRN001788,ORDR027643,,2024-10-08,Damaged product,Refunded,2442.73
RTRN001789,ORDR027666,,2024-10-18,Size issue,Rejected,270.0
RTRN001790,ORDR027695,,2024-10-17,Product not as described,Refunded,64065.07
RTRN001791,ORDR027739,,2024-10-11,Product not as described,Refunded,13736.86
RTRN001792,ORDR027744,,2024-10-10,Damaged product,Refunded,6348.79
RTRN001793,ORDR027747,,2024-10-19,Size issue,Rejected,1901.29
RTRN001794,ORDR027772,,2024-10-16,Wrong product,Rejected,8809.32
RTRN001795,ORDR027790,,2024-10-17,Damaged product,Refunded,7898.4
RTRN001796,ORDR027795,,2024-10-19,Size issue,Refunded,1101.59
RTRN001797,ORDR027841,,2024-10-24,Late delivery,Refunded,1107.57
RTRN001798,ORDR027843,,2024-10-21,Size issue,Refunded,3841.7
RTRN001799,ORDR027848,,2024-10-13,Damaged product,Refunded,251.26
RTRN001800,ORDR027861,,2024-10-16,Size issue,Rejected,3320.88
RTRN001801,ORDR027862,,2024-10-18,Quality issue,Refunded,122262.81
RTRN001802,ORDR027874,,2024-10-17,Size issue,Refunded,3911.59
RTRN001803,ORDR027880,,2024-10-16,Wrong product,Refunded,5309.89
RTRN001804,ORDR027890,,2024-10-13,Product not as described,Refunded,19549.41
RTRN001805,ORDR027893,,2024-10-11,Damaged product,Refunded,6970.29
RTRN001806,ORDR027922,,2024-10-22,Damaged product,Refunded,67.55
RTRN001807,ORDR027925,,2024-10-22,Customer changed mind,Refunded,5370.16
RTRN001808,ORDR027931,,2024-10-15,Product not as described,Refunded,72933.65
RTRN001809,ORDR027943,,2024-10-15,Quality issue,Rejected,855.58
RTRN001810,ORDR027949,,2024-10-22,Size issue,Refunded,645.56
RTRN001811,ORDR027957,,2024-10-23,Product not as described,Refunded,24497.55
RTRN001812,ORDR027967,,2024-10-14,Product not as described,Refunded,1074.44
RTRN001813,ORDR027997,,2024-10-28,Customer changed mind,Refunded,1706.64
RTRN001814,ORDR028009,,2024-10-19,Wrong product,Refunded,5017.32
RTRN001815,ORDR028018,,2024-10-12,Product not as described,Refunded,108.81
RTRN001816,ORDR028019,,2024-10-20,Product not as described,Refunded,21795.23
RTRN001817,ORDR028027,,2024-10-11,Quality issue,Refunded,56476.25
RTRN001818,ORDR028040,,2024-10-15,Customer changed mind,Rejected,1070.27
RTRN001819,ORDR028054,,2024-10-18,Quality issue,Refunded,5107.1
RTRN001820,ORDR028059,,2024-10-15,Size issue,Rejected,365.64
RTRN001821,ORDR028066,,2024-10-15,Size issue,Rejected,4001.55
RTRN001822,ORDR028083,,2024-10-10,Wrong product,Rejected,14752.42
RTRN001823,ORDR028089,,2024-10-23,Damaged product,Refunded,3297.11
RTRN001824,ORDR028145,,2024-10-19,Wrong product,Refunded,492.77
RTRN001825,ORDR028156,,2024-10-24,Damaged product,Refunded,1323.93
RTRN001826,ORDR028189,,2024-10-21,Size issue,Rejected,3065.36
RTRN001827,ORDR028242,,2024-10-17,Customer changed mind,Refunded,241.33
RTRN001828,ORDR028267,,2024-10-24,Wrong product,Refunded,18230.92
RTRN001829,ORDR028287,,2024-10-19,Product not as described,Refunded,1997.51
RTRN001830,ORDR028291,,2024-10-23,Size issue,Refunded,6520.83
RTRN001831,ORDR028306,,2024-10-18,Customer changed mind,Refunded,720.15
RTRN001832,ORDR028346,,2024-10-17,Damaged product,Refunded,36393.24
RTRN001833,ORDR028351,,2024-10-27,Size issue,Refunded,3878.11
RTRN001834,ORDR028403,,2024-10-23,Product not as described,Refunded,982.13
RTRN001835,ORDR028420,,2024-10-17,Wrong product,Rejected,843.46
RTRN001836,ORDR028422,,2024-10-16,Customer changed mind,Rejected,711.24
RTRN001837,ORDR028433,,2024-10-24,Size issue,Refunded,23187.99
RTRN001838,ORDR028434,,2024-10-19,Customer changed mind,Rejected,779.3
RTRN001839,ORDR028450,,2024-10-19,Damaged product,Refunded,1313.86
RTRN001840,ORDR028470,,2024-10-27,Quality issue,Rejected,290.31
RTRN001841,ORDR028487,,2024-10-20,Damaged product,Refunded,3375.12
RTRN001842,ORDR028501,,2024-10-22,Product not as described,Refunded,562.43
RTRN001843,ORDR028510,,2024-10-19,Size issue,Rejected,5578.83
RTRN001844,ORDR028514,,2024-10-27,Wrong product,Refunded,319.51
RTRN001845,ORDR028520,,2024-10-23,Product not as described,Refunded,699.49
RTRN001846,ORDR028536,,2024-10-22,Size issue,Refunded,331.62
RTRN001847,ORDR028555,,2024-10-23,Size issue,Refunded,413.65
RTRN001848,ORDR028578,,2024-10-13,Damaged product,Refunded,22719.93
RTRN001849,ORDR028584,,2024-10-28,Wrong product,Refunded,263.65
RTRN001850,ORDR028595,,2024-10-19,Size issue,Rejected,15201.77
RTRN001851,ORDR028602,,2024-10-20,Damaged product,Refunded,12807.63
RTRN001852,ORDR028606,,2024-10-28,Quality issue,Rejected,1127.52
RTRN001853,ORDR028635,,2024-10-26,Product not as described,Refunded,8522.11
RTRN001854,ORDR028646,,2024-10-29,Product not as described,Refunded,1839.88
RTRN001855,ORDR028662,,2024-11-09,Damaged product,Refunded,482.16
RTRN001856,ORDR028669,,2024-10-31,Wrong product,Refunded,87265.06
RTRN001857,ORDR028680,,2024-11-07,Wrong product,Rejected,202.68
RTRN001858,ORDR028685,,2024-10-18,Damaged product,Rejected,1783.07
RTRN001859,ORDR028687,,2024-10-24,Customer changed mind,Rejected,12165.94
RTRN001860,ORDR028689,,2024-10-21,Quality issue,Refunded,768.64
RTRN001861,ORDR028695,,2024-10-24,Damaged product,Rejected,68802.26
RTRN001862,ORDR028702,,2024-10-29,Product not as described,Refunded,34486.18
RTRN001863,ORDR028711,,2024-10-26,Damaged product,Refunded,378.32
RTRN001864,ORDR028712,,2024-10-18,Damaged product,Refunded,46909.58
RTRN001865,ORDR028727,,2024-10-27,Wrong product,Refunded,1183.1
RTRN001866,ORDR028762,,2024-10-27,Wrong product,Refunded,685.05
RTRN001867,ORDR028805,,2024-10-22,Wrong product,Refunded,6606.97
RTRN001868,ORDR028806,,2024-10-22,Product not as described,Refunded,5121.61
RTRN001869,ORDR028857,,2024-10-20,Size issue,Rejected,750.26
RTRN001870,ORDR028900,,2024-11-01,Size issue,Refunded,14147.57
RTRN001871,ORDR028902,,2024-10-18,Size issue,Refunded,2754.54
RTRN001872,ORDR028930,,2024-10-29,Product not as described,Refunded,2000.31
RTRN001873,ORDR028935,,2024-10-20,Customer changed mind,Rejected,2725.78
RTRN001874,ORDR028946,,2024-10-26,Damaged product,Refunded,13040.51
RTRN001875,ORDR028947,,2024-11-01,Damaged product,Refunded,1488.13
RTRN001876,ORDR028959,,2024-10-25,Product not as described,Rejected,9921.77
RTRN001877,ORDR028971,,2024-10-22,Damaged product,Refunded,1143.53
RTRN001878,ORDR028994,,2024-10-17,Wrong product,Refunded,7103.03
RTRN001879,ORDR029021,,2024-10-29,Quality issue,Refunded,2191.42
RTRN001880,ORDR029102,,2024-10-27,Damaged product,Refunded,12964.41
RTRN001881,ORDR029107,,2024-10-30,Product not as described,Refunded,213.51
RTRN001882,ORDR029130,,2024-10-27,Late delivery,Refunded,472.07
RTRN001883,ORDR029131,,2024-10-21,Product not as described,Rejected,691.54
RTRN001884,ORDR029163,,2024-10-23,Product not as described,Refunded,2445.19
RTRN001885,ORDR029211,,2024-10-28,Damaged product,Refunded,1249.86
RTRN001886,ORDR029218,,2024-10-24,Customer changed mind,Rejected,2075.57
RTRN001887,ORDR029229,,2024-10-27,Product not as described,Refunded,2784.59
RTRN001888,ORDR029250,,2024-11-02,Product not as described,Refunded,3220.47
RTRN001889,ORDR029253,,2024-10-22,Wrong product,Refunded,3546.34
RTRN001890,ORDR029267,,2024-10-31,Size issue,Refunded,1982.38
RTRN001891,ORDR029279,,2024-11-05,Quality issue,Refunded,2999.92
RTRN001892,ORDR029285,,2024-11-07,Quality issue,Refunded,386.88
RTRN001893,ORDR029287,,2024-11-03,Wrong product,Refunded,3010.5
RTRN001894,ORDR029291,,2024-10-22,Size issue,Refunded,2853.08
RTRN001895,ORDR029331,,2024-10-31,Customer changed mind,Refunded,21452.34
RTRN001896,ORDR029347,,2024-10-23,Quality issue,Refunded,14822.42
RTRN001897,ORDR029351,,2024-10-27,Customer changed mind,Refunded,468.16
RTRN001898,ORDR029382,,2024-10-30,Damaged product,Refunded,3524.59
RTRN001899,ORDR029430,,2024-10-26,Quality issue,Rejected,4872.47
RTRN001900,ORDR029449,,2024-10-30,Wrong product,Refunded,7376.2
RTRN001901,ORDR029487,,2024-11-02,Product not as described,Rejected,4192.45
RTRN001902,ORDR029488,,2024-11-02,Customer changed mind,Refunded,6301.26
RTRN001903,ORDR029495,,2024-10-28,Product not as described,Rejected,17699.23
RTRN001904,ORDR029526,,2024-10-21,Customer changed mind,Refunded,267.04
RTRN001905,ORDR029535,,2024-11-04,Size issue,Refunded,1390.52
RTRN001906,ORDR029542,,2024-11-05,Damaged product,Refunded,88801.05
RTRN001907,ORDR029577,,2024-10-24,Damaged product,Refunded,1799.33
RTRN001908,ORDR029587,,2024-10-28,Wrong product,Refunded,7469.61
RTRN001909,ORDR029621,,2024-10-21,Damaged product,Refunded,26542.36
RTRN001910,ORDR029635,,2024-10-24,Product not as described,Refunded,14188.77
RTRN001911,ORDR029744,,2024-10-29,Damaged product,Refunded,7497.68
RTRN001912,ORDR029791,,2024-10-22,Damaged product,Rejected,13799.17
RTRN001913,ORDR029820,,2024-10-27,Size issue,Refunded,1476.63
RTRN001914,ORDR029827,,2024-11-12,Product not as described,Refunded,22764.91
RTRN001915,ORDR029828,,2024-10-28,Customer changed mind,Refunded,6685.68
RTRN001916,ORDR029832,,2024-10-24,Quality issue,Refunded,167.05
RTRN001917,ORDR029846,,2024-11-07,Quality issue,Rejected,428.66
RTRN001918,ORDR029875,,2024-11-04,Damaged product,Rejected,1526.52
RTRN001919,ORDR029907,,2024-10-28,Product not as described,Refunded,7638.94
RTRN001920,ORDR029939,,2024-11-01,Customer changed mind,Refunded,25494.29
RTRN001921,ORDR029945,,2024-11-04,Customer changed mind,Refunded,3515.4
RTRN001922,ORDR029960,,2024-11-03,Quality issue,Refunded,2609.59
RTRN001923,ORDR029985,,2024-11-04,Size issue,Refunded,698.52
RTRN001924,ORDR029998,,2024-10-24,Quality issue,Refunded,14298.89
RTRN001925,ORDR030004,,2024-11-03,Quality issue,Refunded,18120.35
RTRN001926,ORDR030037,,2024-11-03,Product not as described,Refunded,8740.5
RTRN001927,ORDR030048,,2024-11-05,Damaged product,Refunded,8935.01
RTRN001928,ORDR030070,,2024-10-30,Customer changed mind,Rejected,15346.16
RTRN001929,ORDR030093,,2024-11-03,Product not as described,Refunded,14792.75
RTRN001930,ORDR030101,,2024-10-25,Product not as described,Refunded,1100.38
RTRN001931,ORDR030150,,2024-10-30,Size issue,Refunded,33012.85
RTRN001932,ORDR030154,,2024-10-28,Late delivery,Refunded,8341.75
RTRN001933,ORDR030155,,2024-10-28,Customer changed mind,Refunded,2417.1
RTRN001934,ORDR030159,,2024-10-23,Size issue,Refunded,11943.07
RTRN001935,ORDR030160,,2024-11-06,Damaged product,Refunded,1715.76
RTRN001936,ORDR030207,,2024-10-31,Product not as described,Refunded,7821.13
RTRN001937,ORDR030222,,2024-11-02,Customer changed mind,Rejected,14678.13
RTRN001938,ORDR030274,,2024-10-30,Damaged product,Refunded,338.67
RTRN001939,ORDR030279,,2024-10-29,Customer changed mind,Rejected,7798.41
RTRN001940,ORDR030288,,2024-11-07,Damaged product,Rejected,4550.52
RTRN001941,ORDR030314,,2024-10-29,Wrong product,Rejected,1254.32
RTRN001942,ORDR030331,,2024-11-03,Product not as described,Refunded,297.75
RTRN001943,ORDR030344,,2024-11-03,Size issue,Refunded,583.21
RTRN001944,ORDR030356,,2024-11-03,Size issue,Rejected,2913.18
RTRN001945,ORDR030374,,2024-11-09,Customer changed mind,Refunded,19177.59
RTRN001946,ORDR030394,,2024-10-31,Wrong product,Refunded,2970.22
RTRN001947,ORDR030396,,2024-11-04,Product not as described,Refunded,1347.05
RTRN001948,ORDR030401,,2024-11-04,Quality issue,Refunded,508.24
RTRN001949,ORDR030424,,2024-10-26,Late delivery,Refunded,991.52
RTRN001950,ORDR030447,,2024-11-09,Size issue,Refunded,6409.36
RTRN001951,ORDR030484,,2024-11-04,Damaged product,Refunded,19341.83
RTRN001952,ORDR030485,,2024-11-08,Wrong product,Refunded,19038.7
RTRN001953,ORDR030491,,2024-10-30,Damaged product,Rejected,13980.58
RTRN001954,ORDR030497,,2024-11-01,Wrong product,Refunded,1187.17
RTRN001955,ORDR030506,,2024-11-02,Wrong product,Rejected,1064.54
RTRN001956,ORDR030511,,2024-11-08,Damaged product,Refunded,18244.68
RTRN001957,ORDR030525,,2024-11-10,Late delivery,Refunded,518.8
RTRN001958,ORDR030530,,2024-10-30,Product not as described,Refunded,6359.84
RTRN001959,ORDR030543,,2024-11-01,Product not as described,Refunded,28645.16
RTRN001960,ORDR030549,,2024-11-05,Quality issue,Refunded,1888.43
RTRN001961,ORDR030560,,2024-10-31,Customer changed mind,Rejected,41686.15
RTRN001962,ORDR030563,,2024-10-28,Customer changed mind,Refunded,678.02
RTRN001963,ORDR030590,,2024-11-12,Customer changed mind,Rejected,11609.06
RTRN001964,ORDR030591,,2024-11-11,Size issue,Refunded,490.8
RTRN001965,ORDR030602,,2024-11-03,Wrong product,Refunded,1056.38
RTRN001966,ORDR030621,,2024-11-08,Wrong product,Refunded,15893.83
RTRN001967,ORDR030662,,2024-11-07,Quality issue,Refunded,4051.86
RTRN001968,ORDR030682,,2024-11-05,Damaged product,Rejected,4578.91
RTRN001969,ORDR030705,,2024-11-02,Quality issue,Refunded,1854.24
RTRN001970,ORDR030713,,2024-11-09,Size issue,Refunded,8615.21
RTRN001971,ORDR030735,,2024-10-30,Product not as described,Refunded,4002.52
RTRN001972,ORDR030757,,2024-11-08,Wrong product,Refunded,151.73
RTRN001973,ORDR030759,,2024-11-01,Damaged product,Rejected,32.41
RTRN001974,ORDR030780,,2024-11-05,Damaged product,Refunded,9718.19
RTRN001975,ORDR030792,,2024-10-30,Customer changed mind,Refunded,1717.49
RTRN001976,ORDR030799,,2024-11-12,Customer changed mind,Rejected,952.63
RTRN001977,ORDR030805,,2024-11-02,Product not as described,Refunded,260.09
RTRN001978,ORDR030806,,2024-11-04,Quality issue,Refunded,7635.62
RTRN001979,ORDR030836,,2024-10-29,Size issue,Rejected,9111.78
RTRN001980,ORDR030849,,2024-11-11,Quality issue,Refunded,15615.42
RTRN001981,ORDR030850,,2024-11-04,Damaged product,Refunded,431.35
RTRN001982,ORDR030852,,2024-11-01,Wrong product,Refunded,1259.45
RTRN001983,ORDR030867,,2024-11-06,Damaged product,Refunded,1976.53
RTRN001984,ORDR030882,,2024-11-05,Size issue,Refunded,4244.41
RTRN001985,ORDR030892,,2024-11-10,Quality issue,Refunded,1425.65
RTRN001986,ORDR030898,,2024-10-30,Size issue,Rejected,3282.79
RTRN001987,ORDR030905,,2024-11-08,Quality issue,Refunded,10199.17
RTRN001988,ORDR030941,,2024-11-07,Damaged product,Rejected,74596.99
RTRN001989,ORDR030979,,2024-10-30,Damaged product,Refunded,55978.8
RTRN001990,ORDR030988,,2024-11-05,Product not as described,Refunded,423.69
RTRN001991,ORDR030992,,2024-11-07,Customer changed mind,Refunded,3292.98
RTRN001992,ORDR030995,,2024-11-05,Damaged product,Refunded,11905.61
RTRN001993,ORDR031008,,2024-11-03,Wrong product,Refunded,9868.68
RTRN001994,ORDR031053,,2024-10-30,Damaged product,Refunded,3324.57
RTRN001995,ORDR031063,,2024-10-31,Quality issue,Refunded,397.07
RTRN001996,ORDR031098,,2024-11-12,Quality issue,Refunded,2522.19
RTRN001997,ORDR031102,,2024-11-15,Customer changed mind,Refunded,2211.81
RTRN001998,ORDR031124,,2024-11-05,Size issue,Refunded,3309.55
RTRN001999,ORDR031127,,2024-11-02,Size issue,Refunded,8510.3
RTRN002000,ORDR031129,,2024-10-30,Size issue,Rejected,646.71
RTRN002001,ORDR031145,,2024-11-01,Product not as described,Refunded,263.78
RTRN002002,ORDR031169,,2024-11-04,Product not as described,Rejected,2112.31
RTRN002003,ORDR031175,,2024-11-13,Product not as described,Refunded,11808.78
RTRN002004,ORDR031181,,2024-11-08,Wrong product,Refunded,7239.9
RTRN002005,ORDR031194,,2024-11-09,Size issue,Rejected,6739.15
RTRN002006,ORDR031199,,2024-11-08,Quality issue,Rejected,764.32
RTRN002007,ORDR031234,,2024-11-11,Damaged product,Refunded,30678.9
RTRN002008,ORDR031236,,2024-11-03,Customer changed mind,Refunded,1559.94
RTRN002009,ORDR031259,,2024-11-07,Customer changed mind,Refunded,1363.51
RTRN002010,ORDR031264,,2024-11-08,Damaged product,Refunded,211.6
RTRN002011,ORDR031268,,2024-11-08,Customer changed mind,Refunded,4530.18
RTRN002012,ORDR031269,,2024-11-08,Product not as described,Refunded,259.82
RTRN002013,ORDR031275,,2024-11-01,Customer changed mind,Rejected,3300.25
RTRN002014,ORDR031282,,2024-11-11,Size issue,Refunded,369.49
RTRN002015,ORDR031298,,2024-11-06,Customer changed mind,Refunded,1612.91
RTRN002016,ORDR031305,,2024-11-11,Wrong product,Refunded,296.35
RTRN002017,ORDR031325,,2024-11-07,Damaged product,Refunded,4355.79
RTRN002018,ORDR031337,,2024-11-15,Size issue,Rejected,2624.42
RTRN002019,ORDR031342,,2024-11-09,Customer changed mind,Refunded,23614.06
RTRN002020,ORDR031352,,2024-10-31,Quality issue,Rejected,1626.83
RTRN002021,ORDR031403,,2024-11-07,Product not as described,Refunded,38673.22
RTRN002022,ORDR031409,,2024-11-11,Quality issue,Rejected,2801.64
RTRN002023,ORDR031422,,2024-11-08,Product not as described,Refunded,456.47
RTRN002024,ORDR031480,,2024-11-01,Damaged product,Rejected,12065.38
RTRN002025,ORDR031483,,2024-11-07,Quality issue,Rejected,9773.75
RTRN002026,ORDR031488,,2024-11-12,Wrong product,Refunded,11403.4
RTRN002027,ORDR031492,,2024-11-10,Quality issue,Rejected,653.95
RTRN002028,ORDR031500,,2024-11-04,Quality issue,Refunded,7400.39
RTRN002029,ORDR031513,,2024-11-10,Product not as described,Rejected,9782.04
RTRN002030,ORDR031533,,2024-11-11,Wrong product,Rejected,8881.52
RTRN002031,ORDR031634,,2024-11-05,Quality issue,Refunded,1486.65
RTRN002032,ORDR031670,,2024-11-05,Product not as described,Refunded,1513.44
RTRN002033,ORDR031674,,2024-11-06,Late delivery,Refunded,499.59
RTRN002034,ORDR031706,,2024-11-03,Quality issue,Refunded,3122.7
RTRN002035,ORDR031763,,2024-11-03,Wrong product,Refunded,7211.76
RTRN002036,ORDR031777,,2024-11-02,Damaged product,Rejected,1421.93
RTRN002037,ORDR031792,,2024-11-13,Quality issue,Refunded,7968.59
RTRN002038,ORDR031794,,2024-11-18,Damaged product,Refunded,2048.35
RTRN002039,ORDR031804,,2024-11-13,Customer changed mind,Refunded,6426.98
RTRN002040,ORDR031808,,2024-11-11,Damaged product,Refunded,5288.12
RTRN002041,ORDR031833,,2024-11-12,Customer changed mind,Refunded,24268.32
RTRN002042,ORDR031839,,2024-11-21,Quality issue,Rejected,5229.38
RTRN002043,ORDR031859,,2024-11-10,Size issue,Refunded,3626.99
RTRN002044,ORDR031875,,2024-11-08,Size issue,Refunded,6314.24
RTRN002045,ORDR031879,,2024-11-05,Quality issue,Refunded,1644.56
RTRN002046,ORDR031893,,2024-11-03,Quality issue,Refunded,11644.62
RTRN002047,ORDR031899,,2024-11-13,Quality issue,Refunded,12229.95
RTRN002048,ORDR031948,,2024-11-11,Size issue,Refunded,1878.36
RTRN002049,ORDR031950,,2024-11-14,Quality issue,Rejected,1081.52
RTRN002050,ORDR031967,,2024-11-12,Size issue,Refunded,7499.16
RTRN002051,ORDR031972,,2024-11-12,Customer changed mind,Refunded,1050.78
RTRN002052,ORDR031983,,2024-11-11,Customer changed mind,Refunded,631.71
RTRN002053,ORDR031995,,2024-11-10,Size issue,Refunded,9000.35
RTRN002054,ORDR032004,,2024-11-07,Size issue,Rejected,1749.05
RTRN002055,ORDR032024,,2024-11-17,Product not as described,Refunded,1312.48
RTRN002056,ORDR032034,,2024-11-06,Product not as described,Refunded,2293.96
RTRN002057,ORDR032036,,2024-11-18,Customer changed mind,Rejected,7710.34
RTRN002058,ORDR032039,,2024-11-16,Customer changed mind,Refunded,172.2
RTRN002059,ORDR032042,,2024-11-11,Quality issue,Refunded,16353.23
RTRN002060,ORDR032045,,2024-11-04,Damaged product,Refunded,10600.56
RTRN002061,ORDR032066,,2024-11-17,Wrong product,Rejected,226.1
RTRN002062,ORDR032074,,2024-11-15,Damaged product,Refunded,4390.75
RTRN002063,ORDR032078,,2024-11-11,Customer changed mind,Refunded,2889.93
RTRN002064,ORDR032082,,2024-11-13,Customer changed mind,Refunded,7463.02
RTRN002065,ORDR032090,,2024-11-17,Damaged product,Rejected,21806.62
RTRN002066,ORDR032096,,2024-11-08,Customer changed mind,Rejected,173.32
RTRN002067,ORDR032107,,2024-11-22,Product not as described,Refunded,291.76
RTRN002068,ORDR032134,,2024-11-13,Wrong product,Rejected,682.68
RTRN002069,ORDR032136,,2024-11-20,Customer changed mind,Refunded,725.24
RTRN002070,ORDR032139,,2024-11-04,Product not as described,Rejected,4167.64
RTRN002071,ORDR032140,,2024-11-21,Wrong product,Refunded,1244.81
RTRN002072,ORDR032174,,2024-11-14,Size issue,Refunded,5585.07
RTRN002073,ORDR032188,,2024-11-06,Customer changed mind,Refunded,13497.97
RTRN002074,ORDR032192,,2024-11-10,Late delivery,Refunded,6201.47
RTRN002075,ORDR032193,,2024-11-15,Customer changed mind,Refunded,1430.13
RTRN002076,ORDR032213,,2024-11-16,Product not as described,Refunded,3200.07
RTRN002077,ORDR032249,,2024-11-10,Quality issue,Refunded,594.23
RTRN002078,ORDR032281,,2024-11-20,Wrong product,Refunded,867.26
RTRN002079,ORDR032286,,2024-11-14,Quality issue,Refunded,14001.55
RTRN002080,ORDR032287,,2024-11-07,Customer changed mind,Refunded,3995.42
RTRN002081,ORDR032306,,2024-11-08,Wrong product,Refunded,1069.17
RTRN002082,ORDR032326,,2024-11-09,Damaged product,Refunded,38710.81
RTRN002083,ORDR032349,,2024-11-21,Damaged product,Rejected,751.5
RTRN002084,ORDR032362,,2024-11-13,Quality issue,Refunded,2846.76
RTRN002085,ORDR032384,,2024-11-26,Damaged product,Refunded,3191.05
RTRN002086,ORDR032409,,2024-11-17,Customer changed mind,Refunded,263.19
RTRN002087,ORDR032417,,2024-11-09,Size issue,Refunded,2436.04
RTRN002088,ORDR032427,,2024-11-15,Damaged product,Refunded,29219.12
RTRN002089,ORDR032451,,2024-11-11,Damaged product,Refunded,1152.3
RTRN002090,ORDR032456,,2024-11-14,Customer changed mind,Rejected,60639.5
RTRN002091,ORDR032520,,2024-11-14,Quality issue,Refunded,16954.81
RTRN002092,ORDR032540,,2024-11-08,Customer changed mind,Refunded,4856.06
RTRN002093,ORDR032572,,2024-11-17,Product not as described,Rejected,3460.83
RTRN002094,ORDR032602,,2024-11-13,Wrong product,Rejected,4597.52
RTRN002095,ORDR032612,,2024-11-14,Size issue,Refunded,762.02
RTRN002096,ORDR032654,,2024-11-16,Wrong product,Refunded,869.04
RTRN002097,ORDR032671,,2024-11-06,Damaged product,Refunded,948.43
RTRN002098,ORDR032687,,2024-11-13,Damaged product,Refunded,27841.58
RTRN002099,ORDR032708,,2024-11-18,Customer changed mind,Refunded,2073.78
RTRN002100,ORDR032711,,2024-11-17,Wrong product,Rejected,15267.15
RTRN002101,ORDR032723,,2024-11-16,Wrong product,Refunded,3108.61
RTRN002102,ORDR032772,,2024-11-10,Product not as described,Rejected,74590.24
RTRN002103,ORDR032795,,2024-11-09,Size issue,Rejected,6870.87
RTRN002104,ORDR032799,,2024-11-14,Wrong product,Rejected,1822.51
RTRN002105,ORDR032828,,2024-11-12,Damaged product,Refunded,6111.19
RTRN002106,ORDR032829,,2024-11-16,Late delivery,Refunded,308.54
RTRN002107,ORDR032831,,2024-11-16,Customer changed mind,Refunded,3377.99
RTRN002108,ORDR032840,,2024-11-15,Customer changed mind,Rejected,10657.14
RTRN002109,ORDR032852,,2024-11-10,Size issue,Refunded,816.9
RTRN002110,ORDR032853,,2024-11-12,Size issue,Refunded,2674.13
RTRN002111,ORDR032874,,2024-11-12,Size issue,Refunded,5463.17
RTRN002112,ORDR032883,,2024-11-16,Wrong product,Refunded,305.69
RTRN002113,ORDR032897,,2024-11-11,Customer changed mind,Refunded,1618.55
RTRN002114,ORDR032902,,2024-11-13,Damaged product,Refunded,1135.65
RTRN002115,ORDR032905,,2024-11-15,Damaged product,Refunded,50176.72
RTRN002116,ORDR032914,,2024-11-12,Customer changed mind,Rejected,4700.05
RTRN002117,ORDR032925,,2024-11-22,Product not as described,Refunded,217.92
RTRN002118,ORDR032930,,2024-11-15,Product not as described,Refunded,518.96
RTRN002119,ORDR032946,,2024-11-19,Damaged product,Refunded,5447.31
RTRN002120,ORDR032950,,2024-11-16,Quality issue,Refunded,468.16
RTRN002121,ORDR032967,,2024-11-12,Customer changed mind,Rejected,643.64
RTRN002122,ORDR032976,,2024-11-15,Quality issue,Refunded,17354.0
RTRN002123,ORDR032978,,2024-11-12,Customer changed mind,Refunded,8439.77
RTRN002124,ORDR032990,,2024-11-18,Wrong product,Rejected,5105.51
RTRN002125,ORDR032997,,2024-11-17,Product not as described,Refunded,246.49
RTRN002126,ORDR033008,,2024-11-08,Damaged product,Refunded,24848.12
RTRN002127,ORDR033017,,2024-11-18,Customer changed mind,Rejected,5870.23
RTRN002128,ORDR033025,,2024-11-18,Quality issue,Refunded,476.34
RTRN002129,ORDR033026,,2024-11-14,Customer changed mind,Refunded,17690.32
RTRN002130,ORDR033054,,2024-11-13,Product not as described,Rejected,616.08
RTRN002131,ORDR033061,,2024-11-24,Damaged product,Refunded,10404.61
RTRN002132,ORDR033066,,2024-11-26,Damaged product,Refunded,319.36
RTRN002133,ORDR033067,,2024-11-13,Customer changed mind,Refunded,2255.26
RTRN002134,ORDR033073,,2024-11-09,Product not as described,Refunded,8023.61
RTRN002135,ORDR033079,,2024-11-17,Size issue,Refunded,3591.3
RTRN002136,ORDR033103,,2024-11-12,Quality issue,Refunded,3545.76
RTRN002137,ORDR033109,,2024-11-11,Damaged product,Rejected,30156.14
RTRN002138,ORDR033137,,2024-11-09,Quality issue,Refunded,864.33
RTRN002139,ORDR033173,,2024-11-19,Wrong product,Refunded,6771.7
RTRN002140,ORDR033175,,2024-11-10,Wrong product,Rejected,1412.96
RTRN002141,ORDR033189,,2024-11-15,Product not as described,Refunded,42466.01
RTRN002142,ORDR033192,,2024-11-20,Damaged product,Refunded,4154.64
RTRN002143,ORDR033196,,2024-11-09,Quality issue,Refunded,893.61
RTRN002144,ORDR033197,,2024-11-20,Wrong product,Rejected,217.16
RTRN002145,ORDR033200,,2024-11-17,Product not as described,Rejected,688.63
RTRN002146,ORDR033203,,2024-11-24,Damaged product,Refunded,4583.17
RTRN002147,ORDR033224,,2024-11-19,Customer changed mind,Refunded,5800.55
RTRN002148,ORDR033234,,2024-11-12,Size issue,Refunded,983.92
RTRN002149,ORDR033235,,2024-11-14,Product not as described,Rejected,9996.58
RTRN002150,ORDR033256,,2024-11-14,Wrong product,Refunded,119.84
RTRN002151,ORDR033259,,2024-11-14,Product not as described,Refunded,1081.72
RTRN002152,ORDR033263,,2024-11-19,Damaged product,Refunded,202225.33
RTRN002153,ORDR033272,,2024-11-09,Damaged product,Refunded,308.69
RTRN002154,ORDR033277,,2024-11-18,Damaged product,Refunded,1447.62
RTRN002155,ORDR033310,,2024-11-20,Customer changed mind,Refunded,1168.6
RTRN002156,ORDR033337,,2024-11-14,Product not as described,Refunded,1432.55
RTRN002157,ORDR033341,,2024-11-20,Size issue,Rejected,2472.37
RTRN002158,ORDR033369,,2024-11-17,Quality issue,Refunded,864.17
RTRN002159,ORDR033371,,2024-11-08,Product not as described,Refunded,2856.89
RTRN002160,ORDR033378,,2024-11-10,Damaged product,Rejected,2127.5
RTRN002161,ORDR033453,,2024-11-12,Product not as described,Refunded,3586.78
RTRN002162,ORDR033460,,2024-11-15,Customer changed mind,Refunded,5871.26
RTRN002163,ORDR033461,,2024-11-20,Quality issue,Refunded,33946.02
RTRN002164,ORDR033470,,2024-11-11,Damaged product,Rejected,8145.27
RTRN002165,ORDR033478,,2024-11-24,Damaged product,Refunded,8971.43
RTRN002166,ORDR033490,,2024-11-16,Wrong product,Refunded,263.16
RTRN002167,ORDR033511,,2024-11-16,Product not as described,Refunded,108.89
RTRN002168,ORDR033516,,2024-11-13,Customer changed mind,Refunded,324.59
RTRN002169,ORDR033521,,2024-11-08,Quality issue,Refunded,6632.07
RTRN002170,ORDR033539,,2024-11-17,Quality issue,Refunded,256.75
RTRN002171,ORDR033540,,2024-11-17,Customer changed mind,Refunded,7117.33
RTRN002172,ORDR033542,,2024-11-22,Quality issue,Refunded,19803.7
RTRN002173,ORDR033547,,2024-11-12,Quality issue,Refunded,5472.44
RTRN002174,ORDR033565,,2024-11-09,Late delivery,Refunded,156.69
RTRN002175,ORDR033571,,2024-11-09,Quality issue,Refunded,15062.43
RTRN002176,ORDR033576,,2024-11-10,Product not as described,Refunded,7023.25
RTRN002177,ORDR033580,,2024-11-19,Quality issue,Refunded,59.35
RTRN002178,ORDR033587,,2024-11-24,Damaged product,Refunded,1736.41
RTRN002179,ORDR033607,,2024-11-28,Size issue,Refunded,3527.25
RTRN002180,ORDR033639,,2024-11-17,Size issue,Refunded,13882.76
RTRN002181,ORDR033652,,2024-11-15,Customer changed mind,Refunded,7335.45
RTRN002182,ORDR033670,,2024-11-13,Wrong product,Refunded,1374.21
RTRN002183,ORDR033681,,2024-11-11,Product not as described,Rejected,6171.3
RTRN002184,ORDR033688,,2024-11-11,Size issue,Rejected,2704.87
RTRN002185,ORDR033701,,2024-11-17,Wrong product,Refunded,733.4
RTRN002186,ORDR033705,,2024-11-20,Customer changed mind,Refunded,333.17
RTRN002187,ORDR033707,,2024-11-09,Customer changed mind,Refunded,1054.24
RTRN002188,ORDR033743,,2024-11-13,Product not as described,Rejected,1696.29
RTRN002189,ORDR033744,,2024-11-10,Quality issue,Rejected,2320.49
RTRN002190,ORDR033754,,2024-11-18,Damaged product,Rejected,15238.41
RTRN002191,ORDR033782,,2024-11-18,Product not as described,Refunded,695.04
RTRN002192,ORDR033819,,2024-11-23,Quality issue,Refunded,3465.35
RTRN002193,ORDR033826,,2024-11-06,Customer changed mind,Refunded,1596.56
RTRN002194,ORDR033849,,2024-11-09,Wrong product,Refunded,1404.77
RTRN002195,ORDR033856,,2024-11-11,Damaged product,Refunded,6271.62
RTRN002196,ORDR033874,,2024-11-17,Size issue,Refunded,6162.64
RTRN002197,ORDR033875,,2024-11-20,Customer changed mind,Refunded,1355.59
RTRN002198,ORDR033884,,2024-11-22,Damaged product,Refunded,30573.34
RTRN002199,ORDR033885,,2024-11-10,Quality issue,Refunded,20013.99
RTRN002200,ORDR033910,,2024-11-17,Damaged product,Rejected,31491.23
RTRN002201,ORDR033924,,2024-11-14,Wrong product,Refunded,20528.18
RTRN002202,ORDR033933,,2024-11-16,Damaged product,Refunded,821.12
RTRN002203,ORDR033939,,2024-11-09,Customer changed mind,Rejected,5068.57
RTRN002204,ORDR033941,,2024-11-17,Quality issue,Refunded,1564.19
RTRN002205,ORDR033951,,2024-11-21,Size issue,Refunded,385.52
RTRN002206,ORDR033984,,2024-11-12,Product not as described,Refunded,19899.42
RTRN002207,ORDR034002,,2024-11-15,Customer changed mind,Refunded,787.36
RTRN002208,ORDR034017,,2024-11-18,Damaged product,Rejected,408.77
RTRN002209,ORDR034025,,2024-11-15,Quality issue,Refunded,21303.9
RTRN002210,ORDR034052,,2024-11-23,Quality issue,Refunded,13872.81
RTRN002211,ORDR034061,,2024-11-17,Quality issue,Refunded,4789.92
RTRN002212,ORDR034069,,2024-11-13,Quality issue,Rejected,385.96
RTRN002213,ORDR034099,,2024-11-21,Size issue,Refunded,3454.81
RTRN002214,ORDR034129,,2024-11-06,Wrong product,Refunded,3168.11
RTRN002215,ORDR034133,,2024-11-10,Wrong product,Refunded,1356.77
RTRN002216,ORDR034169,,2024-11-15,Product not as described,Refunded,2427.7
RTRN002217,ORDR034170,,2024-11-16,Wrong product,Rejected,3155.86
RTRN002218,ORDR034186,,2024-11-24,Customer changed mind,Rejected,4314.98
RTRN002219,ORDR034190,,2024-11-18,Customer changed mind,Rejected,16466.85
RTRN002220,ORDR034204,,2024-11-24,Size issue,Rejected,9953.32
RTRN002221,ORDR034209,,2024-11-27,Damaged product,Refunded,46.44
RTRN002222,ORDR034215,,2024-11-13,Customer changed mind,Rejected,19711.79
RTRN002223,ORDR034219,,2024-11-14,Size issue,Refunded,679.63
RTRN002224,ORDR034227,,2024-11-13,Product not as described,Refunded,4813.17
RTRN002225,ORDR034271,,2024-11-21,Damaged product,Refunded,698.88
RTRN002226,ORDR034276,,2024-11-13,Quality issue,Refunded,74003.97
RTRN002227,ORDR034291,,2024-11-25,Product not as described,Rejected,1134.69
RTRN002228,ORDR034297,,2024-11-19,Damaged product,Refunded,56784.62
RTRN002229,ORDR034306,,2024-11-11,Wrong product,Refunded,11080.4
RTRN002230,ORDR034332,,2024-11-20,Wrong product,Refunded,4939.31
RTRN002231,ORDR034336,,2024-11-23,Damaged product,Rejected,951.02
RTRN002232,ORDR034363,,2024-11-23,Customer changed mind,Rejected,2603.26
RTRN002233,ORDR034364,,2024-11-27,Damaged product,Refunded,2411.96
RTRN002234,ORDR034369,,2024-11-18,Product not as described,Refunded,400.94
RTRN002235,ORDR034397,,2024-11-15,Customer changed mind,Refunded,2978.53
RTRN002236,ORDR034420,,2024-11-16,Size issue,Refunded,11538.12
RTRN002237,ORDR034421,,2024-11-10,Wrong product,Refunded,707.86
RTRN002238,ORDR034431,,2024-11-22,Customer changed mind,Refunded,10174.21
RTRN002239,ORDR034437,,2024-11-25,Customer changed mind,Refunded,3961.27
RTRN002240,ORDR034442,,2024-11-19,Late delivery,Refunded,1232.04
RTRN002241,ORDR034448,,2024-11-16,Product not as described,Refunded,1158.82
RTRN002242,ORDR034451,,2024-11-18,Damaged product,Refunded,32045.86
RTRN002243,ORDR034466,,2024-11-16,Wrong product,Rejected,127.44
RTRN002244,ORDR034484,,2024-11-23,Customer changed mind,Refunded,342.54
RTRN002245,ORDR034485,,2024-11-16,Wrong product,Refunded,1293.53
RTRN002246,ORDR034488,,2024-11-23,Quality issue,Refunded,1558.72
RTRN002247,ORDR034489,,2024-11-10,Quality issue,Refunded,181.67
RTRN002248,ORDR034497,,2024-11-17,Product not as described,Rejected,8520.99
RTRN002249,ORDR034502,,2024-11-18,Wrong product,Refunded,945.64
RTRN002250,ORDR034538,,2024-11-23,Late delivery,Refunded,14550.82
RTRN002251,ORDR034539,,2024-11-20,Product not as described,Refunded,3042.68
RTRN002252,ORDR034540,,2024-11-17,Damaged product,Refunded,8475.34
RTRN002253,ORDR034599,,2024-11-24,Wrong product,Refunded,212.4
RTRN002254,ORDR034614,,2024-11-20,Size issue,Refunded,3382.97
RTRN002255,ORDR034620,,2024-11-18,Quality issue,Refunded,8635.76
RTRN002256,ORDR034626,,2024-11-14,Product not as described,Refunded,20453.65
RTRN002257,ORDR034634,,2024-11-20,Quality issue,Rejected,8144.13
RTRN002258,ORDR034656,,2024-11-12,Wrong product,Refunded,319.23
RTRN002259,ORDR034677,,2024-11-12,Customer changed mind,Refunded,8560.01
RTRN002260,ORDR034685,,2024-11-20,Customer changed mind,Refunded,2210.37
RTRN002261,ORDR034686,,2024-11-17,Product not as described,Refunded,409.49
RTRN002262,ORDR034694,,2024-11-16,Quality issue,Refunded,32126.52
RTRN002263,ORDR034712,,2024-11-25,Quality issue,Refunded,791.34
RTRN002264,ORDR034760,,2024-11-13,Quality issue,Refunded,13235.22
RTRN002265,ORDR034776,,2024-11-12,Wrong product,Refunded,12662.48
RTRN002266,ORDR034790,,2024-11-15,Size issue,Refunded,1861.77
RTRN002267,ORDR034799,,2024-11-13,Product not as described,Refunded,1614.53
RTRN002268,ORDR034804,,2024-11-18,Customer changed mind,Refunded,887.98
RTRN002269,ORDR034814,,2024-11-20,Product not as described,Refunded,22216.15
RTRN002270,ORDR034847,,2024-11-23,Quality issue,Refunded,2122.94
RTRN002271,ORDR034862,,2024-11-16,Size issue,Refunded,474.05
RTRN002272,ORDR034872,,2024-11-16,Quality issue,Refunded,756.17
RTRN002273,ORDR034882,,2024-11-27,Wrong product,Refunded,4806.58
RTRN002274,ORDR034883,,2024-11-20,Customer changed mind,Refunded,3280.08
RTRN002275,ORDR034897,,2024-11-19,Damaged product,Refunded,8265.16
RTRN002276,ORDR034898,,2024-11-23,Size issue,Rejected,3536.04
RTRN002277,ORDR034957,,2024-11-19,Customer changed mind,Refunded,10954.47
RTRN002278,ORDR035005,,2024-11-14,Customer changed mind,Rejected,10110.01
RTRN002279,ORDR035023,,2024-11-20,Damaged product,Refunded,367.55
RTRN002280,ORDR035030,,2024-11-19,Customer changed mind,Refunded,8959.1
RTRN002281,ORDR035044,,2024-11-20,Customer changed mind,Refunded,5844.2
RTRN002282,ORDR035064,,2024-11-22,Size issue,Rejected,5793.39
RTRN002283,ORDR035065,,2024-11-19,Quality issue,Rejected,1307.21
RTRN002284,ORDR035101,,2024-11-19,Size issue,Refunded,1722.98
RTRN002285,ORDR035130,,2024-11-25,Size issue,Refunded,1812.99
RTRN002286,ORDR035155,,2024-11-18,Customer changed mind,Rejected,11975.53
RTRN002287,ORDR035196,,2024-11-17,Size issue,Refunded,242.97
RTRN002288,ORDR035198,,2024-11-23,Quality issue,Refunded,1184.59
RTRN002289,ORDR035201,,2024-11-25,Size issue,Rejected,3821.04
RTRN002290,ORDR035203,,2024-11-23,Customer changed mind,Rejected,9866.67
RTRN002291,ORDR035204,,2024-11-21,Size issue,Refunded,8916.12
RTRN002292,ORDR035215,,2024-11-20,Customer changed mind,Refunded,7835.98
RTRN002293,ORDR035222,,2024-11-12,Product not as described,Refunded,6675.52
RTRN002294,ORDR035226,,2024-11-23,Wrong product,Rejected,846.83
RTRN002295,ORDR035229,,2024-11-18,Quality issue,Refunded,6970.79
RTRN002296,ORDR035260,,2024-11-25,Size issue,Refunded,5073.1
RTRN002297,ORDR035273,,2024-11-27,Size issue,Refunded,6549.69
RTRN002298,ORDR035284,,2024-11-20,Quality issue,Refunded,7310.89
RTRN002299,ORDR035286,,2024-11-16,Customer changed mind,Refunded,399.86
RTRN002300,ORDR035288,,2024-11-23,Customer changed mind,Refunded,17723.0
RTRN002301,ORDR035291,,2024-11-23,Product not as described,Refunded,1617.5
RTRN002302,ORDR035293,,2024-11-15,Customer changed mind,Refunded,4759.25
RTRN002303,ORDR035321,,2024-11-15,Product not as described,Refunded,454.84
RTRN002304,ORDR035327,,2024-12-04,Damaged product,Refunded,288.86
RTRN002305,ORDR035335,,2024-11-15,Product not as described,Refunded,3424.01
RTRN002306,ORDR035370,,2024-11-19,Damaged product,Rejected,165.89
RTRN002307,ORDR035383,,2024-11-17,Damaged product,Rejected,41993.82
RTRN002308,ORDR035418,,2024-11-18,Customer changed mind,Refunded,710.29
RTRN002309,ORDR035427,,2024-12-01,Quality issue,Refunded,2058.83
RTRN002310,ORDR035437,,2024-11-15,Damaged product,Refunded,2937.48
RTRN002311,ORDR035447,,2024-11-18,Late delivery,Refunded,265.53
RTRN002312,ORDR035450,,2024-11-24,Product not as described,Rejected,2654.27
RTRN002313,ORDR035452,,2024-11-23,Product not as described,Rejected,5464.75
RTRN002314,ORDR035456,,2024-11-22,Wrong product,Refunded,103.28
RTRN002315,ORDR035461,,2024-11-24,Quality issue,Refunded,3870.93
RTRN002316,ORDR035467,,2024-11-18,Customer changed mind,Refunded,4163.26
RTRN002317,ORDR035479,,2024-11-18,Product not as described,Refunded,4893.01
RTRN002318,ORDR035485,,2024-11-17,Damaged product,Refunded,811.29
RTRN002319,ORDR035493,,2024-11-17,Product not as described,Rejected,12881.5
RTRN002320,ORDR035511,,2024-11-25,Wrong product,Refunded,38639.49
RTRN002321,ORDR035514,,2024-11-21,Product not as described,Refunded,571.94
RTRN002322,ORDR035516,,2024-11-24,Customer changed mind,Rejected,3540.99
RTRN002323,ORDR035518,,2024-11-16,Customer changed mind,Refunded,10099.64
RTRN002324,ORDR035531,,2024-11-23,Wrong product,Refunded,1230.17
RTRN002325,ORDR035534,,2024-11-22,Customer changed mind,Rejected,12113.7
RTRN002326,ORDR035564,,2024-11-15,Customer changed mind,Refunded,242.35
RTRN002327,ORDR035573,,2024-11-20,Size issue,Rejected,398.77
RTRN002328,ORDR035574,,2024-11-21,Wrong product,Refunded,14131.9
RTRN002329,ORDR035600,,2024-11-25,Product not as described,Refunded,755.02
RTRN002330,ORDR035633,,2024-11-24,Product not as described,Refunded,21896.83
RTRN002331,ORDR035637,,2024-11-25,Customer changed mind,Rejected,752.17
RTRN002332,ORDR035673,,2024-11-25,Size issue,Refunded,3247.96
RTRN002333,ORDR035690,,2024-11-18,Customer changed mind,Refunded,3438.27
RTRN002334,ORDR035696,,2024-11-18,Quality issue,Rejected,80320.91
RTRN002335,ORDR035701,,2024-11-29,Quality issue,Rejected,30098.35
RTRN002336,ORDR035736,,2024-11-27,Wrong product,Refunded,845.45
RTRN002337,ORDR035741,,2024-11-24,Damaged product,Refunded,182.87
RTRN002338,ORDR035747,,2024-11-28,Damaged product,Rejected,14014.16
RTRN002339,ORDR035756,,2024-12-01,Quality issue,Rejected,303.23
RTRN002340,ORDR035772,,2024-12-01,Late delivery,Rejected,429.1
RTRN002341,ORDR035778,,2024-11-20,Size issue,Rejected,4700.97
RTRN002342,ORDR035793,,2024-11-19,Damaged product,Refunded,9866.26
RTRN002343,ORDR035811,,2024-12-01,Wrong product,Rejected,3037.36
RTRN002344,ORDR035850,,2024-11-24,Product not as described,Refunded,296.52
RTRN002345,ORDR035871,,2024-11-17,Quality issue,Refunded,223.57
RTRN002346,ORDR035874,,2024-11-27,Quality issue,Refunded,1252.86
RTRN002347,ORDR035896,,2024-11-23,Customer changed mind,Refunded,672.39
RTRN002348,ORDR035897,,2024-11-22,Damaged product,Refunded,912.79
RTRN002349,ORDR035899,,2024-11-23,Size issue,Rejected,1872.34
RTRN002350,ORDR035902,,2024-11-24,Customer changed mind,Refunded,3514.54
RTRN002351,ORDR035906,,2024-11-19,Size issue,Refunded,3281.37
RTRN002352,ORDR035953,,2024-11-25,Size issue,Refunded,3265.37
RTRN002353,ORDR035958,,2024-11-27,Wrong product,Refunded,72449.69
RTRN002354,ORDR035968,,2024-11-25,Wrong product,Refunded,3825.11
RTRN002355,ORDR035969,,2024-11-21,Damaged product,Refunded,56715.34
RTRN002356,ORDR035984,,2024-11-21,Wrong product,Refunded,822.31
RTRN002357,ORDR035986,,2024-11-24,Product not as described,Refunded,7915.78
RTRN002358,ORDR035990,,2024-12-01,Product not as described,Rejected,449.82
RTRN002359,ORDR035995,,2024-12-02,Customer changed mind,Refunded,560.78
RTRN002360,ORDR036001,,2024-11-24,Product not as described,Rejected,7749.98
RTRN002361,ORDR036019,,2024-11-29,Damaged product,Refunded,331.94
RTRN002362,ORDR036053,,2024-11-19,Quality issue,Rejected,8469.73
RTRN002363,ORDR036091,,2024-12-07,Damaged product,Refunded,8188.31
RTRN002364,ORDR036121,,2024-11-30,Size issue,Rejected,528.38
RTRN002365,ORDR036125,,2024-12-03,Wrong product,Refunded,1775.89
RTRN002366,ORDR036163,,2024-12-03,Wrong product,Rejected,393.8
RTRN002367,ORDR036173,,2024-12-01,Wrong product,Refunded,147.01
RTRN002368,ORDR036211,,2024-11-24,Customer changed mind,Rejected,3748.88
RTRN002369,ORDR036240,,2024-11-20,Damaged product,Refunded,4356.3
RTRN002370,ORDR036246,,2024-12-07,Customer changed mind,Refunded,3816.43
RTRN002371,ORDR036252,,2024-11-25,Size issue,Rejected,3699.68
RTRN002372,ORDR036323,,2024-11-20,Customer changed mind,Refunded,6450.79
RTRN002373,ORDR036324,,2024-11-23,Damaged product,Refunded,1105.7
RTRN002374,ORDR036350,,2024-11-29,Damaged product,Rejected,15860.77
RTRN002375,ORDR036358,,2024-11-27,Customer changed mind,Refunded,2904.52
RTRN002376,ORDR036377,,2024-12-01,Product not as described,Rejected,714.86
RTRN002377,ORDR036386,,2024-12-05,Size issue,Refunded,1492.76
RTRN002378,ORDR036388,,2024-11-29,Size issue,Refunded,2305.0
RTRN002379,ORDR036389,,2024-11-24,Wrong product,Rejected,3161.02
RTRN002380,ORDR036440,,2024-12-02,Customer changed mind,Rejected,354.72
RTRN002381,ORDR036441,,2024-11-20,Wrong product,Refunded,2113.6
RTRN002382,ORDR036451,,2024-12-04,Size issue,Refunded,710.28
RTRN002383,ORDR036465,,2024-11-23,Quality issue,Rejected,604.99
RTRN002384,ORDR036469,,2024-11-17,Wrong product,Refunded,476.72
RTRN002385,ORDR036492,,2024-11-24,Quality issue,Refunded,6139.31
RTRN002386,ORDR036520,,2024-11-25,Product not as described,Refunded,5295.62
RTRN002387,ORDR036528,,2024-12-05,Damaged product,Refunded,8015.2
RTRN002388,ORDR036539,,2024-11-27,Customer changed mind,Rejected,2998.32
RTRN002389,ORDR036551,,2024-11-28,Customer changed mind,Refunded,2129.43
RTRN002390,ORDR036561,,2024-12-02,Product not as described,Refunded,523.34
RTRN002391,ORDR036587,,2024-12-01,Product not as described,Refunded,2622.8
RTRN002392,ORDR036625,,2024-12-03,Size issue,Refunded,3617.06
RTRN002393,ORDR036657,,2024-12-01,Customer changed mind,Rejected,82504.85
RTRN002394,ORDR036658,,2024-11-20,Damaged product,Refunded,776.03
RTRN002395,ORDR036691,,2024-11-24,Product not as described,Refunded,3305.41
RTRN002396,ORDR036696,,2024-11-28,Size issue,Refunded,17690.79
RTRN002397,ORDR036703,,2024-12-02,Product not as described,Refunded,192.51
RTRN002398,ORDR036742,,2024-11-25,Customer changed mind,Refunded,20216.91
RTRN002399,ORDR036748,,2024-12-06,Wrong product,Refunded,15965.01
RTRN002400,ORDR036756,,2024-11-30,Customer changed mind,Refunded,827.58
RTRN002401,ORDR036779,,2024-12-04,Customer changed mind,Refunded,1157.5
RTRN002402,ORDR036784,,2024-12-08,Wrong product,Refunded,1003.06
RTRN002403,ORDR036797,,2024-11-25,Size issue,Refunded,5292.11
RTRN002404,ORDR036806,,2024-11-28,Quality issue,Refunded,336.97
RTRN002405,ORDR036807,,2024-11-22,Product not as described,Refunded,45765.7
RTRN002406,ORDR036833,,2024-12-01,Customer changed mind,Refunded,15209.66
RTRN002407,ORDR036844,,2024-11-24,Wrong product,Refunded,4031.51
RTRN002408,ORDR036859,,2024-11-24,Size issue,Refunded,579.25
RTRN002409,ORDR036879,,2024-12-02,Damaged product,Rejected,3425.08
RTRN002410,ORDR036882,,2024-12-01,Customer changed mind,Rejected,1855.12
RTRN002411,ORDR036885,,2024-11-24,Damaged product,Rejected,2703.84
RTRN002412,ORDR036943,,2024-12-04,Product not as described,Refunded,4018.93
RTRN002413,ORDR036944,,2024-12-02,Product not as described,Rejected,3250.38
RTRN002414,ORDR036946,,2024-12-03,Customer changed mind,Rejected,3284.47
RTRN002415,ORDR036951,,2024-11-28,Size issue,Rejected,3977.77
RTRN002416,ORDR036964,,2024-11-27,Late delivery,Refunded,3999.14
RTRN002417,ORDR036971,,2024-12-06,Customer changed mind,Rejected,297.94
RTRN002418,ORDR036983,,2024-12-05,Quality issue,Refunded,7853.86
RTRN002419,ORDR036991,,2024-12-11,Customer changed mind,Refunded,37567.52
RTRN002420,ORDR037017,,2024-12-03,Late delivery,Refunded,5559.71
RTRN002421,ORDR037023,,2024-12-06,Damaged product,Refunded,588.97
RTRN002422,ORDR037025,,2024-11-27,Quality issue,Refunded,5020.22
RTRN002423,ORDR037033,,2024-12-01,Product not as described,Refunded,19463.18
RTRN002424,ORDR037063,,2024-11-29,Damaged product,Refunded,70981.7
RTRN002425,ORDR037079,,2024-11-29,Size issue,Refunded,521.63
RTRN002426,ORDR037096,,2024-12-01,Size issue,Rejected,1846.5
RTRN002427,ORDR037132,,2024-12-07,Product not as described,Refunded,8991.46
RTRN002428,ORDR037144,,2024-12-07,Quality issue,Refunded,201.72
RTRN002429,ORDR037150,,2024-12-03,Damaged product,Refunded,266.91
RTRN002430,ORDR037183,,2024-12-05,Quality issue,Refunded,2265.77
RTRN002431,ORDR037193,,2024-12-08,Damaged product,Rejected,8595.03
RTRN002432,ORDR037238,,2024-11-27,Customer changed mind,Refunded,5644.5
RTRN002433,ORDR037245,,2024-11-27,Customer changed mind,Refunded,2013.82
RTRN002434,ORDR037255,,2024-11-30,Product not as described,Refunded,17681.51
RTRN002435,ORDR037316,,2024-12-02,Quality issue,Rejected,404.11
RTRN002436,ORDR037334,,2024-12-04,Quality issue,Refunded,8573.1
RTRN002437,ORDR037337,,2024-12-04,Size issue,Refunded,4439.87
RTRN002438,ORDR037351,,2024-12-03,Customer changed mind,Refunded,6135.45
RTRN002439,ORDR037357,,2024-11-28,Quality issue,Refunded,83506.83
RTRN002440,ORDR037359,,2024-12-03,Size issue,Rejected,13861.46
RTRN002441,ORDR037375,,2024-12-12,Quality issue,Rejected,37316.16
RTRN002442,ORDR037401,,2024-12-04,Product not as described,Refunded,5900.74
RTRN002443,ORDR037407,,2024-12-08,Size issue,Refunded,1920.15
RTRN002444,ORDR037448,,2024-11-26,Damaged product,Refunded,1790.21
RTRN002445,ORDR037469,,2024-12-11,Customer changed mind,Refunded,4945.81
RTRN002446,ORDR037471,,2024-12-05,Damaged product,Refunded,700.37
RTRN002447,ORDR037502,,2024-12-04,Damaged product,Refunded,4464.41
RTRN002448,ORDR037518,,2024-12-13,Late delivery,Rejected,36790.21
RTRN002449,ORDR037579,,2024-12-07,Customer changed mind,Rejected,4904.1
RTRN002450,ORDR037585,,2024-12-12,Customer changed mind,Refunded,3025.56
RTRN002451,ORDR037594,,2024-12-05,Product not as described,Refunded,1378.2
RTRN002452,ORDR037603,,2024-12-13,Wrong product,Refunded,283.68
RTRN002453,ORDR037615,,2024-12-13,Wrong product,Rejected,740.45
RTRN002454,ORDR037616,,2024-12-11,Damaged product,Refunded,21012.47
RTRN002455,ORDR037634,,2024-12-07,Size issue,Refunded,298.88
RTRN002456,ORDR037648,,2024-12-05,Wrong product,Refunded,621.85
RTRN002457,ORDR037654,,2024-12-09,Quality issue,Refunded,186.83
RTRN002458,ORDR037667,,2024-11-27,Customer changed mind,Refunded,273.42
RTRN002459,ORDR037671,,2024-12-11,Wrong product,Refunded,1201.2
RTRN002460,ORDR037690,,2024-12-12,Customer changed mind,Refunded,4398.61
RTRN002461,ORDR037722,,2024-12-14,Quality issue,Refunded,1957.93
RTRN002462,ORDR037745,,2024-12-17,Wrong product,Refunded,517.02
RTRN002463,ORDR037756,,2024-12-02,Quality issue,Rejected,13059.88
RTRN002464,ORDR037768,,2024-12-09,Quality issue,Rejected,15117.79
RTRN002465,ORDR037775,,2024-12-01,Damaged product,Rejected,11711.85
RTRN002466,ORDR037787,,2024-12-10,Size issue,Refunded,6650.14
RTRN002467,ORDR037804,,2024-12-16,Wrong product,Refunded,192.29
RTRN002468,ORDR037845,,2024-12-08,Damaged product,Refunded,222.03
RTRN002469,ORDR037894,,2024-12-11,Damaged product,Refunded,74266.67
RTRN002470,ORDR037897,,2024-12-06,Damaged product,Rejected,16444.91
RTRN002471,ORDR037930,,2024-12-09,Damaged product,Refunded,161325.38
RTRN002472,ORDR037933,,2024-12-05,Late delivery,Refunded,322.57
RTRN002473,ORDR037973,,2024-12-13,Wrong product,Refunded,26102.58
RTRN002474,ORDR038001,,2024-12-08,Wrong product,Refunded,973.21
RTRN002475,ORDR038033,,2024-12-14,Quality issue,Refunded,516.7
RTRN002476,ORDR038036,,2024-12-03,Late delivery,Rejected,10576.43
RTRN002477,ORDR038045,,2024-12-12,Quality issue,Rejected,10557.65
RTRN002478,ORDR038067,,2024-12-11,Wrong product,Rejected,9667.37
RTRN002479,ORDR038091,,2024-12-07,Product not as described,Rejected,74518.24
RTRN002480,ORDR038106,,2024-12-06,Wrong product,Refunded,738.78
RTRN002481,ORDR038108,,2024-12-06,Product not as described,Rejected,22946.71
RTRN002482,ORDR038121,,2024-12-18,Product not as described,Refunded,5903.73
RTRN002483,ORDR038170,,2024-12-07,Quality issue,Refunded,1990.56
RTRN002484,ORDR038174,,2024-12-10,Damaged product,Refunded,298.74
RTRN002485,ORDR038207,,2024-12-15,Product not as described,Refunded,8192.51
RTRN002486,ORDR038214,,2024-12-21,Product not as described,Refunded,1252.31
RTRN002487,ORDR038215,,2024-12-16,Wrong product,Rejected,1311.6
RTRN002488,ORDR038243,,2024-12-25,Quality issue,Refunded,167054.97
RTRN002489,ORDR038262,,2024-12-16,Wrong product,Refunded,34635.03
RTRN002490,ORDR038291,,2024-12-06,Customer changed mind,Rejected,3947.32
RTRN002491,ORDR038313,,2024-12-11,Wrong product,Refunded,11539.11
RTRN002492,ORDR038319,,2024-12-22,Customer changed mind,Refunded,27367.17
RTRN002493,ORDR038335,,2024-12-17,Quality issue,Refunded,1280.66
RTRN002494,ORDR038349,,2024-12-16,Quality issue,Refunded,1919.66
RTRN002495,ORDR038371,,2024-12-24,Size issue,Rejected,4347.05
RTRN002496,ORDR038392,,2024-12-15,Size issue,Rejected,3782.07
RTRN002497,ORDR038405,,2024-12-11,Quality issue,Refunded,1691.46
RTRN002498,ORDR038465,,2024-12-22,Quality issue,Refunded,1168.96
RTRN002499,ORDR038469,,2024-12-22,Customer changed mind,Refunded,2570.34
RTRN002500,ORDR038486,,2024-12-19,Wrong product,Refunded,1766.9
RTRN002501,ORDR038506,,2024-12-17,Late delivery,Refunded,5244.96
RTRN002502,ORDR038534,,2024-12-20,Wrong product,Refunded,49655.11
RTRN002503,ORDR038567,,2024-12-10,Quality issue,Refunded,10599.66
RTRN002504,ORDR038575,,2024-12-17,Damaged product,Refunded,5317.03
RTRN002505,ORDR038577,,2024-12-16,Size issue,Refunded,6175.05
RTRN002506,ORDR038587,,2024-12-10,Wrong product,Rejected,16982.81
RTRN002507,ORDR038594,,2024-12-22,Quality issue,Refunded,2290.02
RTRN002508,ORDR038612,,2024-12-17,Quality issue,Refunded,1158.3
RTRN002509,ORDR038623,,2024-12-17,Damaged product,Refunded,54.24
RTRN002510,ORDR038624,,2024-12-16,Damaged product,Rejected,71653.58
RTRN002511,ORDR038656,,2024-12-23,Product not as described,Refunded,368.46
RTRN002512,ORDR038666,,2024-12-18,Damaged product,Rejected,45942.44
RTRN002513,ORDR038674,,2024-12-13,Damaged product,Refunded,10502.62
RTRN002514,ORDR038682,,2024-12-28,Size issue,Refunded,1881.35
RTRN002515,ORDR038723,,2024-12-23,Customer changed mind,Refunded,641.88
RTRN002516,ORDR038794,,2025-01-01,Damaged product,Refunded,4344.54
RTRN002517,ORDR038809,,2024-12-14,Wrong product,Refunded,13335.16
RTRN002518,ORDR038838,,2024-12-18,Product not as described,Refunded,65974.17
RTRN002519,ORDR038847,,2024-12-16,Wrong product,Refunded,5803.77
RTRN002520,ORDR038859,,2024-12-18,Quality issue,Refunded,7008.61
RTRN002521,ORDR038860,,2024-12-25,Wrong product,Rejected,8164.11
RTRN002522,ORDR038863,,2024-12-27,Damaged product,Refunded,27171.93
RTRN002523,ORDR038914,,2024-12-25,Quality issue,Refunded,6783.21
RTRN002524,ORDR038953,,2024-12-21,Damaged product,Refunded,1469.02
RTRN002525,ORDR038954,,2024-12-21,Customer changed mind,Refunded,900.66
RTRN002526,ORDR038964,,2024-12-14,Late delivery,Refunded,22598.36
RTRN002527,ORDR038983,,2024-12-13,Customer changed mind,Rejected,13078.15
RTRN002528,ORDR039002,,2024-12-28,Wrong product,Refunded,2315.18
RTRN002529,ORDR039010,,2024-12-17,Size issue,Rejected,1108.4
RTRN002530,ORDR039022,,2024-12-20,Damaged product,Rejected,1959.7
RTRN002531,ORDR039052,,2024-12-23,Damaged product,Refunded,228.43
RTRN002532,ORDR039055,,2024-12-25,Product not as described,Rejected,913.63
RTRN002533,ORDR039057,,2024-12-16,Damaged product,Rejected,75988.03
RTRN002534,ORDR039114,,2024-12-30,Wrong product,Rejected,21718.54
RTRN002535,ORDR039142,,2024-12-19,Product not as described,Rejected,4719.73
RTRN002536,ORDR039147,,2024-12-25,Quality issue,Refunded,13433.3
RTRN002537,ORDR039153,,2024-12-25,Quality issue,Rejected,23439.86
RTRN002538,ORDR039155,,2024-12-25,Wrong product,Rejected,4587.95
RTRN002539,ORDR039157,,2024-12-14,Customer changed mind,Refunded,16654.41
RTRN002540,ORDR039164,,2024-12-24,Product not as described,Refunded,1172.56
RTRN002541,ORDR039184,,2024-12-26,Customer changed mind,Refunded,17354.23
RTRN002542,ORDR039239,,2024-12-26,Product not as described,Refunded,2206.54
RTRN002543,ORDR039244,,2024-12-26,Wrong product,Refunded,28743.77
RTRN002544,ORDR039250,,2024-12-21,Product not as described,Refunded,3607.49
RTRN002545,ORDR039258,,2024-12-20,Wrong product,Rejected,746.12
RTRN002546,ORDR039272,,2024-12-22,Size issue,Refunded,864.6
RTRN002547,ORDR039279,,2024-12-28,Customer changed mind,Rejected,28224.82
RTRN002548,ORDR039297,,2024-12-19,Quality issue,Refunded,21946.91
RTRN002549,ORDR039319,,2024-12-29,Customer changed mind,Refunded,1101.6
RTRN002550,ORDR039320,,2024-12-30,Product not as described,Refunded,351.11
RTRN002551,ORDR039326,,2024-12-21,Customer changed mind,Refunded,701.2
RTRN002552,ORDR039337,,2024-12-23,Wrong product,Refunded,604.48
RTRN002553,ORDR039353,,2024-12-15,Customer changed mind,Refunded,2022.44
RTRN002554,ORDR039355,,2024-12-26,Quality issue,Refunded,1598.22
RTRN002555,ORDR039368,,2025-01-01,Product not as described,Refunded,5541.32
RTRN002556,ORDR039374,,2024-12-24,Quality issue,Refunded,36336.95
RTRN002557,ORDR039397,,2024-12-21,Product not as described,Refunded,606.42
RTRN002558,ORDR039422,,2024-12-30,Quality issue,Refunded,52.37
RTRN002559,ORDR039425,,2024-12-28,Wrong product,Refunded,2993.65
RTRN002560,ORDR039429,,2025-01-01,Customer changed mind,Refunded,1180.42
RTRN002561,ORDR039467,,2024-12-30,Wrong product,Refunded,1101.25
RTRN002562,ORDR039471,,2024-12-23,Customer changed mind,Refunded,432.82
RTRN002563,ORDR039480,,2024-12-23,Damaged product,Refunded,3371.88
RTRN002564,ORDR039485,,2024-12-31,Product not as described,Refunded,4793.73
RTRN002565,ORDR039488,,2024-12-25,Product not as described,Rejected,10164.66
RTRN002566,ORDR039500,,2024-12-24,Customer changed mind,Rejected,4285.06
RTRN002567,ORDR039503,,2024-12-18,Quality issue,Refunded,5627.29
RTRN002568,ORDR039514,,2024-12-27,Product not as described,Rejected,6178.17
RTRN002569,ORDR039545,,2024-12-27,Product not as described,Refunded,5489.16
RTRN002570,ORDR039548,,2024-12-31,Size issue,Rejected,3910.25
RTRN002571,ORDR039580,,2024-12-24,Product not as described,Refunded,100191.91
RTRN002572,ORDR039596,,2024-12-20,Customer changed mind,Refunded,42320.35
RTRN002573,ORDR039598,,2024-12-24,Size issue,Refunded,1714.34
RTRN002574,ORDR039599,,2024-12-29,Customer changed mind,Rejected,33334.5
RTRN002575,ORDR039611,,2024-12-25,Quality issue,Refunded,19817.1
RTRN002576,ORDR039618,,2025-01-01,Damaged product,Refunded,6994.6
RTRN002577,ORDR039645,,2024-12-21,Customer changed mind,Refunded,6458.55
RTRN002578,ORDR039654,,2025-01-03,Damaged product,Refunded,3421.23
RTRN002579,ORDR039658,,2024-12-25,Quality issue,Refunded,2297.27
RTRN002580,ORDR039692,,2024-12-23,Customer changed mind,Rejected,9596.05
RTRN002581,ORDR039695,,2024-12-28,Product not as described,Rejected,16974.58
RTRN002582,ORDR039704,,2024-12-30,Damaged product,Refunded,1097.2
RTRN002583,ORDR039716,,2024-12-29,Quality issue,Refunded,3642.2
RTRN002584,ORDR039721,,2024-12-27,Product not as described,Rejected,796.12
RTRN002585,ORDR039740,,2024-12-25,Size issue,Refunded,16168.62
RTRN002586,ORDR039743,,2024-12-24,Product not as described,Rejected,5609.33
RTRN002587,ORDR039744,,2024-12-25,Product not as described,Rejected,7383.45
RTRN002588,ORDR039798,,2025-01-06,Damaged product,Refunded,3174.94
RTRN002589,ORDR039812,,2025-01-01,Customer changed mind,Refunded,2169.91
RTRN002590,ORDR039847,,2024-12-29,Size issue,Refunded,4040.9
RTRN002591,ORDR039850,,2024-12-20,Damaged product,Refunded,3236.9
RTRN002592,ORDR039854,,2024-12-23,Damaged product,Refunded,204.51
RTRN002593,ORDR039865,,2024-12-31,Quality issue,Rejected,276.64
RTRN002594,ORDR039870,,2025-01-04,Customer changed mind,Refunded,9061.3
RTRN002595,ORDR039896,,2024-12-29,Damaged product,Refunded,13907.78
RTRN002596,ORDR039909,,2024-12-20,Damaged product,Refunded,180.32
RTRN002597,ORDR039913,,2024-12-23,Quality issue,Rejected,158908.12
RTRN002598,ORDR039938,,2025-01-06,Size issue,Refunded,4053.12
RTRN002599,ORDR039958,,2025-01-10,Size issue,Refunded,1230.93
RTRN002600,ORDR039971,,2025-01-05,Size issue,Refunded,2573.25
RTRN002601,ORDR040003,,2025-01-03,Customer changed mind,Refunded,8560.01
RTRN002602,ORDR040021,,2025-01-07,Wrong product,Refunded,1012.21
RTRN002603,ORDR040029,,2024-12-27,Size issue,Rejected,3882.95
RTRN002604,ORDR040052,,2025-01-01,Customer changed mind,Refunded,1676.71
RTRN002605,ORDR040057,,2025-01-07,Size issue,Rejected,1264.85
RTRN002606,ORDR040090,,2024-12-26,Size issue,Rejected,917.59
RTRN002607,ORDR040111,,2024-12-30,Customer changed mind,Rejected,24617.19
RTRN002608,ORDR040113,,2025-01-01,Product not as described,Refunded,1813.54
RTRN002609,ORDR040117,,2024-12-23,Size issue,Rejected,5002.7
RTRN002610,ORDR040124,,2025-01-07,Product not as described,Refunded,16632.61
RTRN002611,ORDR040126,,2024-12-28,Wrong product,Rejected,1903.82
RTRN002612,ORDR040159,,2024-12-30,Size issue,Rejected,945.97
RTRN002613,ORDR040192,,2024-12-26,Damaged product,Refunded,3885.79
RTRN002614,ORDR040194,,2025-01-02,Damaged product,Refunded,32649.75
RTRN002615,ORDR040195,,2024-12-23,Wrong product,Refunded,978.22
RTRN002616,ORDR040196,,2025-01-05,Quality issue,Refunded,21070.86
RTRN002617,ORDR040210,,2025-01-01,Product not as described,Refunded,20710.17
RTRN002618,ORDR040213,,2025-01-08,Wrong product,Refunded,23657.34
RTRN002619,ORDR040216,,2025-01-04,Product not as described,Rejected,28055.12
RTRN002620,ORDR040222,,2024-12-30,Product not as described,Refunded,2526.1
RTRN002621,ORDR040232,,2024-12-27,Product not as described,Refunded,74205.88
RTRN002622,ORDR040241,,2025-01-05,Size issue,Refunded,1572.45
RTRN002623,ORDR040259,,2024-12-22,Late delivery,Refunded,975.18
RTRN002624,ORDR040272,,2025-01-04,Product not as described,Refunded,6175.8
RTRN002625,ORDR040285,,2025-01-02,Size issue,Refunded,46325.79
RTRN002626,ORDR040308,,2025-01-06,Damaged product,Refunded,2225.04
RTRN002627,ORDR040328,,2025-01-11,Product not as described,Refunded,6955.57
RTRN002628,ORDR040359,,2025-01-08,Product not as described,Refunded,5018.56
RTRN002629,ORDR040371,,2025-01-01,Quality issue,Rejected,21823.33
RTRN002630,ORDR040372,,2024-12-28,Damaged product,Rejected,2192.66
RTRN002631,ORDR040380,,2025-01-01,Wrong product,Rejected,684.97
RTRN002632,ORDR040384,,2025-01-05,Product not as described,Rejected,1127.93
RTRN002633,ORDR040395,,2025-01-02,Customer changed mind,Refunded,746.65
RTRN002634,ORDR040398,,2024-12-27,Customer changed mind,Refunded,13167.02
RTRN002635,ORDR040410,,2025-01-10,Damaged product,Refunded,74356.58
RTRN002636,ORDR040435,,2024-12-30,Product not as described,Refunded,3383.9
RTRN002637,ORDR040437,,2024-12-27,Quality issue,Refunded,1709.05
RTRN002638,ORDR040469,,2024-12-29,Damaged product,Rejected,83.12
RTRN002639,ORDR040477,,2025-01-04,Customer changed mind,Refunded,1217.43
RTRN002640,ORDR040489,,2025-01-08,Quality issue,Rejected,367.21
RTRN002641,ORDR040493,,2025-01-01,Damaged product,Refunded,43.63
RTRN002642,ORDR040512,,2024-12-31,Damaged product,Rejected,886.9
RTRN002643,ORDR040519,,2025-01-08,Late delivery,Refunded,311.31
RTRN002644,ORDR040528,,2024-12-30,Customer changed mind,Rejected,5153.14
RTRN002645,ORDR040533,,2025-01-09,Wrong product,Refunded,28625.46
RTRN002646,ORDR040546,,2024-12-23,Size issue,Refunded,205.79
RTRN002647,ORDR040553,,2024-12-29,Quality issue,Rejected,6704.61
RTRN002648,ORDR040554,,2024-12-31,Damaged product,Refunded,406.43
RTRN002649,ORDR040557,,2024-12-31,Damaged product,Refunded,37601.9
RTRN002650,ORDR040574,,2025-01-07,Damaged product,Refunded,32363.87
RTRN002651,ORDR040591,,2025-01-04,Quality issue,Rejected,33706.41
RTRN002652,ORDR040595,,2025-01-05,Product not as described,Refunded,2435.68
RTRN002653,ORDR040615,,2025-01-02,Quality issue,Refunded,15368.74
RTRN002654,ORDR040624,,2025-01-02,Customer changed mind,Refunded,22096.4
RTRN002655,ORDR040687,,2025-01-01,Quality issue,Refunded,2417.66
RTRN002656,ORDR040702,,2025-01-08,Wrong product,Refunded,3305.55
RTRN002657,ORDR040704,,2025-01-12,Damaged product,Rejected,37351.96
RTRN002658,ORDR040713,,2025-01-01,Quality issue,Rejected,43.61
RTRN002659,ORDR040751,,2025-01-02,Customer changed mind,Refunded,1069.72
RTRN002660,ORDR040789,,2024-12-30,Quality issue,Refunded,515.93
RTRN002661,ORDR040804,,2025-01-07,Wrong product,Refunded,41510.06
RTRN002662,ORDR040805,,2025-01-07,Customer changed mind,Refunded,659.44
RTRN002663,ORDR040820,,2025-01-08,Wrong product,Rejected,16082.83
RTRN002664,ORDR040832,,2024-12-31,Quality issue,Refunded,190.77
RTRN002665,ORDR040844,,2025-01-10,Size issue,Rejected,3583.86
RTRN002666,ORDR040851,,2025-01-05,Quality issue,Refunded,7983.18
RTRN002667,ORDR040865,,2025-01-08,Quality issue,Rejected,3303.53
RTRN002668,ORDR040867,,2025-01-14,Wrong product,Refunded,324.79
RTRN002669,ORDR040875,,2024-12-31,Wrong product,Refunded,30102.23
RTRN002670,ORDR040893,,2025-01-01,Quality issue,Refunded,32924.85
RTRN002671,ORDR040919,,2024-12-26,Size issue,Refunded,5392.4
RTRN002672,ORDR040929,,2025-01-01,Size issue,Refunded,308.84
RTRN002673,ORDR040962,,2024-12-31,Damaged product,Refunded,7195.15
RTRN002674,ORDR040974,,2025-01-05,Damaged product,Refunded,6465.22
RTRN002675,ORDR040981,,2024-12-30,Damaged product,Refunded,39458.77
RTRN002676,ORDR040987,,2025-01-11,Product not as described,Refunded,778.33
RTRN002677,ORDR040989,,2025-01-09,Customer changed mind,Refunded,8829.37
RTRN002678,ORDR040992,,2025-01-08,Quality issue,Refunded,7834.62
RTRN002679,ORDR040999,,2025-01-01,Size issue,Refunded,1344.48
RTRN002680,ORDR041010,,2024-12-29,Quality issue,Refunded,3547.44
RTRN002681,ORDR041042,,2024-12-31,Wrong product,Refunded,377.78
RTRN002682,ORDR041081,,2025-01-06,Wrong product,Refunded,21735.51
RTRN002683,ORDR041111,,2025-01-13,Customer changed mind,Rejected,452.64
RTRN002684,ORDR041120,,2025-01-01,Customer changed mind,Refunded,31996.93
RTRN002685,ORDR041139,,2025-01-01,Wrong product,Refunded,11708.03
RTRN002686,ORDR041154,,2025-01-03,Wrong product,Refunded,825.33
RTRN002687,ORDR041155,,2025-01-13,Product not as described,Refunded,453.48
RTRN002688,ORDR041156,,2025-01-06,Quality issue,Refunded,6053.9
RTRN002689,ORDR041193,,2025-01-07,Product not as described,Refunded,9274.18
RTRN002690,ORDR041235,,2025-01-08,Customer changed mind,Refunded,423.65
RTRN002691,ORDR041263,,2024-12-30,Quality issue,Refunded,22588.46
RTRN002692,ORDR041279,,2025-01-03,Wrong product,Refunded,2172.91
RTRN002693,ORDR041283,,2025-01-06,Customer changed mind,Refunded,1330.79
RTRN002694,ORDR041327,,2025-01-08,Customer changed mind,Refunded,15059.35
RTRN002695,ORDR041370,,2025-01-14,Damaged product,Rejected,36363.3
RTRN002696,ORDR041373,,2025-01-04,Product not as described,Rejected,265.14
RTRN002697,ORDR041411,,2025-01-01,Quality issue,Refunded,14918.89
RTRN002698,ORDR041420,,2025-01-06,Late delivery,Refunded,111281.72
RTRN002699,ORDR041478,,2025-01-12,Size issue,Refunded,367.45
RTRN002700,ORDR041500,,2025-01-10,Size issue,Refunded,6955.1
RTRN002701,ORDR041526,,2025-01-04,Wrong product,Refunded,748.27
RTRN002702,ORDR041528,,2025-01-01,Damaged product,Refunded,3013.85
RTRN002703,ORDR041563,,2025-01-12,Size issue,Refunded,6621.13
RTRN002704,ORDR041569,,2025-01-13,Customer changed mind,Refunded,11387.64
RTRN002705,ORDR041570,,2025-01-01,Wrong product,Refunded,1048.22
RTRN002706,ORDR041578,,2025-01-17,Quality issue,Refunded,6291.17
RTRN002707,ORDR041602,,2025-01-10,Wrong product,Refunded,55098.73
RTRN002708,ORDR041606,,2025-01-09,Product not as described,Refunded,14730.47
RTRN002709,ORDR041656,,2025-01-07,Customer changed mind,Rejected,21397.41
RTRN002710,ORDR041672,,2025-01-09,Quality issue,Refunded,185.16
RTRN002711,ORDR041690,,2025-01-14,Wrong product,Rejected,3679.24
RTRN002712,ORDR041698,,2025-01-09,Damaged product,Refunded,274.61
RTRN002713,ORDR041709,,2025-01-09,Quality issue,Refunded,1624.46
RTRN002714,ORDR041713,,2025-01-20,Product not as described,Refunded,1444.8
RTRN002715,ORDR041718,,2025-01-17,Customer changed mind,Refunded,4357.29
RTRN002716,ORDR041726,,2025-01-03,Quality issue,Rejected,581.22
RTRN002717,ORDR041738,,2025-01-05,Damaged product,Refunded,15499.77
RTRN002718,ORDR041749,,2025-01-15,Size issue,Rejected,2336.8
RTRN002719,ORDR041774,,2025-01-07,Wrong product,Refunded,510.15
RTRN002720,ORDR041778,,2025-01-13,Product not as described,Rejected,2629.65
RTRN002721,ORDR041791,,2025-01-03,Wrong product,Refunded,15581.98
RTRN002722,ORDR041800,,2025-01-04,Customer changed mind,Refunded,7306.59
RTRN002723,ORDR041808,,2025-01-07,Customer changed mind,Refunded,409.77
RTRN002724,ORDR041817,,2025-01-15,Wrong product,Rejected,5230.66
RTRN002725,ORDR041827,,2025-01-06,Quality issue,Refunded,497.94
RTRN002726,ORDR041834,,2025-01-08,Product not as described,Rejected,20189.83
RTRN002727,ORDR041835,,2025-01-14,Wrong product,Refunded,855.07
RTRN002728,ORDR041836,,2025-01-03,Wrong product,Refunded,1093.7
RTRN002729,ORDR041848,,2025-01-10,Size issue,Refunded,3591.54
RTRN002730,ORDR041866,,2025-01-08,Wrong product,Refunded,2924.02
RTRN002731,ORDR041877,,2025-01-18,Product not as described,Refunded,3631.06
RTRN002732,ORDR041878,,2025-01-09,Product not as described,Refunded,1383.71
RTRN002733,ORDR041915,,2025-01-09,Customer changed mind,Refunded,377.84
RTRN002734,ORDR041921,,2025-01-16,Customer changed mind,Refunded,1234.06
RTRN002735,ORDR042015,,2025-01-18,Product not as described,Rejected,11691.12
RTRN002736,ORDR042029,,2025-01-08,Size issue,Rejected,3895.14
RTRN002737,ORDR042033,,2025-01-15,Customer changed mind,Refunded,476.41
RTRN002738,ORDR042090,,2025-01-05,Wrong product,Refunded,15407.16
RTRN002739,ORDR042114,,2025-01-23,Customer changed mind,Refunded,214.65
RTRN002740,ORDR042117,,2025-01-23,Damaged product,Refunded,603.99
RTRN002741,ORDR042127,,2025-01-19,Product not as described,Refunded,9469.23
RTRN002742,ORDR042137,,2025-01-10,Wrong product,Refunded,8725.9
RTRN002743,ORDR042138,,2025-01-14,Wrong product,Refunded,14327.14
RTRN002744,ORDR042155,,2025-01-15,Quality issue,Refunded,282.07
RTRN002745,ORDR042171,,2025-01-05,Product not as described,Refunded,19564.87
RTRN002746,ORDR042191,,2025-01-15,Product not as described,Rejected,62295.1
RTRN002747,ORDR042215,,2025-01-07,Size issue,Refunded,854.73
RTRN002748,ORDR042222,,2025-01-15,Quality issue,Rejected,4133.72
RTRN002749,ORDR042247,,2025-01-09,Quality issue,Refunded,23437.23
RTRN002750,ORDR042284,,2025-01-15,Product not as described,Refunded,3552.0
RTRN002751,ORDR042320,,2025-01-13,Quality issue,Refunded,744.93
RTRN002752,ORDR042330,,2025-01-06,Quality issue,Refunded,6803.95
RTRN002753,ORDR042340,,2025-01-06,Product not as described,Refunded,1805.66
RTRN002754,ORDR042359,,2025-01-08,Wrong product,Refunded,3712.78
RTRN002755,ORDR042392,,2025-01-21,Product not as described,Refunded,261.63
RTRN002756,ORDR042398,,2025-01-11,Quality issue,Rejected,24547.21
RTRN002757,ORDR042400,,2025-01-24,Damaged product,Rejected,52804.02
RTRN002758,ORDR042406,,2025-01-18,Customer changed mind,Refunded,10574.0
RTRN002759,ORDR042415,,2025-01-11,Quality issue,Rejected,5723.58
RTRN002760,ORDR042445,,2025-01-08,Quality issue,Refunded,756.19
RTRN002761,ORDR042461,,2025-01-13,Customer changed mind,Rejected,853.19
RTRN002762,ORDR042474,,2025-01-22,Damaged product,Refunded,940.86
RTRN002763,ORDR042493,,2025-01-14,Damaged product,Refunded,533.98
RTRN002764,ORDR042503,,2025-01-11,Size issue,Rejected,924.11
RTRN002765,ORDR042506,,2025-01-12,Size issue,Refunded,4543.0
RTRN002766,ORDR042508,,2025-01-15,Quality issue,Refunded,2333.05
RTRN002767,ORDR042522,,2025-01-30,Wrong product,Refunded,4824.95
RTRN002768,ORDR042523,,2025-01-16,Quality issue,Refunded,25583.86
RTRN002769,ORDR042536,,2025-01-16,Quality issue,Refunded,41799.19
RTRN002770,ORDR042547,,2025-01-22,Quality issue,Refunded,2954.71
RTRN002771,ORDR042549,,2025-01-07,Quality issue,Rejected,3965.23
RTRN002772,ORDR042562,,2025-01-18,Quality issue,Refunded,196.6
RTRN002773,ORDR042571,,2025-01-19,Wrong product,Rejected,25893.24
RTRN002774,ORDR042576,,2025-01-14,Damaged product,Refunded,34584.03
RTRN002775,ORDR042588,,2025-01-17,Size issue,Refunded,11169.41
RTRN002776,ORDR042664,,2025-01-24,Wrong product,Refunded,991.14
RTRN002777,ORDR042708,,2025-01-21,Quality issue,Refunded,949.19
RTRN002778,ORDR042751,,2025-01-16,Quality issue,Refunded,35469.62
RTRN002779,ORDR042757,,2025-01-17,Quality issue,Refunded,8030.8
RTRN002780,ORDR042810,,2025-01-11,Damaged product,Refunded,3327.87
RTRN002781,ORDR042848,,2025-01-22,Damaged product,Refunded,6514.52
RTRN002782,ORDR042856,,2025-01-11,Quality issue,Refunded,1289.84
RTRN002783,ORDR042860,,2025-01-24,Size issue,Refunded,5026.7
RTRN002784,ORDR042864,,2025-01-18,Damaged product,Rejected,2403.08
RTRN002785,ORDR042868,,2025-01-14,Quality issue,Refunded,2962.68
RTRN002786,ORDR042875,,2025-01-25,Damaged product,Refunded,15388.51
RTRN002787,ORDR042889,,2025-01-17,Wrong product,Refunded,3145.06
RTRN002788,ORDR042899,,2025-01-21,Quality issue,Refunded,57511.04
RTRN002789,ORDR042927,,2025-01-25,Customer changed mind,Refunded,144.0
RTRN002790,ORDR042946,,2025-01-29,Damaged product,Refunded,7652.14
RTRN002791,ORDR042955,,2025-01-19,Quality issue,Refunded,74084.2
RTRN002792,ORDR042967,,2025-01-17,Product not as described,Rejected,82489.07
RTRN002793,ORDR042968,,2025-01-19,Size issue,Refunded,7553.36
RTRN002794,ORDR042976,,2025-01-15,Damaged product,Rejected,422.64
RTRN002795,ORDR042983,,2025-02-02,Quality issue,Rejected,6612.38
RTRN002796,ORDR042993,,2025-01-19,Wrong product,Refunded,2467.94
RTRN002797,ORDR043016,,2025-01-20,Wrong product,Rejected,156.14
RTRN002798,ORDR043048,,2025-01-20,Customer changed mind,Refunded,4449.42
RTRN002799,ORDR043049,,2025-01-15,Customer changed mind,Refunded,328.33
RTRN002800,ORDR043117,,2025-01-20,Wrong product,Refunded,4084.37
RTRN002801,ORDR043183,,2025-01-14,Quality issue,Refunded,4171.72
RTRN002802,ORDR043210,,2025-01-15,Damaged product,Refunded,409.87
RTRN002803,ORDR043214,,2025-01-29,Damaged product,Refunded,15355.11
RTRN002804,ORDR043227,,2025-01-23,Damaged product,Refunded,3532.94
RTRN002805,ORDR043248,,2025-01-18,Product not as described,Refunded,8164.48
RTRN002806,ORDR043249,,2025-01-22,Size issue,Rejected,5304.24
RTRN002807,ORDR043251,,2025-01-24,Damaged product,Rejected,16957.16
RTRN002808,ORDR043266,,2025-01-23,Damaged product,Rejected,874.92
RTRN002809,ORDR043269,,2025-01-31,Damaged product,Rejected,662.84
RTRN002810,ORDR043286,,2025-01-14,Quality issue,Refunded,27583.32
RTRN002811,ORDR043302,,2025-01-16,Product not as described,Refunded,5823.41
RTRN002812,ORDR043313,,2025-02-03,Customer changed mind,Rejected,3084.7
RTRN002813,ORDR043335,,2025-01-25,Customer changed mind,Refunded,7957.84
RTRN002814,ORDR043350,,2025-01-22,Size issue,Refunded,4478.63
RTRN002815,ORDR043369,,2025-01-28,Damaged product,Refunded,11359.56
RTRN002816,ORDR043373,,2025-01-19,Late delivery,Refunded,13824.0
RTRN002817,ORDR043376,,2025-01-16,Size issue,Refunded,4934.48
RTRN002818,ORDR043423,,2025-01-30,Customer changed mind,Rejected,11380.86
RTRN002819,ORDR043461,,2025-01-26,Damaged product,Rejected,1095.24
RTRN002820,ORDR043490,,2025-01-21,Product not as described,Refunded,2474.32
RTRN002821,ORDR043493,,2025-01-20,Quality issue,Rejected,1719.2
RTRN002822,ORDR043497,,2025-01-18,Damaged product,Rejected,2900.07
RTRN002823,ORDR043498,,2025-01-29,Late delivery,Refunded,195.9
RTRN002824,ORDR043502,,2025-01-26,Damaged product,Rejected,207.09
RTRN002825,ORDR043505,,2025-01-15,Customer changed mind,Rejected,7885.06
RTRN002826,ORDR043519,,2025-01-23,Product not as described,Rejected,13479.76
RTRN002827,ORDR043524,,2025-01-27,Wrong product,Refunded,18068.9
RTRN002828,ORDR043567,,2025-01-24,Wrong product,Refunded,29136.82
RTRN002829,ORDR043572,,2025-02-02,Size issue,Rejected,2069.86
RTRN002830,ORDR043573,,2025-01-19,Product not as described,Refunded,319.3
RTRN002831,ORDR043586,,2025-01-30,Quality issue,Refunded,14951.73
RTRN002832,ORDR043593,,2025-01-28,Customer changed mind,Refunded,9485.42
RTRN002833,ORDR043611,,2025-01-20,Product not as described,Refunded,982.44
RTRN002834,ORDR043657,,2025-01-30,Product not as described,Refunded,371.03
RTRN002835,ORDR043669,,2025-01-29,Product not as described,Refunded,16472.68
RTRN002836,ORDR043679,,2025-01-22,Quality issue,Refunded,1186.99
RTRN002837,ORDR043696,,2025-01-24,Damaged product,Refunded,71184.24
RTRN002838,ORDR043705,,2025-01-26,Quality issue,Refunded,14088.47
RTRN002839,ORDR043755,,2025-01-22,Wrong product,Rejected,4797.12
RTRN002840,ORDR043770,,2025-02-05,Wrong product,Rejected,1116.12
RTRN002841,ORDR043782,,2025-01-26,Product not as described,Refunded,6903.85
RTRN002842,ORDR043785,,2025-01-26,Product not as described,Rejected,902.65
RTRN002843,ORDR043788,,2025-02-05,Wrong product,Rejected,9096.89
RTRN002844,ORDR043808,,2025-01-27,Size issue,Refunded,2859.92
RTRN002845,ORDR043881,,2025-02-03,Quality issue,Rejected,5337.09
RTRN002846,ORDR043897,,2025-02-01,Quality issue,Refunded,12283.46
RTRN002847,ORDR043914,,2025-01-31,Wrong product,Refunded,4876.87
RTRN002848,ORDR043945,,2025-01-30,Size issue,Refunded,1993.12
RTRN002849,ORDR043954,,2025-01-21,Size issue,Rejected,8673.47
RTRN002850,ORDR043959,,2025-02-03,Size issue,Refunded,3908.73
RTRN002851,ORDR043967,,2025-01-26,Customer changed mind,Refunded,12607.6
RTRN002852,ORDR043983,,2025-01-25,Customer changed mind,Refunded,8414.52
RTRN002853,ORDR044016,,2025-01-22,Quality issue,Refunded,9055.38
RTRN002854,ORDR044022,,2025-01-24,Customer changed mind,Refunded,1621.56
RTRN002855,ORDR044047,,2025-01-24,Wrong product,Refunded,18479.05
RTRN002856,ORDR044091,,2025-01-29,Late delivery,Refunded,39166.89
RTRN002857,ORDR044095,,2025-02-04,Quality issue,Rejected,6726.47
RTRN002858,ORDR044109,,2025-02-03,Customer changed mind,Refunded,204.28
RTRN002859,ORDR044113,,2025-02-04,Quality issue,Rejected,1172.04
RTRN002860,ORDR044119,,2025-02-02,Quality issue,Refunded,9152.32
RTRN002861,ORDR044125,,2025-01-25,Late delivery,Refunded,5797.51
RTRN002862,ORDR044135,,2025-02-06,Quality issue,Refunded,18393.46
RTRN002863,ORDR044154,,2025-02-05,Quality issue,Refunded,14151.56
RTRN002864,ORDR044185,,2025-01-25,Quality issue,Rejected,17701.98
RTRN002865,ORDR044217,,2025-02-13,Customer changed mind,Refunded,399.64
RTRN002866,ORDR044218,,2025-02-03,Wrong product,Refunded,537.09
RTRN002867,ORDR044221,,2025-01-26,Late delivery,Rejected,20816.93
RTRN002868,ORDR044270,,2025-01-26,Damaged product,Refunded,219.63
RTRN002869,ORDR044288,,2025-02-01,Size issue,Rejected,1130.48
RTRN002870,ORDR044349,,2025-02-05,Wrong product,Refunded,1357.75
RTRN002871,ORDR044394,,2025-02-01,Wrong product,Refunded,4551.09
RTRN002872,ORDR044398,,2025-01-26,Product not as described,Refunded,418.37
RTRN002873,ORDR044404,,2025-01-29,Wrong product,Refunded,4248.5
RTRN002874,ORDR044407,,2025-01-25,Product not as described,Rejected,19187.92
RTRN002875,ORDR044441,,2025-02-02,Damaged product,Refunded,151.46
RTRN002876,ORDR044456,,2025-02-01,Customer changed mind,Refunded,302.2
RTRN002877,ORDR044464,,2025-02-08,Customer changed mind,Refunded,2977.78
RTRN002878,ORDR044515,,2025-02-04,Quality issue,Rejected,468.43
RTRN002879,ORDR044518,,2025-02-01,Wrong product,Refunded,15275.57
RTRN002880,ORDR044623,,2025-02-03,Quality issue,Refunded,2583.35
RTRN002881,ORDR044634,,2025-02-04,Product not as described,Refunded,1284.49
RTRN002882,ORDR044641,,2025-01-31,Damaged product,Refunded,55.81
RTRN002883,ORDR044664,,2025-01-31,Damaged product,Refunded,29.46
RTRN002884,ORDR044681,,2025-02-09,Product not as described,Rejected,3607.69
RTRN002885,ORDR044692,,2025-02-04,Size issue,Refunded,3312.21
RTRN002886,ORDR044703,,2025-01-28,Damaged product,Rejected,20802.09
RTRN002887,ORDR044710,,2025-02-02,Customer changed mind,Rejected,5467.44
RTRN002888,ORDR044716,,2025-01-31,Customer changed mind,Refunded,11333.19
RTRN002889,ORDR044738,,2025-02-18,Product not as described,Refunded,11559.08
RTRN002890,ORDR044764,,2025-02-06,Damaged product,Refunded,347.34
RTRN002891,ORDR044783,,2025-02-08,Size issue,Refunded,3384.0
RTRN002892,ORDR044849,,2025-01-28,Quality issue,Refunded,3100.47
RTRN002893,ORDR044870,,2025-02-04,Wrong product,Rejected,1954.8
RTRN002894,ORDR044875,,2025-01-30,Product not as described,Refunded,342.29
RTRN002895,ORDR044903,,2025-02-07,Size issue,Refunded,6195.51
RTRN002896,ORDR044928,,2025-02-05,Quality issue,Refunded,16505.91
RTRN002897,ORDR044930,,2025-02-04,Size issue,Refunded,15190.59
RTRN002898,ORDR044932,,2025-01-30,Damaged product,Refunded,7634.1
RTRN002899,ORDR044941,,2025-02-08,Customer changed mind,Refunded,2866.65
RTRN002900,ORDR044960,,2025-02-04,Customer changed mind,Refunded,629.96
RTRN002901,ORDR044967,,2025-02-07,Wrong product,Refunded,671.56
RTRN002902,ORDR044969,,2025-01-28,Damaged product,Refunded,15685.21
RTRN002903,ORDR044999,,2025-01-26,Customer changed mind,Refunded,144.44
RTRN002904,ORDR045005,,2025-02-08,Wrong product,Refunded,16624.36
RTRN002905,ORDR045016,,2025-02-03,Quality issue,Refunded,77274.53
RTRN002906,ORDR045054,,2025-02-11,Customer changed mind,Refunded,1867.44
RTRN002907,ORDR045064,,2025-02-12,Damaged product,Refunded,5253.33
RTRN002908,ORDR045076,,2025-02-07,Quality issue,Refunded,30306.88
RTRN002909,ORDR045077,,2025-02-09,Customer changed mind,Refunded,9570.17
RTRN002910,ORDR045096,,2025-02-01,Wrong product,Refunded,244.72
RTRN002911,ORDR045103,,2025-02-12,Damaged product,Refunded,20038.39
RTRN002912,ORDR045105,,2025-02-06,Customer changed mind,Refunded,3666.37
RTRN002913,ORDR045106,,2025-02-03,Late delivery,Refunded,693.78
RTRN002914,ORDR045120,,2025-02-08,Size issue,Refunded,3508.85
RTRN002915,ORDR045130,,2025-02-03,Customer changed mind,Refunded,52938.33
RTRN002916,ORDR045132,,2025-02-06,Late delivery,Rejected,1251.33
RTRN002917,ORDR045157,,2025-02-02,Customer changed mind,Refunded,129.28
RTRN002918,ORDR045177,,2025-02-01,Damaged product,Rejected,65593.17
RTRN002919,ORDR045195,,2025-01-29,Wrong product,Refunded,1379.64
RTRN002920,ORDR045203,,2025-02-07,Product not as described,Refunded,48253.13
RTRN002921,ORDR045204,,2025-02-04,Product not as described,Rejected,16723.54
RTRN002922,ORDR045206,,2025-02-16,Quality issue,Rejected,8933.08
RTRN002923,ORDR045273,,2025-02-11,Damaged product,Refunded,198341.48
RTRN002924,ORDR045281,,2025-02-12,Quality issue,Rejected,15052.23
RTRN002925,ORDR045285,,2025-02-07,Damaged product,Rejected,239.67
RTRN002926,ORDR045313,,2025-02-03,Customer changed mind,Refunded,6256.06
RTRN002927,ORDR045339,,2025-02-04,Wrong product,Rejected,6109.88
RTRN002928,ORDR045379,,2025-02-11,Damaged product,Refunded,2924.64
RTRN002929,ORDR045384,,2025-02-12,Product not as described,Rejected,11138.34
RTRN002930,ORDR045392,,2025-02-13,Customer changed mind,Refunded,4716.17
RTRN002931,ORDR045409,,2025-02-04,Size issue,Refunded,3838.12
RTRN002932,ORDR045439,,2025-02-14,Wrong product,Refunded,16048.25
RTRN002933,ORDR045444,,2025-02-09,Quality issue,Refunded,2678.49
RTRN002934,ORDR045453,,2025-02-04,Damaged product,Refunded,4267.88
RTRN002935,ORDR045458,,2025-02-08,Customer changed mind,Refunded,8573.79
RTRN002936,ORDR045459,,2025-02-08,Customer changed mind,Refunded,22787.52
RTRN002937,ORDR045460,,2025-01-31,Quality issue,Rejected,4491.23
RTRN002938,ORDR045464,,2025-02-10,Product not as described,Refunded,42807.51
RTRN002939,ORDR045468,,2025-02-12,Product not as described,Refunded,3954.95
RTRN002940,ORDR045473,,2025-02-20,Wrong product,Rejected,7789.28
RTRN002941,ORDR045488,,2025-02-09,Size issue,Rejected,3612.13
RTRN002942,ORDR045492,,2025-02-10,Size issue,Refunded,31439.98
RTRN002943,ORDR045508,,2025-02-03,Damaged product,Refunded,4052.9
RTRN002944,ORDR045553,,2025-02-03,Quality issue,Refunded,4140.94
RTRN002945,ORDR045599,,2025-02-01,Damaged product,Refunded,4863.78
RTRN002946,ORDR045608,,2025-02-02,Damaged product,Refunded,3317.96
RTRN002947,ORDR045618,,2025-02-09,Wrong product,Rejected,43695.62
RTRN002948,ORDR045627,,2025-02-07,Damaged product,Refunded,101.1
RTRN002949,ORDR045633,,2025-02-08,Wrong product,Refunded,440.78
RTRN002950,ORDR045669,,2025-02-04,Damaged product,Refunded,20762.59
RTRN002951,ORDR045694,,2025-02-19,Damaged product,Refunded,7793.62
RTRN002952,ORDR045701,,2025-02-11,Product not as described,Refunded,196.56
RTRN002953,ORDR045707,,2025-02-07,Customer changed mind,Refunded,2459.05
RTRN002954,ORDR045708,,2025-02-10,Wrong product,Refunded,156.75
RTRN002955,ORDR045709,,2025-02-15,Quality issue,Rejected,4869.19
RTRN002956,ORDR045725,,2025-02-05,Quality issue,Refunded,46119.51
RTRN002957,ORDR045743,,2025-02-04,Product not as described,Refunded,5259.39
RTRN002958,ORDR045747,,2025-02-14,Damaged product,Refunded,17168.72
RTRN002959,ORDR045764,,2025-02-05,Quality issue,Refunded,594.42
RTRN002960,ORDR045781,,2025-02-08,Product not as described,Refunded,4289.84
RTRN002961,ORDR045784,,2025-02-04,Size issue,Refunded,311.09
RTRN002962,ORDR045810,,2025-02-04,Customer changed mind,Refunded,1705.1
RTRN002963,ORDR045817,,2025-02-08,Customer changed mind,Refunded,3633.08
RTRN002964,ORDR045829,,2025-02-05,Product not as described,Refunded,12235.52
RTRN002965,ORDR045836,,2025-01-30,Customer changed mind,Refunded,546.38
RTRN002966,ORDR045872,,2025-02-08,Wrong product,Refunded,45562.58
RTRN002967,ORDR045875,,2025-02-09,Customer changed mind,Refunded,852.92
RTRN002968,ORDR045882,,2025-02-24,Wrong product,Refunded,3556.96
RTRN002969,ORDR045883,,2025-02-12,Size issue,Refunded,1824.0
RTRN002970,ORDR045908,,2025-02-12,Customer changed mind,Refunded,24888.63
RTRN002971,ORDR045910,,2025-02-09,Damaged product,Refunded,7246.12
RTRN002972,ORDR045914,,2025-02-02,Size issue,Refunded,4050.55
RTRN002973,ORDR045940,,2025-02-15,Customer changed mind,Rejected,701.98
RTRN002974,ORDR045949,,2025-02-13,Customer changed mind,Rejected,15970.71
RTRN002975,ORDR045959,,2025-02-04,Customer changed mind,Refunded,55851.81
RTRN002976,ORDR045960,,2025-02-07,Quality issue,Refunded,1770.17
RTRN002977,ORDR045986,,2025-02-19,Size issue,Rejected,3137.27
RTRN002978,ORDR046028,,2025-02-15,Product not as described,Refunded,12026.6
RTRN002979,ORDR046046,,2025-02-05,Product not as described,Refunded,6693.32
RTRN002980,ORDR046047,,2025-02-08,Customer changed mind,Refunded,501.55
RTRN002981,ORDR046051,,2025-02-05,Wrong product,Refunded,1171.12
RTRN002982,ORDR046061,,2025-02-19,Product not as described,Refunded,2115.93
RTRN002983,ORDR046071,,2025-02-15,Quality issue,Refunded,10253.73
RTRN002984,ORDR046089,,2025-02-06,Customer changed mind,Rejected,1542.29
RTRN002985,ORDR046095,,2025-02-11,Size issue,Refunded,6452.32
RTRN002986,ORDR046103,,2025-02-09,Quality issue,Refunded,8605.6
RTRN002987,ORDR046113,,2025-02-09,Customer changed mind,Refunded,14732.28
RTRN002988,ORDR046124,,2025-02-02,Product not as described,Refunded,26964.46
RTRN002989,ORDR046166,,2025-02-09,Customer changed mind,Rejected,2448.37
RTRN002990,ORDR046170,,2025-02-10,Damaged product,Refunded,24435.23
RTRN002991,ORDR046186,,2025-02-16,Damaged product,Refunded,16670.59
RTRN002992,ORDR046226,,2025-02-11,Product not as described,Rejected,2584.39
RTRN002993,ORDR046241,,2025-02-16,Customer changed mind,Refunded,910.79
RTRN002994,ORDR046256,,2025-02-13,Customer changed mind,Rejected,8597.68
RTRN002995,ORDR046288,,2025-02-06,Wrong product,Refunded,60023.64
RTRN002996,ORDR046305,,2025-02-11,Damaged product,Refunded,59542.46
RTRN002997,ORDR046316,,2025-02-06,Quality issue,Refunded,2594.72
RTRN002998,ORDR046325,,2025-02-13,Damaged product,Refunded,27615.7
RTRN002999,ORDR046333,,2025-02-22,Wrong product,Refunded,249.98
RTRN003000,ORDR046343,,2025-02-17,Quality issue,Refunded,4517.91
RTRN003001,ORDR046345,,2025-02-10,Wrong product,Refunded,815.62
RTRN003002,ORDR046354,,2025-02-19,Wrong product,Rejected,1484.88
RTRN003003,ORDR046395,,2025-02-17,Wrong product,Refunded,1557.02
RTRN003004,ORDR046418,,2025-02-19,Size issue,Refunded,3336.81
RTRN003005,ORDR046420,,2025-02-08,Size issue,Rejected,3873.91
RTRN003006,ORDR046424,,2025-02-17,Damaged product,Refunded,3255.75
RTRN003007,ORDR046449,,2025-02-17,Customer changed mind,Refunded,907.25
RTRN003008,ORDR046454,,2025-02-19,Late delivery,Rejected,3583.51
RTRN003009,ORDR046464,,2025-02-19,Customer changed mind,Refunded,2907.25
RTRN003010,ORDR046484,,2025-02-15,Product not as described,Refunded,12768.57
RTRN003011,ORDR046535,,2025-02-08,Damaged product,Refunded,1724.8
RTRN003012,ORDR046555,,2025-02-05,Size issue,Refunded,4343.28
RTRN003013,ORDR046565,,2025-02-11,Customer changed mind,Refunded,51559.13
RTRN003014,ORDR046568,,2025-02-11,Size issue,Refunded,553.41
RTRN003015,ORDR046577,,2025-02-16,Wrong product,Rejected,4733.8
RTRN003016,ORDR046588,,2025-02-11,Customer changed mind,Refunded,385.75
RTRN003017,ORDR046624,,2025-02-22,Product not as described,Refunded,1704.06
RTRN003018,ORDR046641,,2025-02-14,Product not as described,Refunded,3533.53
RTRN003019,ORDR046644,,2025-02-19,Product not as described,Refunded,26297.29
RTRN003020,ORDR046661,,2025-02-18,Size issue,Refunded,2172.08
RTRN003021,ORDR046669,,2025-02-14,Quality issue,Refunded,17492.6
RTRN003022,ORDR046697,,2025-02-20,Quality issue,Rejected,4419.24
RTRN003023,ORDR046725,,2025-02-16,Size issue,Rejected,2259.59
RTRN003024,ORDR046735,,2025-02-16,Quality issue,Refunded,98005.33
RTRN003025,ORDR046758,,2025-02-24,Size issue,Refunded,3864.54
RTRN003026,ORDR046759,,2025-02-26,Product not as described,Rejected,581.19
RTRN003027,ORDR046798,,2025-02-21,Customer changed mind,Refunded,910.74
RTRN003028,ORDR046826,,2025-02-22,Customer changed mind,Rejected,2218.45
RTRN003029,ORDR046827,,2025-02-16,Wrong product,Refunded,7934.5
RTRN003030,ORDR046828,,2025-02-17,Product not as described,Refunded,753.33
RTRN003031,ORDR046869,,2025-02-22,Customer changed mind,Refunded,279.96
RTRN003032,ORDR046913,,2025-02-18,Customer changed mind,Refunded,3315.48
RTRN003033,ORDR046916,,2025-02-13,Product not as described,Rejected,49634.51
RTRN003034,ORDR046933,,2025-02-24,Customer changed mind,Refunded,1269.84
RTRN003035,ORDR046944,,2025-02-15,Product not as described,Refunded,407.61
RTRN003036,ORDR046954,,2025-02-16,Product not as described,Rejected,8186.67
RTRN003037,ORDR046958,,2025-02-17,Damaged product,Refunded,137.29
RTRN003038,ORDR046987,,2025-02-22,Wrong product,Rejected,788.62
RTRN003039,ORDR046988,,2025-02-25,Damaged product,Refunded,2432.38
RTRN003040,ORDR047027,,2025-02-24,Customer changed mind,Refunded,15670.69
RTRN003041,ORDR047029,,2025-02-21,Quality issue,Refunded,4360.65
RTRN003042,ORDR047045,,2025-02-24,Damaged product,Refunded,17765.54
RTRN003043,ORDR047073,,2025-02-21,Size issue,Refunded,4351.42
RTRN003044,ORDR047082,,2025-02-12,Damaged product,Refunded,21222.41
RTRN003045,ORDR047093,,2025-02-23,Wrong product,Refunded,13354.65
RTRN003046,ORDR047116,,2025-02-17,Size issue,Refunded,9102.1
RTRN003047,ORDR047148,,2025-02-19,Product not as described,Refunded,8086.18
RTRN003048,ORDR047183,,2025-02-23,Size issue,Refunded,481.77
RTRN003049,ORDR047184,,2025-02-24,Customer changed mind,Rejected,2624.67
RTRN003050,ORDR047210,,2025-02-19,Product not as described,Refunded,1261.14
RTRN003051,ORDR047241,,2025-02-24,Wrong product,Refunded,471.58
RTRN003052,ORDR047248,,2025-03-05,Quality issue,Refunded,2617.52
RTRN003053,ORDR047258,,2025-02-26,Customer changed mind,Rejected,6251.11
RTRN003054,ORDR047279,,2025-02-19,Damaged product,Rejected,1668.61
RTRN003055,ORDR047283,,2025-02-17,Damaged product,Rejected,749.16
RTRN003056,ORDR047285,,2025-02-22,Quality issue,Refunded,13366.22
RTRN003057,ORDR047300,,2025-02-19,Customer changed mind,Refunded,917.74
RTRN003058,ORDR047351,,2025-02-22,Wrong product,Refunded,4419.24
RTRN003059,ORDR047366,,2025-02-22,Customer changed mind,Refunded,3097.53
RTRN003060,ORDR047375,,2025-03-01,Damaged product,Refunded,11847.74
RTRN003061,ORDR047409,,2025-03-05,Quality issue,Refunded,425.64
RTRN003062,ORDR047415,,2025-02-22,Damaged product,Rejected,101414.05
RTRN003063,ORDR047441,,2025-02-22,Quality issue,Rejected,49106.85
RTRN003064,ORDR047456,,2025-02-18,Product not as described,Refunded,5698.18
RTRN003065,ORDR047485,,2025-03-04,Quality issue,Refunded,41059.44
RTRN003066,ORDR047509,,2025-02-28,Size issue,Rejected,4223.29
RTRN003067,ORDR047516,,2025-02-25,Late delivery,Refunded,3865.49
RTRN003068,ORDR047538,,2025-02-20,Product not as described,Refunded,16905.29
RTRN003069,ORDR047543,,2025-02-28,Customer changed mind,Refunded,10922.2
RTRN003070,ORDR047553,,2025-02-15,Quality issue,Refunded,9999.96
RTRN003071,ORDR047571,,2025-02-28,Damaged product,Refunded,653.44
RTRN003072,ORDR047575,,2025-02-20,Product not as described,Refunded,4053.12
RTRN003073,ORDR047630,,2025-02-28,Size issue,Refunded,3738.56
RTRN003074,ORDR047659,,2025-02-24,Customer changed mind,Rejected,2190.2
RTRN003075,ORDR047715,,2025-03-04,Wrong product,Refunded,2072.1
RTRN003076,ORDR047755,,2025-02-17,Quality issue,Refunded,7064.83
RTRN003077,ORDR047786,,2025-02-27,Product not as described,Refunded,7034.89
RTRN003078,ORDR047820,,2025-03-03,Product not as described,Refunded,629.46
RTRN003079,ORDR047826,,2025-02-20,Damaged product,Rejected,26786.32
RTRN003080,ORDR047843,,2025-02-24,Wrong product,Refunded,1324.16
RTRN003081,ORDR047850,,2025-02-21,Quality issue,Refunded,1252.54
RTRN003082,ORDR047861,,2025-02-20,Product not as described,Refunded,4545.78
RTRN003083,ORDR047879,,2025-02-24,Wrong product,Refunded,418.84
RTRN003084,ORDR047884,,2025-02-26,Quality issue,Refunded,1074.63
RTRN003085,ORDR047900,,2025-02-26,Product not as described,Refunded,2284.62
RTRN003086,ORDR047905,,2025-02-24,Damaged product,Rejected,4653.05
RTRN003087,ORDR047918,,2025-02-27,Quality issue,Refunded,65745.34
RTRN003088,ORDR047929,,2025-02-24,Product not as described,Refunded,6995.94
RTRN003089,ORDR047931,,2025-03-05,Product not as described,Refunded,50996.26
RTRN003090,ORDR047939,,2025-03-01,Quality issue,Refunded,2553.95
RTRN003091,ORDR047954,,2025-02-19,Product not as described,Refunded,730.38
RTRN003092,ORDR047979,,2025-03-05,Wrong product,Refunded,767.78
RTRN003093,ORDR048000,,2025-02-23,Customer changed mind,Refunded,9765.25
RTRN003094,ORDR048005,,2025-02-22,Wrong product,Rejected,57837.11
RTRN003095,ORDR048046,,2025-02-27,Damaged product,Refunded,6637.12
RTRN003096,ORDR048053,,2025-03-10,Quality issue,Refunded,16477.91
RTRN003097,ORDR048106,,2025-02-24,Damaged product,Refunded,2213.49
RTRN003098,ORDR048112,,2025-02-28,Product not as described,Rejected,7909.88
RTRN003099,ORDR048146,,2025-02-19,Customer changed mind,Refunded,2914.2
RTRN003100,ORDR048195,,2025-03-05,Wrong product,Rejected,9127.53
RTRN003101,ORDR048196,,2025-02-21,Late delivery,Rejected,1098.71
RTRN003102,ORDR048198,,2025-03-02,Quality issue,Refunded,6106.97
RTRN003103,ORDR048262,,2025-03-05,Size issue,Refunded,1092.14
RTRN003104,ORDR048268,,2025-03-08,Product not as described,Refunded,42694.66
RTRN003105,ORDR048279,,2025-03-04,Quality issue,Refunded,6076.07
RTRN003106,ORDR048285,,2025-02-22,Quality issue,Rejected,655.4
RTRN003107,ORDR048310,,2025-03-01,Quality issue,Refunded,18234.44
RTRN003108,ORDR048314,,2025-02-24,Customer changed mind,Refunded,9706.43
RTRN003109,ORDR048316,,2025-03-06,Product not as described,Refunded,233.42
RTRN003110,ORDR048317,,2025-02-23,Damaged product,Refunded,2358.84
RTRN003111,ORDR048321,,2025-02-27,Quality issue,Refunded,295.79
RTRN003112,ORDR048322,,2025-02-25,Customer changed mind,Refunded,26957.94
RTRN003113,ORDR048335,,2025-02-24,Late delivery,Refunded,1026.57
RTRN003114,ORDR048340,,2025-02-26,Quality issue,Refunded,1877.94
RTRN003115,ORDR048357,,2025-02-24,Wrong product,Refunded,1831.53
RTRN003116,ORDR048378,,2025-02-21,Damaged product,Refunded,138281.95
RTRN003117,ORDR048383,,2025-02-26,Customer changed mind,Refunded,4137.06
RTRN003118,ORDR048404,,2025-03-06,Customer changed mind,Rejected,8588.44
RTRN003119,ORDR048429,,2025-03-06,Customer changed mind,Refunded,13903.3
RTRN003120,ORDR048465,,2025-02-27,Wrong product,Rejected,940.09
RTRN003121,ORDR048505,,2025-03-08,Damaged product,Rejected,895.85
RTRN003122,ORDR048510,,2025-03-02,Product not as described,Rejected,18008.94
RTRN003123,ORDR048531,,2025-02-27,Customer changed mind,Rejected,4319.57
RTRN003124,ORDR048545,,2025-02-26,Customer changed mind,Refunded,331.99
RTRN003125,ORDR048550,,2025-02-23,Late delivery,Refunded,26623.69
RTRN003126,ORDR048556,,2025-03-01,Customer changed mind,Refunded,28209.99
RTRN003127,ORDR048571,,2025-03-07,Quality issue,Refunded,9497.9
RTRN003128,ORDR048586,,2025-03-05,Quality issue,Refunded,11257.14
RTRN003129,ORDR048587,,2025-03-06,Product not as described,Refunded,448.91
RTRN003130,ORDR048604,,2025-03-09,Quality issue,Refunded,38431.81
RTRN003131,ORDR048611,,2025-03-07,Customer changed mind,Refunded,2307.6
RTRN003132,ORDR048615,,2025-03-10,Product not as described,Refunded,2108.01
RTRN003133,ORDR048651,,2025-03-04,Product not as described,Rejected,417.04
RTRN003134,ORDR048677,,2025-03-04,Quality issue,Refunded,9553.96
RTRN003135,ORDR048718,,2025-02-27,Damaged product,Refunded,3355.14
RTRN003136,ORDR048732,,2025-02-27,Quality issue,Refunded,8230.0
RTRN003137,ORDR048738,,2025-03-06,Wrong product,Rejected,559.72
RTRN003138,ORDR048740,,2025-03-07,Quality issue,Refunded,11637.95
RTRN003139,ORDR048760,,2025-03-12,Damaged product,Rejected,147.77
RTRN003140,ORDR048767,,2025-03-13,Damaged product,Refunded,42103.31
RTRN003141,ORDR048804,,2025-03-06,Product not as described,Refunded,3029.22
RTRN003142,ORDR048805,,2025-03-14,Damaged product,Rejected,31290.54
RTRN003143,ORDR048830,,2025-03-18,Product not as described,Refunded,3226.96
RTRN003144,ORDR048833,,2025-03-10,Wrong product,Refunded,12441.24
RTRN003145,ORDR048850,,2025-03-06,Quality issue,Refunded,1118.29
RTRN003146,ORDR048878,,2025-03-06,Wrong product,Refunded,236.5
RTRN003147,ORDR048905,,2025-03-12,Quality issue,Refunded,2316.19
RTRN003148,ORDR048923,,2025-03-16,Customer changed mind,Refunded,154.25
RTRN003149,ORDR048934,,2025-03-06,Customer changed mind,Rejected,1330.79
RTRN003150,ORDR048942,,2025-03-06,Customer changed mind,Rejected,914.76
RTRN003151,ORDR048958,,2025-03-05,Damaged product,Refunded,2044.16
RTRN003152,ORDR048961,,2025-03-04,Customer changed mind,Refunded,3504.21
RTRN003153,ORDR048964,,2025-03-06,Damaged product,Rejected,3410.5
RTRN003154,ORDR048974,,2025-03-05,Customer changed mind,Rejected,699.15
RTRN003155,ORDR048998,,2025-02-28,Quality issue,Rejected,4080.04
RTRN003156,ORDR049005,,2025-03-06,Damaged product,Refunded,27899.49
RTRN003157,ORDR049081,,2025-03-11,Wrong product,Refunded,17770.81
RTRN003158,ORDR049083,,2025-03-06,Wrong product,Refunded,4792.64
RTRN003159,ORDR049091,,2025-03-03,Product not as described,Refunded,628.98
RTRN003160,ORDR049112,,2025-03-04,Damaged product,Refunded,210.69
RTRN003161,ORDR049114,,2025-03-12,Wrong product,Refunded,2636.73
RTRN003162,ORDR049120,,2025-03-16,Customer changed mind,Rejected,5210.46
RTRN003163,ORDR049124,,2025-03-12,Product not as described,Refunded,964.02
RTRN003164,ORDR049140,,2025-03-08,Damaged product,Refunded,6793.63
RTRN003165,ORDR049143,,2025-03-04,Late delivery,Refunded,40046.11
RTRN003166,ORDR049144,,2025-03-12,Damaged product,Rejected,3919.31
RTRN003167,ORDR049156,,2025-03-15,Wrong product,Refunded,15681.39
RTRN003168,ORDR049160,,2025-03-08,Quality issue,Refunded,391.18
RTRN003169,ORDR049167,,2025-03-06,Quality issue,Refunded,3622.52
RTRN003170,ORDR049194,,2025-03-04,Quality issue,Rejected,2240.53
RTRN003171,ORDR049203,,2025-03-03,Damaged product,Rejected,41023.57
RTRN003172,ORDR049233,,2025-03-13,Quality issue,Refunded,13758.07
RTRN003173,ORDR049238,,2025-03-07,Size issue,Refunded,1776.68
RTRN003174,ORDR049254,,2025-03-09,Size issue,Rejected,28351.22
RTRN003175,ORDR049264,,2025-03-09,Size issue,Refunded,4367.67
RTRN003176,ORDR049278,,2025-03-05,Quality issue,Refunded,20180.29
RTRN003177,ORDR049284,,2025-03-12,Customer changed mind,Refunded,788.36
RTRN003178,ORDR049300,,2025-03-18,Size issue,Rejected,49359.77
RTRN003179,ORDR049303,,2025-03-18,Product not as described,Rejected,45250.39
RTRN003180,ORDR049317,,2025-03-03,Wrong product,Rejected,37461.47
RTRN003181,ORDR049322,,2025-03-20,Quality issue,Refunded,81420.24
RTRN003182,ORDR049346,,2025-03-06,Wrong product,Rejected,3960.52
RTRN003183,ORDR049397,,2025-03-11,Damaged product,Refunded,40308.29
RTRN003184,ORDR049403,,2025-03-15,Damaged product,Refunded,33538.78
RTRN003185,ORDR049409,,2025-03-14,Product not as described,Refunded,7193.39
RTRN003186,ORDR049433,,2025-03-08,Size issue,Refunded,3862.32
RTRN003187,ORDR049448,,2025-03-06,Size issue,Rejected,8955.7
RTRN003188,ORDR049468,,2025-03-05,Quality issue,Rejected,1896.1
RTRN003189,ORDR049500,,2025-03-17,Damaged product,Rejected,182.61
RTRN003190,ORDR049522,,2025-03-10,Product not as described,Refunded,760.96
RTRN003191,ORDR049528,,2025-03-12,Customer changed mind,Rejected,321.6
RTRN003192,ORDR049530,,2025-03-08,Damaged product,Rejected,19740.54
RTRN003193,ORDR049565,,2025-03-06,Damaged product,Refunded,5210.82
RTRN003194,ORDR049596,,2025-03-11,Customer changed mind,Refunded,1640.13
RTRN003195,ORDR049605,,2025-03-17,Customer changed mind,Refunded,524.97
RTRN003196,ORDR049620,,2025-03-08,Customer changed mind,Refunded,498.95
RTRN003197,ORDR049637,,2025-03-12,Customer changed mind,Refunded,2687.64
RTRN003198,ORDR049661,,2025-03-14,Customer changed mind,Refunded,22401.3
RTRN003199,ORDR049669,,2025-03-13,Customer changed mind,Refunded,14077.03
RTRN003200,ORDR049676,,2025-03-23,Damaged product,Refunded,54503.01
RTRN003201,ORDR049699,,2025-03-17,Product not as described,Refunded,6185.29
RTRN003202,ORDR049706,,2025-03-15,Damaged product,Refunded,574.11
RTRN003203,ORDR049712,,2025-03-08,Customer changed mind,Refunded,4867.83
RTRN003204,ORDR049729,,2025-03-26,Quality issue,Refunded,3607.35
RTRN003205,ORDR049736,,2025-03-10,Quality issue,Refunded,23754.69
RTRN003206,ORDR049745,,2025-03-12,Customer changed mind,Refunded,4043.64
RTRN003207,ORDR049750,,2025-03-16,Quality issue,Refunded,8917.48
RTRN003208,ORDR049774,,2025-03-12,Damaged product,Rejected,893.29
RTRN003209,ORDR049792,,2025-03-14,Damaged product,Refunded,3179.31
RTRN003210,ORDR049820,,2025-03-16,Quality issue,Refunded,4391.09
RTRN003211,ORDR049824,,2025-03-13,Quality issue,Rejected,647.06
RTRN003212,ORDR049849,,2025-03-15,Quality issue,Rejected,810.05
RTRN003213,ORDR049892,,2025-03-21,Quality issue,Refunded,5936.12
RTRN003214,ORDR049901,,2025-03-12,Damaged product,Refunded,215.21
RTRN003215,ORDR049905,,2025-03-13,Quality issue,Refunded,2319.86
RTRN003216,ORDR049913,,2025-03-17,Product not as described,Rejected,573.0
RTRN003217,ORDR049923,,2025-03-21,Quality issue,Refunded,13704.92
RTRN003218,ORDR049933,,2025-03-23,Product not as described,Refunded,10148.92
RTRN003219,ORDR049939,,2025-03-15,Wrong product,Refunded,16291.67
RTRN003220,ORDR049953,,2025-03-17,Size issue,Refunded,4360.17
RTRN003221,ORDR049960,,2025-03-12,Customer changed mind,Refunded,40583.72
RTRN003222,ORDR049963,,2025-03-17,Damaged product,Refunded,137300.03
RTRN003223,ORDR049966,,2025-03-15,Quality issue,Refunded,9787.8
RTRN003224,ORDR049977,,2025-03-25,Quality issue,Refunded,14158.26
RTRN003225,ORDR049979,,2025-03-15,Size issue,Refunded,445.88
RTRN003226,ORDR049982,,2025-03-18,Size issue,Rejected,3133.61
RTRN003227,ORDR049998,,2025-03-22,Size issue,Refunded,7704.02
RTRN003228,ORDR050019,,2025-03-09,Size issue,Refunded,1601.83
RTRN003229,ORDR050020,,2025-03-17,Product not as described,Refunded,1505.65
RTRN003230,ORDR050030,,2025-03-18,Wrong product,Refunded,53377.33
RTRN003231,ORDR050034,,2025-03-25,Product not as described,Rejected,4753.94
RTRN003232,ORDR050063,,2025-03-15,Damaged product,Rejected,191.94
RTRN003233,ORDR050064,,2025-03-13,Quality issue,Refunded,1985.66
RTRN003234,ORDR050086,,2025-03-23,Quality issue,Refunded,2238.88
RTRN003235,ORDR050097,,2025-03-20,Wrong product,Refunded,987.42
RTRN003236,ORDR050131,,2025-03-23,Size issue,Rejected,583.42
RTRN003237,ORDR050132,,2025-03-09,Wrong product,Refunded,1669.8
RTRN003238,ORDR050161,,2025-03-20,Damaged product,Refunded,25796.44
RTRN003239,ORDR050162,,2025-03-22,Wrong product,Refunded,2364.5
RTRN003240,ORDR050214,,2025-03-30,Wrong product,Refunded,6943.88
RTRN003241,ORDR050230,,2025-03-22,Product not as described,Refunded,9644.84
RTRN003242,ORDR050233,,2025-03-16,Customer changed mind,Refunded,1569.77
RTRN003243,ORDR050235,,2025-03-23,Wrong product,Refunded,10053.51
RTRN003244,ORDR050245,,2025-03-14,Product not as described,Refunded,2822.69
RTRN003245,ORDR050259,,2025-03-15,Product not as described,Refunded,6731.1
RTRN003246,ORDR050260,,2025-03-11,Customer changed mind,Refunded,7905.46
RTRN003247,ORDR050269,,2025-03-19,Product not as described,Refunded,2535.64
RTRN003248,ORDR050273,,2025-03-19,Damaged product,Rejected,25449.97
RTRN003249,ORDR050277,,2025-03-13,Size issue,Rejected,25152.11
RTRN003250,ORDR050314,,2025-03-25,Size issue,Refunded,1612.44
RTRN003251,ORDR050338,,2025-03-17,Size issue,Rejected,4574.94
RTRN003252,ORDR050347,,2025-03-19,Damaged product,Refunded,20675.99
RTRN003253,ORDR050360,,2025-03-27,Size issue,Refunded,8801.31
RTRN003254,ORDR050364,,2025-03-14,Size issue,Refunded,9204.46
RTRN003255,ORDR050367,,2025-03-15,Wrong product,Rejected,40285.48
RTRN003256,ORDR050386,,2025-03-22,Damaged product,Refunded,143.34
RTRN003257,ORDR050391,,2025-03-26,Quality issue,Refunded,6565.83
RTRN003258,ORDR050422,,2025-03-27,Damaged product,Refunded,2586.8
RTRN003259,ORDR050425,,2025-03-26,Wrong product,Refunded,1383.66
RTRN003260,ORDR050430,,2025-03-16,Damaged product,Rejected,29277.65
RTRN003261,ORDR050475,,2025-03-26,Damaged product,Refunded,1976.81
RTRN003262,ORDR050476,,2025-03-20,Size issue,Refunded,4650.59
RTRN003263,ORDR050505,,2025-03-29,Product not as described,Refunded,24749.34
RTRN003264,ORDR050509,,2025-03-15,Product not as described,Refunded,1883.07
RTRN003265,ORDR050513,,2025-03-21,Wrong product,Refunded,7588.99
RTRN003266,ORDR050515,,2025-03-26,Quality issue,Refunded,8777.46
RTRN003267,ORDR050545,,2025-03-20,Quality issue,Refunded,4995.32
RTRN003268,ORDR050620,,2025-03-28,Damaged product,Rejected,1841.25
RTRN003269,ORDR050638,,2025-03-18,Customer changed mind,Refunded,817.84
RTRN003270,ORDR050647,,2025-03-23,Late delivery,Refunded,52427.79
RTRN003271,ORDR050654,,2025-03-22,Quality issue,Rejected,2120.33
RTRN003272,ORDR050659,,2025-03-20,Product not as described,Refunded,287.29
RTRN003273,ORDR050671,,2025-03-26,Damaged product,Rejected,6000.46
RTRN003274,ORDR050705,,2025-03-30,Customer changed mind,Refunded,4085.67
RTRN003275,ORDR050789,,2025-03-23,Size issue,Refunded,580.38
RTRN003276,ORDR050795,,2025-03-26,Size issue,Refunded,1199.75
RTRN003277,ORDR050803,,2025-03-19,Size issue,Refunded,3903.58
RTRN003278,ORDR050808,,2025-03-31,Size issue,Refunded,289.64
RTRN003279,ORDR050848,,2025-03-30,Customer changed mind,Rejected,698.93
RTRN003280,ORDR050897,,2025-03-16,Late delivery,Refunded,2620.28
RTRN003281,ORDR050904,,2025-03-31,Size issue,Refunded,4086.46
RTRN003282,ORDR050920,,2025-03-23,Quality issue,Refunded,38313.18
RTRN003283,ORDR050931,,2025-03-18,Size issue,Rejected,6582.0
RTRN003284,ORDR050938,,2025-03-18,Customer changed mind,Rejected,11246.85
RTRN003285,ORDR050946,,2025-03-21,Wrong product,Rejected,405.66
RTRN003286,ORDR050969,,2025-03-19,Damaged product,Rejected,661.98
RTRN003287,ORDR050971,,2025-04-01,Product not as described,Refunded,1600.41
RTRN003288,ORDR051011,,2025-03-29,Customer changed mind,Refunded,11528.45
RTRN003289,ORDR051013,,2025-03-24,Damaged product,Rejected,674.21
RTRN003290,ORDR051016,,2025-03-29,Wrong product,Refunded,5932.5
RTRN003291,ORDR051080,,2025-03-20,Size issue,Refunded,7537.54
RTRN003292,ORDR051092,,2025-03-31,Damaged product,Refunded,4884.4
RTRN003293,ORDR051118,,2025-04-01,Damaged product,Refunded,1211.83
RTRN003294,ORDR051129,,2025-04-01,Wrong product,Refunded,7714.72
RTRN003295,ORDR051131,,2025-03-31,Size issue,Refunded,9729.47
RTRN003296,ORDR051133,,2025-03-22,Quality issue,Refunded,1605.56
RTRN003297,ORDR051151,,2025-04-03,Damaged product,Refunded,1218.8
RTRN003298,ORDR051174,,2025-03-25,Product not as described,Refunded,1440.32
RTRN003299,ORDR051177,,2025-03-30,Damaged product,Refunded,471.48
RTRN003300,ORDR051179,,2025-03-20,Late delivery,Rejected,5478.13
RTRN003301,ORDR051202,,2025-03-26,Damaged product,Refunded,46634.33
RTRN003302,ORDR051220,,2025-03-30,Quality issue,Refunded,723.88
RTRN003303,ORDR051241,,2025-04-05,Damaged product,Refunded,10517.58
RTRN003304,ORDR051244,,2025-03-30,Customer changed mind,Refunded,25873.49
RTRN003305,ORDR051261,,2025-03-27,Quality issue,Refunded,23593.16
RTRN003306,ORDR051268,,2025-03-16,Customer changed mind,Refunded,175.52
RTRN003307,ORDR051276,,2025-03-18,Quality issue,Rejected,42231.75
RTRN003308,ORDR051287,,2025-03-28,Quality issue,Refunded,15576.9
RTRN003309,ORDR051288,,2025-04-07,Damaged product,Refunded,9974.62
RTRN003310,ORDR051298,,2025-04-01,Customer changed mind,Refunded,13793.1
RTRN003311,ORDR051300,,2025-04-02,Quality issue,Rejected,3910.0
RTRN003312,ORDR051309,,2025-03-30,Size issue,Rejected,5130.06
RTRN003313,ORDR051343,,2025-03-21,Product not as described,Refunded,987.56
RTRN003314,ORDR051393,,2025-03-27,Damaged product,Refunded,1720.8
RTRN003315,ORDR051399,,2025-04-03,Damaged product,Refunded,243.65
RTRN003316,ORDR051400,,2025-03-27,Quality issue,Refunded,25669.96
RTRN003317,ORDR051403,,2025-03-22,Damaged product,Refunded,27578.77
RTRN003318,ORDR051405,,2025-03-19,Customer changed mind,Rejected,4772.52
RTRN003319,ORDR051411,,2025-03-20,Size issue,Refunded,656.44
RTRN003320,ORDR051415,,2025-03-23,Wrong product,Refunded,5152.35
RTRN003321,ORDR051458,,2025-03-25,Wrong product,Refunded,15751.82
RTRN003322,ORDR051459,,2025-03-22,Customer changed mind,Refunded,7043.97
RTRN003323,ORDR051487,,2025-04-03,Late delivery,Refunded,45.06
RTRN003324,ORDR051496,,2025-04-04,Quality issue,Refunded,30775.36
RTRN003325,ORDR051504,,2025-03-31,Wrong product,Refunded,153375.65
RTRN003326,ORDR051519,,2025-04-01,Size issue,Rejected,3637.98
RTRN003327,ORDR051546,,2025-03-30,Wrong product,Refunded,3622.97
RTRN003328,ORDR051564,,2025-03-29,Damaged product,Rejected,1723.32
RTRN003329,ORDR051580,,2025-03-23,Customer changed mind,Refunded,9829.15
RTRN003330,ORDR051585,,2025-03-25,Damaged product,Refunded,3818.99
RTRN003331,ORDR051587,,2025-03-26,Customer changed mind,Refunded,4033.74
RTRN003332,ORDR051608,,2025-04-02,Customer changed mind,Refunded,4344.75
RTRN003333,ORDR051627,,2025-04-05,Wrong product,Refunded,18617.18
RTRN003334,ORDR051642,,2025-04-05,Customer changed mind,Refunded,595.07
RTRN003335,ORDR051655,,2025-03-29,Size issue,Refunded,5921.92
RTRN003336,ORDR051669,,2025-03-27,Wrong product,Refunded,4301.08
RTRN003337,ORDR051689,,2025-04-03,Size issue,Rejected,2771.04
RTRN003338,ORDR051696,,2025-03-28,Customer changed mind,Refunded,2717.51
RTRN003339,ORDR051804,,2025-04-02,Wrong product,Refunded,478.1
RTRN003340,ORDR051807,,2025-03-30,Customer changed mind,Refunded,789.03
RTRN003341,ORDR051809,,2025-03-22,Damaged product,Rejected,10025.21
RTRN003342,ORDR051814,,2025-04-02,Quality issue,Refunded,50429.32
RTRN003343,ORDR051815,,2025-04-05,Damaged product,Refunded,2001.6
RTRN003344,ORDR051839,,2025-03-28,Damaged product,Refunded,2813.76
RTRN003345,ORDR051850,,2025-04-03,Size issue,Refunded,7081.41
RTRN003346,ORDR051861,,2025-03-27,Quality issue,Rejected,10396.68
RTRN003347,ORDR051891,,2025-03-21,Quality issue,Rejected,1691.99
RTRN003348,ORDR051910,,2025-04-03,Size issue,Refunded,2770.3
RTRN003349,ORDR051933,,2025-03-23,Quality issue,Refunded,1104.87
RTRN003350,ORDR051944,,2025-03-31,Wrong product,Refunded,1167.73
RTRN003351,ORDR051957,,2025-03-29,Size issue,Refunded,4788.65
RTRN003352,ORDR051982,,2025-04-04,Size issue,Refunded,1279.25
RTRN003353,ORDR052035,,2025-03-27,Damaged product,Refunded,14738.24
RTRN003354,ORDR052036,,2025-04-01,Quality issue,Rejected,2973.42
RTRN003355,ORDR052045,,2025-04-05,Customer changed mind,Rejected,65445.32
RTRN003356,ORDR052053,,2025-04-01,Customer changed mind,Rejected,1086.81
RTRN003357,ORDR052088,,2025-03-28,Damaged product,Refunded,58361.08
RTRN003358,ORDR052105,,2025-04-06,Product not as described,Refunded,6785.55
RTRN003359,ORDR052122,,2025-03-26,Size issue,Rejected,365.41
RTRN003360,ORDR052160,,2025-04-01,Damaged product,Refunded,252.41
RTRN003361,ORDR052166,,2025-04-03,Customer changed mind,Rejected,62761.8
RTRN003362,ORDR052191,,2025-04-04,Customer changed mind,Rejected,11526.65
RTRN003363,ORDR052194,,2025-03-30,Quality issue,Rejected,6821.58
RTRN003364,ORDR052212,,2025-03-25,Size issue,Rejected,9403.52
RTRN003365,ORDR052280,,2025-03-29,Product not as described,Refunded,983.91
RTRN003366,ORDR052311,,2025-04-01,Wrong product,Refunded,5472.36
RTRN003367,ORDR052335,,2025-03-31,Damaged product,Refunded,9158.64
RTRN003368,ORDR052342,,2025-04-08,Customer changed mind,Refunded,22757.87
RTRN003369,ORDR052347,,2025-04-04,Size issue,Refunded,3342.14
RTRN003370,ORDR052355,,2025-04-11,Product not as described,Refunded,13352.59
RTRN003371,ORDR052372,,2025-03-25,Damaged product,Rejected,1350.72
RTRN003372,ORDR052373,,2025-04-03,Wrong product,Refunded,424.94
RTRN003373,ORDR052388,,2025-04-04,Product not as described,Refunded,15281.65
RTRN003374,ORDR052393,,2025-03-30,Customer changed mind,Refunded,291.07
RTRN003375,ORDR052452,,2025-03-30,Size issue,Refunded,16625.01
RTRN003376,ORDR052468,,2025-04-03,Damaged product,Refunded,507.84
RTRN003377,ORDR052470,,2025-04-02,Wrong product,Refunded,4167.0
RTRN003378,ORDR052477,,2025-03-30,Customer changed mind,Refunded,10275.75
RTRN003379,ORDR052504,,2025-04-09,Customer changed mind,Rejected,640.8
RTRN003380,ORDR052539,,2025-04-10,Damaged product,Refunded,6839.45
RTRN003381,ORDR052542,,2025-03-31,Quality issue,Refunded,16745.0
RTRN003382,ORDR052544,,2025-03-31,Quality issue,Refunded,780.9
RTRN003383,ORDR052549,,2025-04-04,Size issue,Rejected,3224.44
RTRN003384,ORDR052575,,2025-04-10,Size issue,Refunded,282.98
RTRN003385,ORDR052592,,2025-04-09,Product not as described,Rejected,3239.64
RTRN003386,ORDR052628,,2025-04-05,Quality issue,Refunded,40547.94
RTRN003387,ORDR052640,,2025-04-11,Customer changed mind,Refunded,5364.24
RTRN003388,ORDR052644,,2025-04-08,Size issue,Refunded,1313.76
RTRN003389,ORDR052663,,2025-04-04,Product not as described,Rejected,606.18
RTRN003390,ORDR052683,,2025-04-12,Quality issue,Rejected,3160.1
RTRN003391,ORDR052699,,2025-04-09,Size issue,Rejected,11219.24
RTRN003392,ORDR052719,,2025-04-02,Product not as described,Refunded,6436.18
RTRN003393,ORDR052724,,2025-04-04,Customer changed mind,Refunded,7501.13
RTRN003394,ORDR052743,,2025-04-10,Wrong product,Refunded,886.72
RTRN003395,ORDR052814,,2025-04-16,Wrong product,Refunded,328.39
RTRN003396,ORDR052825,,2025-04-12,Quality issue,Rejected,1613.02
RTRN003397,ORDR052849,,2025-04-10,Product not as described,Refunded,389.07
RTRN003398,ORDR052854,,2025-04-04,Wrong product,Refunded,773.25
RTRN003399,ORDR052863,,2025-04-04,Damaged product,Refunded,36050.28
RTRN003400,ORDR052864,,2025-04-12,Product not as described,Refunded,192.28
RTRN003401,ORDR052903,,2025-03-31,Late delivery,Refunded,664.62
RTRN003402,ORDR052916,,2025-04-14,Customer changed mind,Refunded,11199.13
RTRN003403,ORDR052932,,2025-04-10,Quality issue,Refunded,19536.36
RTRN003404,ORDR052937,,2025-04-08,Wrong product,Refunded,1206.33
RTRN003405,ORDR052949,,2025-04-05,Damaged product,Refunded,1476.47
RTRN003406,ORDR052956,,2025-04-14,Product not as described,Refunded,6243.85
RTRN003407,ORDR052957,,2025-04-12,Quality issue,Refunded,23090.66
RTRN003408,ORDR052995,,2025-04-10,Product not as described,Rejected,3309.19
RTRN003409,ORDR053006,,2025-04-02,Damaged product,Refunded,11137.04
RTRN003410,ORDR053024,,2025-04-03,Damaged product,Refunded,1278.08
RTRN003411,ORDR053049,,2025-04-07,Wrong product,Refunded,513.22
RTRN003412,ORDR053081,,2025-04-09,Damaged product,Refunded,2375.67
RTRN003413,ORDR053117,,2025-04-08,Size issue,Refunded,11694.19
RTRN003414,ORDR053120,,2025-04-12,Quality issue,Refunded,2230.85
RTRN003415,ORDR053145,,2025-04-19,Wrong product,Refunded,22566.62
RTRN003416,ORDR053148,,2025-04-12,Damaged product,Refunded,13694.54
RTRN003417,ORDR053170,,2025-04-15,Size issue,Refunded,547.21
RTRN003418,ORDR053185,,2025-04-06,Damaged product,Refunded,847.48
RTRN003419,ORDR053209,,2025-04-05,Wrong product,Rejected,8301.69
RTRN003420,ORDR053218,,2025-04-06,Wrong product,Refunded,835.56
RTRN003421,ORDR053233,,2025-04-09,Wrong product,Rejected,2459.74
RTRN003422,ORDR053236,,2025-04-12,Product not as described,Rejected,1011.61
RTRN003423,ORDR053246,,2025-04-06,Customer changed mind,Refunded,12877.01
RTRN003424,ORDR053266,,2025-04-05,Size issue,Refunded,4202.66
RTRN003425,ORDR053281,,2025-04-06,Damaged product,Refunded,4649.77
RTRN003426,ORDR053285,,2025-04-06,Product not as described,Refunded,67586.33
RTRN003427,ORDR053290,,2025-04-12,Quality issue,Refunded,18440.14
RTRN003428,ORDR053319,,2025-04-14,Damaged product,Refunded,665.94
RTRN003429,ORDR053334,,2025-04-12,Damaged product,Refunded,10008.92
RTRN003430,ORDR053352,,2025-04-13,Damaged product,Rejected,8328.61
RTRN003431,ORDR053358,,2025-04-14,Customer changed mind,Refunded,1002.72
RTRN003432,ORDR053374,,2025-04-19,Size issue,Refunded,3001.79
RTRN003433,ORDR053379,,2025-04-12,Quality issue,Refunded,3154.86
RTRN003434,ORDR053381,,2025-04-17,Product not as described,Rejected,1574.36
RTRN003435,ORDR053385,,2025-04-12,Product not as described,Refunded,9800.68
RTRN003436,ORDR053394,,2025-04-18,Size issue,Refunded,7064.61
RTRN003437,ORDR053407,,2025-04-26,Wrong product,Refunded,16497.92
RTRN003438,ORDR053417,,2025-04-16,Damaged product,Refunded,41679.68
RTRN003439,ORDR053451,,2025-04-11,Quality issue,Refunded,16826.61
RTRN003440,ORDR053458,,2025-04-18,Customer changed mind,Refunded,1297.92
RTRN003441,ORDR053479,,2025-04-14,Product not as described,Refunded,10806.37
RTRN003442,ORDR053506,,2025-04-13,Customer changed mind,Refunded,14612.5
RTRN003443,ORDR053511,,2025-04-15,Wrong product,Rejected,1448.03
RTRN003444,ORDR053555,,2025-04-10,Product not as described,Refunded,31958.11
RTRN003445,ORDR053563,,2025-04-08,Damaged product,Rejected,3393.04
RTRN003446,ORDR053583,,2025-04-16,Quality issue,Refunded,2347.0
RTRN003447,ORDR053590,,2025-04-07,Size issue,Rejected,1666.11
RTRN003448,ORDR053594,,2025-04-09,Quality issue,Refunded,1841.9
RTRN003449,ORDR053616,,2025-04-12,Size issue,Refunded,1150.98
RTRN003450,ORDR053632,,2025-04-12,Size issue,Refunded,800.77
RTRN003451,ORDR053654,,2025-04-12,Size issue,Rejected,7373.93
RTRN003452,ORDR053661,,2025-04-14,Damaged product,Refunded,10979.71
RTRN003453,ORDR053681,,2025-04-27,Size issue,Rejected,8617.98
RTRN003454,ORDR053683,,2025-04-11,Customer changed mind,Refunded,321.11
RTRN003455,ORDR053684,,2025-04-11,Product not as described,Refunded,2522.14
RTRN003456,ORDR053712,,2025-04-10,Product not as described,Refunded,3172.68
RTRN003457,ORDR053730,,2025-04-14,Late delivery,Rejected,47774.64
RTRN003458,ORDR053733,,2025-04-12,Quality issue,Refunded,3579.86
RTRN003459,ORDR053742,,2025-04-17,Product not as described,Refunded,11759.52
RTRN003460,ORDR053761,,2025-04-08,Product not as described,Refunded,4015.43
RTRN003461,ORDR053768,,2025-04-17,Damaged product,Refunded,76548.43
RTRN003462,ORDR053786,,2025-04-11,Product not as described,Refunded,2246.83
RTRN003463,ORDR053787,,2025-04-18,Size issue,Refunded,1314.62
RTRN003464,ORDR053803,,2025-04-14,Product not as described,Refunded,47325.83
RTRN003465,ORDR053808,,2025-04-10,Wrong product,Refunded,67595.57
RTRN003466,ORDR053833,,2025-04-22,Quality issue,Refunded,11448.67
RTRN003467,ORDR053837,,2025-04-16,Customer changed mind,Refunded,6585.51
RTRN003468,ORDR053843,,2025-04-20,Damaged product,Refunded,2875.21
RTRN003469,ORDR053851,,2025-04-07,Quality issue,Refunded,427.06
RTRN003470,ORDR053859,,2025-04-17,Damaged product,Refunded,2943.39
RTRN003471,ORDR053880,,2025-04-23,Wrong product,Refunded,1586.88
RTRN003472,ORDR053891,,2025-04-20,Product not as described,Refunded,9781.13
RTRN003473,ORDR053907,,2025-04-19,Quality issue,Refunded,3357.61
RTRN003474,ORDR053944,,2025-04-18,Wrong product,Refunded,48635.13
RTRN003475,ORDR053951,,2025-04-12,Damaged product,Refunded,5144.47
RTRN003476,ORDR053972,,2025-04-17,Quality issue,Refunded,3251.91
RTRN003477,ORDR053986,,2025-04-07,Damaged product,Refunded,847.31
RTRN003478,ORDR053998,,2025-04-17,Late delivery,Refunded,32933.46
RTRN003479,ORDR054015,,2025-04-26,Customer changed mind,Refunded,8529.08
RTRN003480,ORDR054022,,2025-04-16,Damaged product,Refunded,4288.18
RTRN003481,ORDR054031,,2025-04-21,Quality issue,Refunded,4581.25
RTRN003482,ORDR054058,,2025-04-19,Damaged product,Rejected,47158.36
RTRN003483,ORDR054071,,2025-04-18,Quality issue,Refunded,98690.32
RTRN003484,ORDR054090,,2025-04-11,Damaged product,Refunded,13850.31
RTRN003485,ORDR054092,,2025-04-23,Wrong product,Refunded,71917.18
RTRN003486,ORDR054100,,2025-04-21,Quality issue,Refunded,19882.97
RTRN003487,ORDR054101,,2025-04-20,Product not as described,Refunded,25199.68
RTRN003488,ORDR054122,,2025-04-24,Late delivery,Refunded,908.47
RTRN003489,ORDR054134,,2025-04-21,Size issue,Refunded,4238.34
RTRN003490,ORDR054136,,2025-04-17,Wrong product,Rejected,2944.56
RTRN003491,ORDR054150,,2025-04-15,Size issue,Refunded,1934.65
RTRN003492,ORDR054156,,2025-04-19,Size issue,Rejected,3520.25
RTRN003493,ORDR054178,,2025-04-22,Late delivery,Refunded,2101.43
RTRN003494,ORDR054191,,2025-04-24,Customer changed mind,Refunded,1432.06
RTRN003495,ORDR054205,,2025-04-25,Customer changed mind,Refunded,67281.95
RTRN003496,ORDR054223,,2025-04-17,Damaged product,Refunded,137025.99
RTRN003497,ORDR054233,,2025-04-27,Wrong product,Rejected,12799.59
RTRN003498,ORDR054262,,2025-04-14,Product not as described,Refunded,14875.81
RTRN003499,ORDR054270,,2025-04-19,Damaged product,Refunded,2596.5
RTRN003500,ORDR054279,,2025-04-19,Size issue,Refunded,1274.59
RTRN003501,ORDR054312,,2025-04-23,Size issue,Refunded,3325.24
RTRN003502,ORDR054346,,2025-04-23,Quality issue,Refunded,6765.09
RTRN003503,ORDR054350,,2025-04-17,Customer changed mind,Rejected,3630.27
RTRN003504,ORDR054352,,2025-04-14,Damaged product,Refunded,113.72
RTRN003505,ORDR054353,,2025-04-15,Damaged product,Refunded,11773.27
RTRN003506,ORDR054358,,2025-04-21,Customer changed mind,Refunded,142203.98
RTRN003507,ORDR054365,,2025-04-14,Product not as described,Rejected,4552.91
RTRN003508,ORDR054366,,2025-04-13,Product not as described,Refunded,839.65
RTRN003509,ORDR054369,,2025-04-15,Wrong product,Refunded,496.53
RTRN003510,ORDR054378,,2025-04-23,Quality issue,Refunded,375.33
RTRN003511,ORDR054387,,2025-04-21,Quality issue,Refunded,21914.44
RTRN003512,ORDR054390,,2025-04-20,Damaged product,Rejected,27846.27
RTRN003513,ORDR054403,,2025-04-16,Wrong product,Refunded,7965.57
RTRN003514,ORDR054410,,2025-04-22,Damaged product,Rejected,6596.57
RTRN003515,ORDR054422,,2025-04-17,Damaged product,Refunded,7305.82
RTRN003516,ORDR054444,,2025-04-26,Quality issue,Refunded,6280.99
RTRN003517,ORDR054453,,2025-04-27,Wrong product,Refunded,26220.49
RTRN003518,ORDR054457,,2025-04-27,Size issue,Rejected,4404.16
RTRN003519,ORDR054462,,2025-04-26,Quality issue,Refunded,18028.63
RTRN003520,ORDR054468,,2025-04-18,Damaged product,Refunded,38088.77
RTRN003521,ORDR054475,,2025-04-21,Product not as described,Refunded,11742.46
RTRN003522,ORDR054487,,2025-04-12,Wrong product,Refunded,8637.96
RTRN003523,ORDR054504,,2025-04-16,Quality issue,Refunded,4386.91
RTRN003524,ORDR054506,,2025-04-19,Late delivery,Refunded,217.35
RTRN003525,ORDR054536,,2025-04-23,Size issue,Refunded,4719.48
RTRN003526,ORDR054538,,2025-04-17,Customer changed mind,Rejected,1255.26
RTRN003527,ORDR054550,,2025-05-03,Product not as described,Refunded,20766.43
RTRN003528,ORDR054556,,2025-04-18,Damaged product,Refunded,38.46
RTRN003529,ORDR054565,,2025-04-19,Quality issue,Rejected,3401.17
RTRN003530,ORDR054601,,2025-04-23,Wrong product,Refunded,25232.85
RTRN003531,ORDR054608,,2025-04-21,Size issue,Refunded,1316.34
RTRN003532,ORDR054615,,2025-04-26,Wrong product,Refunded,1089.25
RTRN003533,ORDR054670,,2025-04-17,Quality issue,Refunded,1601.21
RTRN003534,ORDR054680,,2025-04-27,Quality issue,Refunded,1152.69
RTRN003535,ORDR054696,,2025-04-21,Product not as described,Refunded,2806.07
RTRN003536,ORDR054698,,2025-04-21,Damaged product,Rejected,705.34
RTRN003537,ORDR054699,,2025-04-26,Quality issue,Refunded,22661.92
RTRN003538,ORDR054708,,2025-04-27,Quality issue,Rejected,11508.98
RTRN003539,ORDR054709,,2025-04-27,Damaged product,Refunded,14308.32
RTRN003540,ORDR054726,,2025-04-18,Damaged product,Refunded,1132.83
RTRN003541,ORDR054733,,2025-04-20,Size issue,Refunded,2426.97
RTRN003542,ORDR054747,,2025-04-24,Customer changed mind,Rejected,2390.87
RTRN003543,ORDR054784,,2025-04-27,Customer changed mind,Rejected,2444.98
RTRN003544,ORDR054799,,2025-04-23,Wrong product,Refunded,5539.86
RTRN003545,ORDR054828,,2025-04-29,Customer changed mind,Refunded,187.06
RTRN003546,ORDR054845,,2025-04-30,Quality issue,Refunded,47980.97
RTRN003547,ORDR054871,,2025-04-20,Product not as described,Refunded,37343.56
RTRN003548,ORDR054884,,2025-04-29,Product not as described,Refunded,12137.06
RTRN003549,ORDR054898,,2025-04-21,Customer changed mind,Refunded,4638.69
RTRN003550,ORDR054900,,2025-04-26,Product not as described,Rejected,2552.91
RTRN003551,ORDR054910,,2025-04-24,Customer changed mind,Refunded,1936.9
RTRN003552,ORDR054930,,2025-04-22,Damaged product,Refunded,71.42
RTRN003553,ORDR054942,,2025-04-18,Product not as described,Refunded,552.95
RTRN003554,ORDR054944,,2025-04-21,Quality issue,Rejected,9197.19
RTRN003555,ORDR054950,,2025-04-27,Quality issue,Refunded,493.29
RTRN003556,ORDR054959,,2025-04-26,Damaged product,Refunded,4586.99
RTRN003557,ORDR054981,,2025-05-03,Wrong product,Rejected,3019.41
RTRN003558,ORDR055006,,2025-04-26,Damaged product,Refunded,511.8
RTRN003559,ORDR055015,,2025-04-25,Damaged product,Refunded,11644.75
RTRN003560,ORDR055026,,2025-04-20,Damaged product,Rejected,22155.85
RTRN003561,ORDR055032,,2025-04-27,Product not as described,Refunded,1315.9
RTRN003562,ORDR055077,,2025-04-28,Size issue,Refunded,3105.84
RTRN003563,ORDR055082,,2025-05-03,Wrong product,Rejected,10806.09
RTRN003564,ORDR055144,,2025-05-01,Product not as described,Rejected,37474.13
RTRN003565,ORDR055174,,2025-04-27,Product not as described,Rejected,3963.77
RTRN003566,ORDR055176,,2025-04-22,Quality issue,Rejected,36960.52
RTRN003567,ORDR055198,,2025-05-01,Product not as described,Refunded,785.53
RTRN003568,ORDR055226,,2025-05-04,Wrong product,Rejected,1100.46
RTRN003569,ORDR055232,,2025-05-05,Quality issue,Rejected,3928.84
RTRN003570,ORDR055233,,2025-04-20,Size issue,Refunded,4757.94
RTRN003571,ORDR055252,,2025-04-29,Size issue,Rejected,1987.69
RTRN003572,ORDR055258,,2025-04-21,Damaged product,Refunded,3142.5
RTRN003573,ORDR055274,,2025-05-01,Quality issue,Rejected,35207.99
RTRN003574,ORDR055284,,2025-04-18,Wrong product,Refunded,12694.71
RTRN003575,ORDR055292,,2025-04-30,Customer changed mind,Rejected,1106.26
RTRN003576,ORDR055371,,2025-05-02,Wrong product,Refunded,590.44
RTRN003577,ORDR055372,,2025-05-05,Product not as described,Refunded,3924.52
RTRN003578,ORDR055373,,2025-05-12,Quality issue,Rejected,4361.3
RTRN003579,ORDR055405,,2025-04-24,Damaged product,Refunded,49402.94
RTRN003580,ORDR055411,,2025-04-27,Damaged product,Refunded,331.04
RTRN003581,ORDR055439,,2025-05-02,Customer changed mind,Refunded,1462.03
RTRN003582,ORDR055447,,2025-04-21,Size issue,Refunded,555.6
RTRN003583,ORDR055453,,2025-05-04,Quality issue,Refunded,218.47
RTRN003584,ORDR055473,,2025-05-05,Customer changed mind,Refunded,25477.44
RTRN003585,ORDR055493,,2025-04-28,Wrong product,Refunded,55024.23
RTRN003586,ORDR055514,,2025-04-30,Product not as described,Rejected,2167.87
RTRN003587,ORDR055567,,2025-05-03,Wrong product,Rejected,5305.42
RTRN003588,ORDR055568,,2025-04-29,Size issue,Refunded,1383.65
RTRN003589,ORDR055572,,2025-05-06,Late delivery,Refunded,2706.84
RTRN003590,ORDR055581,,2025-04-29,Damaged product,Refunded,9698.93
RTRN003591,ORDR055582,,2025-05-02,Damaged product,Refunded,5070.67
RTRN003592,ORDR055621,,2025-05-01,Damaged product,Refunded,1036.09
RTRN003593,ORDR055631,,2025-05-04,Size issue,Refunded,4354.32
RTRN003594,ORDR055638,,2025-05-01,Product not as described,Refunded,2397.18
RTRN003595,ORDR055649,,2025-05-04,Quality issue,Refunded,6801.35
RTRN003596,ORDR055657,,2025-04-25,Quality issue,Rejected,17470.84
RTRN003597,ORDR055684,,2025-04-30,Quality issue,Refunded,4460.49
RTRN003598,ORDR055719,,2025-05-03,Damaged product,Refunded,2935.82
RTRN003599,ORDR055727,,2025-05-11,Customer changed mind,Refunded,3593.68
RTRN003600,ORDR055748,,2025-05-02,Customer changed mind,Refunded,1045.6
RTRN003601,ORDR055763,,2025-05-05,Damaged product,Refunded,3509.04
RTRN003602,ORDR055769,,2025-05-07,Wrong product,Refunded,2255.41
RTRN003603,ORDR055775,,2025-05-06,Quality issue,Refunded,2000.64
RTRN003604,ORDR055786,,2025-05-11,Quality issue,Refunded,837.74
RTRN003605,ORDR055817,,2025-04-27,Size issue,Rejected,2196.41
RTRN003606,ORDR055833,,2025-04-29,Quality issue,Rejected,16465.22
RTRN003607,ORDR055838,,2025-05-10,Product not as described,Rejected,804.76
RTRN003608,ORDR055845,,2025-05-10,Damaged product,Refunded,165624.89
RTRN003609,ORDR055864,,2025-05-04,Size issue,Rejected,3712.95
RTRN003610,ORDR055907,,2025-05-05,Customer changed mind,Refunded,153.67
RTRN003611,ORDR055922,,2025-04-26,Wrong product,Refunded,589.04
RTRN003612,ORDR055935,,2025-04-29,Quality issue,Rejected,21911.14
RTRN003613,ORDR055937,,2025-04-25,Size issue,Rejected,1304.46
RTRN003614,ORDR055947,,2025-05-06,Customer changed mind,Refunded,10874.75
RTRN003615,ORDR055971,,2025-04-30,Wrong product,Refunded,1238.15
RTRN003616,ORDR055975,,2025-05-09,Damaged product,Refunded,48029.73
RTRN003617,ORDR055994,,2025-05-02,Product not as described,Refunded,442.9
RTRN003618,ORDR055996,,2025-05-01,Product not as described,Refunded,577.38
RTRN003619,ORDR056009,,2025-05-04,Quality issue,Rejected,5883.97
RTRN003620,ORDR056027,,2025-04-29,Customer changed mind,Refunded,45014.85
RTRN003621,ORDR056039,,2025-04-29,Quality issue,Refunded,23295.58
RTRN003622,ORDR056048,,2025-05-04,Wrong product,Refunded,1088.11
RTRN003623,ORDR056075,,2025-05-07,Customer changed mind,Refunded,3422.92
RTRN003624,ORDR056078,,2025-04-29,Customer changed mind,Rejected,5601.53
RTRN003625,ORDR056084,,2025-04-28,Damaged product,Refunded,295.12
RTRN003626,ORDR056087,,2025-05-03,Wrong product,Refunded,1891.22
RTRN003627,ORDR056098,,2025-05-06,Wrong product,Rejected,3074.56
RTRN003628,ORDR056100,,2025-04-30,Damaged product,Rejected,2755.21
RTRN003629,ORDR056105,,2025-05-03,Customer changed mind,Refunded,17360.16
RTRN003630,ORDR056118,,2025-05-06,Damaged product,Refunded,863.55
RTRN003631,ORDR056124,,2025-05-06,Customer changed mind,Rejected,1001.71
RTRN003632,ORDR056135,,2025-04-29,Product not as described,Refunded,3700.68
RTRN003633,ORDR056180,,2025-05-02,Damaged product,Refunded,35.88
RTRN003634,ORDR056195,,2025-05-06,Damaged product,Refunded,63443.6
RTRN003635,ORDR056199,,2025-05-06,Damaged product,Refunded,19211.08
RTRN003636,ORDR056221,,2025-05-11,Product not as described,Refunded,1078.95
RTRN003637,ORDR056257,,2025-05-10,Size issue,Refunded,11080.14
RTRN003638,ORDR056270,,2025-05-12,Customer changed mind,Rejected,3650.9
RTRN003639,ORDR056275,,2025-05-04,Damaged product,Rejected,15542.56
RTRN003640,ORDR056289,,2025-05-03,Product not as described,Refunded,159482.63
RTRN003641,ORDR056334,,2025-05-01,Damaged product,Refunded,5555.81
RTRN003642,ORDR056352,,2025-05-04,Product not as described,Refunded,35545.12
RTRN003643,ORDR056357,,2025-05-11,Late delivery,Refunded,856.19
RTRN003644,ORDR056414,,2025-05-05,Size issue,Refunded,1895.01
RTRN003645,ORDR056415,,2025-05-05,Customer changed mind,Rejected,2827.45
RTRN003646,ORDR056422,,2025-05-21,Damaged product,Refunded,1730.4
RTRN003647,ORDR056459,,2025-05-12,Damaged product,Refunded,13678.76
RTRN003648,ORDR056474,,2025-05-06,Customer changed mind,Refunded,175.53
RTRN003649,ORDR056476,,2025-04-28,Customer changed mind,Rejected,11808.85
RTRN003650,ORDR056478,,2025-05-13,Product not as described,Refunded,9165.25
RTRN003651,ORDR056485,,2025-05-01,Size issue,Refunded,9875.78
RTRN003652,ORDR056499,,2025-05-07,Product not as described,Refunded,30741.84
RTRN003653,ORDR056503,,2025-05-14,Customer changed mind,Refunded,466.99
RTRN003654,ORDR056509,,2025-05-08,Damaged product,Rejected,129.65
RTRN003655,ORDR056522,,2025-05-03,Product not as described,Rejected,2465.71
RTRN003656,ORDR056579,,2025-05-09,Size issue,Refunded,5814.0
RTRN003657,ORDR056593,,2025-05-05,Damaged product,Refunded,154909.37
RTRN003658,ORDR056599,,2025-05-14,Product not as described,Refunded,3205.9
RTRN003659,ORDR056643,,2025-05-11,Quality issue,Refunded,273.42
RTRN003660,ORDR056650,,2025-04-29,Wrong product,Refunded,1000.32
RTRN003661,ORDR056651,,2025-05-09,Damaged product,Refunded,119892.66
RTRN003662,ORDR056654,,2025-05-16,Wrong product,Refunded,1743.88
RTRN003663,ORDR056682,,2025-05-18,Wrong product,Rejected,5167.46
RTRN003664,ORDR056719,,2025-05-07,Size issue,Refunded,9758.08
RTRN003665,ORDR056728,,2025-05-13,Customer changed mind,Refunded,5347.39
RTRN003666,ORDR056730,,2025-05-11,Quality issue,Rejected,70595.32
RTRN003667,ORDR056740,,2025-05-09,Damaged product,Refunded,7633.5
RTRN003668,ORDR056758,,2025-05-10,Wrong product,Rejected,582.55
RTRN003669,ORDR056802,,2025-05-09,Size issue,Refunded,906.86
RTRN003670,ORDR056811,,2025-05-04,Quality issue,Refunded,1387.3
RTRN003671,ORDR056867,,2025-05-17,Product not as described,Refunded,812.91
RTRN003672,ORDR056868,,2025-05-15,Damaged product,Refunded,327.4
RTRN003673,ORDR056884,,2025-05-12,Late delivery,Refunded,46389.69
RTRN003674,ORDR056914,,2025-05-17,Customer changed mind,Refunded,7370.19
RTRN003675,ORDR056925,,2025-05-14,Damaged product,Rejected,9968.48
RTRN003676,ORDR056935,,2025-05-15,Product not as described,Refunded,4272.59
RTRN003677,ORDR056953,,2025-05-13,Damaged product,Rejected,429.16
RTRN003678,ORDR056976,,2025-05-21,Wrong product,Refunded,10646.38
RTRN003679,ORDR056980,,2025-05-16,Product not as described,Refunded,4324.57
RTRN003680,ORDR056981,,2025-05-21,Wrong product,Refunded,11844.59
RTRN003681,ORDR056994,,2025-05-14,Product not as described,Refunded,15428.3
RTRN003682,ORDR057032,,2025-05-12,Product not as described,Refunded,21536.3
RTRN003683,ORDR057038,,2025-05-14,Damaged product,Rejected,800.96
RTRN003684,ORDR057049,,2025-05-15,Wrong product,Refunded,4998.69
RTRN003685,ORDR057058,,2025-05-10,Quality issue,Refunded,651.92
RTRN003686,ORDR057086,,2025-05-08,Quality issue,Refunded,3175.01
RTRN003687,ORDR057092,,2025-05-09,Damaged product,Refunded,12039.77
RTRN003688,ORDR057121,,2025-05-10,Wrong product,Rejected,617.71
RTRN003689,ORDR057131,,2025-05-19,Size issue,Refunded,4470.81
RTRN003690,ORDR057172,,2025-05-08,Customer changed mind,Refunded,1179.34
RTRN003691,ORDR057177,,2025-05-09,Damaged product,Refunded,3831.29
RTRN003692,ORDR057178,,2025-05-05,Size issue,Rejected,5581.87
RTRN003693,ORDR057180,,2025-05-09,Product not as described,Refunded,85263.07
RTRN003694,ORDR057192,,2025-05-21,Late delivery,Rejected,10867.84
RTRN003695,ORDR057205,,2025-05-12,Damaged product,Refunded,441.24
RTRN003696,ORDR057208,,2025-05-17,Damaged product,Refunded,17233.97
RTRN003697,ORDR057211,,2025-05-09,Customer changed mind,Refunded,9556.89
RTRN003698,ORDR057214,,2025-05-10,Late delivery,Refunded,1024.18
RTRN003699,ORDR057231,,2025-05-16,Damaged product,Refunded,424.38
RTRN003700,ORDR057268,,2025-05-10,Wrong product,Refunded,652.9
RTRN003701,ORDR057277,,2025-05-05,Damaged product,Rejected,3640.59
RTRN003702,ORDR057285,,2025-05-08,Size issue,Refunded,7729.45
RTRN003703,ORDR057290,,2025-05-10,Wrong product,Rejected,696.53
RTRN003704,ORDR057294,,2025-05-12,Product not as described,Refunded,1291.74
RTRN003705,ORDR057309,,2025-05-19,Product not as described,Refunded,4858.2
RTRN003706,ORDR057311,,2025-05-04,Customer changed mind,Rejected,72406.51
RTRN003707,ORDR057314,,2025-05-14,Damaged product,Rejected,3886.34
RTRN003708,ORDR057316,,2025-05-15,Customer changed mind,Refunded,68256.45
RTRN003709,ORDR057333,,2025-05-11,Customer changed mind,Rejected,5495.63
RTRN003710,ORDR057339,,2025-05-19,Quality issue,Refunded,818.92
RTRN003711,ORDR057342,,2025-05-19,Wrong product,Refunded,1211.45
RTRN003712,ORDR057353,,2025-05-17,Late delivery,Rejected,20893.69
RTRN003713,ORDR057372,,2025-05-11,Wrong product,Refunded,5130.21
RTRN003714,ORDR057382,,2025-05-07,Quality issue,Refunded,5871.52
RTRN003715,ORDR057411,,2025-05-19,Wrong product,Refunded,1385.63
RTRN003716,ORDR057441,,2025-05-15,Quality issue,Refunded,23864.43
RTRN003717,ORDR057453,,2025-05-17,Damaged product,Rejected,14112.98
RTRN003718,ORDR057472,,2025-05-14,Damaged product,Rejected,20149.62
RTRN003719,ORDR057478,,2025-05-14,Product not as described,Rejected,59122.2
RTRN003720,ORDR057488,,2025-05-15,Quality issue,Refunded,1456.29
RTRN003721,ORDR057538,,2025-05-08,Product not as described,Refunded,5256.63
RTRN003722,ORDR057539,,2025-05-13,Size issue,Refunded,3244.12
RTRN003723,ORDR057541,,2025-05-13,Customer changed mind,Refunded,12804.25
RTRN003724,ORDR057561,,2025-05-21,Damaged product,Refunded,8372.76
RTRN003725,ORDR057569,,2025-05-19,Wrong product,Refunded,2283.75
RTRN003726,ORDR057573,,2025-05-15,Size issue,Refunded,11031.9
RTRN003727,ORDR057578,,2025-05-10,Wrong product,Refunded,880.44
RTRN003728,ORDR057585,,2025-05-12,Wrong product,Rejected,2760.43
RTRN003729,ORDR057590,,2025-05-09,Wrong product,Refunded,34905.6
RTRN003730,ORDR057591,,2025-05-24,Product not as described,Refunded,10636.46
RTRN003731,ORDR057594,,2025-05-20,Damaged product,Rejected,2004.56
RTRN003732,ORDR057609,,2025-05-20,Customer changed mind,Refunded,2009.35
RTRN003733,ORDR057615,,2025-05-24,Size issue,Refunded,8900.36
RTRN003734,ORDR057635,,2025-05-16,Damaged product,Refunded,4322.51
RTRN003735,ORDR057639,,2025-05-09,Product not as described,Refunded,7388.22
RTRN003736,ORDR057658,,2025-05-21,Damaged product,Rejected,11604.15
RTRN003737,ORDR057659,,2025-05-17,Customer changed mind,Refunded,15410.9
RTRN003738,ORDR057663,,2025-05-13,Product not as described,Refunded,72267.47
RTRN003739,ORDR057689,,2025-05-19,Wrong product,Rejected,1970.88
RTRN003740,ORDR057714,,2025-05-10,Customer changed mind,Refunded,7367.79
RTRN003741,ORDR057748,,2025-05-17,Product not as described,Refunded,86593.36
RTRN003742,ORDR057763,,2025-05-11,Damaged product,Refunded,30766.81
RTRN003743,ORDR057765,,2025-05-18,Damaged product,Refunded,1266.91
RTRN003744,ORDR057795,,2025-05-19,Quality issue,Refunded,4401.91
RTRN003745,ORDR057805,,2025-05-21,Damaged product,Rejected,76966.99
RTRN003746,ORDR057846,,2025-05-27,Customer changed mind,Refunded,1223.3
RTRN003747,ORDR057858,,2025-05-19,Damaged product,Refunded,19418.41
RTRN003748,ORDR057861,,2025-05-19,Customer changed mind,Refunded,1084.79
RTRN003749,ORDR057862,,2025-05-22,Damaged product,Rejected,4897.11
RTRN003750,ORDR057879,,2025-05-26,Damaged product,Refunded,1396.6
RTRN003751,ORDR057893,,2025-05-16,Quality issue,Refunded,851.1
RTRN003752,ORDR057901,,2025-05-25,Customer changed mind,Rejected,170.37
RTRN003753,ORDR057907,,2025-05-22,Damaged product,Refunded,1479.49
RTRN003754,ORDR057934,,2025-05-12,Damaged product,Refunded,15241.56
RTRN003755,ORDR057946,,2025-05-17,Wrong product,Rejected,576.61
RTRN003756,ORDR057963,,2025-05-21,Wrong product,Refunded,10765.34
RTRN003757,ORDR057979,,2025-05-13,Quality issue,Refunded,616.13
RTRN003758,ORDR058034,,2025-05-17,Product not as described,Refunded,15781.45
RTRN003759,ORDR058042,,2025-05-16,Customer changed mind,Refunded,1480.34
RTRN003760,ORDR058071,,2025-05-17,Size issue,Rejected,1040.46
RTRN003761,ORDR058180,,2025-05-19,Customer changed mind,Refunded,641.85
RTRN003762,ORDR058203,,2025-05-28,Customer changed mind,Refunded,5565.78
RTRN003763,ORDR058232,,2025-05-25,Customer changed mind,Refunded,6401.41
RTRN003764,ORDR058256,,2025-05-18,Product not as described,Refunded,17704.13
RTRN003765,ORDR058262,,2025-05-23,Wrong product,Refunded,3176.25
RTRN003766,ORDR058292,,2025-05-24,Product not as described,Refunded,44806.44
RTRN003767,ORDR058296,,2025-05-13,Damaged product,Refunded,205746.17
RTRN003768,ORDR058377,,2025-05-24,Size issue,Rejected,2514.85
RTRN003769,ORDR058379,,2025-05-25,Damaged product,Rejected,37572.23
RTRN003770,ORDR058387,,2025-05-24,Customer changed mind,Rejected,728.57
RTRN003771,ORDR058393,,2025-05-30,Product not as described,Refunded,17517.41
RTRN003772,ORDR058406,,2025-05-14,Size issue,Refunded,307.37
RTRN003773,ORDR058412,,2025-05-24,Customer changed mind,Rejected,706.99
RTRN003774,ORDR058457,,2025-05-26,Customer changed mind,Refunded,69041.65
RTRN003775,ORDR058489,,2025-05-21,Size issue,Refunded,3559.62
RTRN003776,ORDR058496,,2025-05-30,Product not as described,Refunded,4682.08
RTRN003777,ORDR058524,,2025-05-22,Customer changed mind,Refunded,3259.37
RTRN003778,ORDR058527,,2025-05-20,Damaged product,Refunded,22187.82
RTRN003779,ORDR058550,,2025-05-19,Size issue,Rejected,1681.15
RTRN003780,ORDR058570,,2025-05-21,Product not as described,Refunded,9026.99
RTRN003781,ORDR058573,,2025-05-19,Product not as described,Refunded,7191.35
RTRN003782,ORDR058574,,2025-05-25,Customer changed mind,Refunded,327.65
RTRN003783,ORDR058595,,2025-05-24,Product not as described,Refunded,4527.25
RTRN003784,ORDR058617,,2025-05-27,Damaged product,Refunded,129315.31
RTRN003785,ORDR058623,,2025-05-18,Damaged product,Rejected,53044.07
RTRN003786,ORDR058626,,2025-05-20,Quality issue,Refunded,1208.16
RTRN003787,ORDR058636,,2025-05-23,Damaged product,Refunded,36127.46
RTRN003788,ORDR058637,,2025-05-25,Size issue,Rejected,985.12
RTRN003789,ORDR058668,,2025-05-25,Quality issue,Refunded,2942.43
RTRN003790,ORDR058677,,2025-05-29,Quality issue,Refunded,2141.55
RTRN003791,ORDR058699,,2025-06-02,Damaged product,Refunded,29898.07
RTRN003792,ORDR058707,,2025-05-26,Customer changed mind,Refunded,11531.63
RTRN003793,ORDR058755,,2025-05-23,Quality issue,Refunded,8387.28
RTRN003794,ORDR058760,,2025-05-17,Quality issue,Refunded,7064.51
RTRN003795,ORDR058772,,2025-05-22,Wrong product,Refunded,1489.97
RTRN003796,ORDR058774,,2025-05-30,Customer changed mind,Refunded,1347.21
RTRN003797,ORDR058778,,2025-05-26,Wrong product,Refunded,6965.51
RTRN003798,ORDR058820,,2025-05-28,Product not as described,Refunded,292.87
RTRN003799,ORDR058830,,2025-05-28,Product not as described,Refunded,1684.56
RTRN003800,ORDR058845,,2025-05-25,Customer changed mind,Refunded,3094.58
RTRN003801,ORDR058848,,2025-05-30,Customer changed mind,Refunded,7665.47
RTRN003802,ORDR058863,,2025-05-23,Size issue,Rejected,12744.63
RTRN003803,ORDR058867,,2025-05-16,Quality issue,Refunded,603.04
RTRN003804,ORDR058874,,2025-05-20,Damaged product,Refunded,3567.4
RTRN003805,ORDR058890,,2025-05-19,Product not as described,Rejected,4259.04
RTRN003806,ORDR058911,,2025-05-27,Size issue,Refunded,344.81
RTRN003807,ORDR058916,,2025-05-25,Customer changed mind,Refunded,4141.04
RTRN003808,ORDR058917,,2025-05-30,Damaged product,Rejected,4396.91
RTRN003809,ORDR058925,,2025-05-24,Product not as described,Refunded,3048.49
RTRN003810,ORDR058941,,2025-06-02,Product not as described,Refunded,29275.46
RTRN003811,ORDR058943,,2025-05-23,Wrong product,Refunded,12895.97
RTRN003812,ORDR058946,,2025-05-18,Late delivery,Refunded,8306.87
RTRN003813,ORDR058954,,2025-05-31,Customer changed mind,Refunded,6748.23
RTRN003814,ORDR058977,,2025-05-29,Wrong product,Refunded,1720.44
RTRN003815,ORDR058992,,2025-05-21,Quality issue,Rejected,810.39
RTRN003816,ORDR058996,,2025-05-26,Product not as described,Refunded,662.08
RTRN003817,ORDR059002,,2025-05-17,Damaged product,Refunded,9473.99
RTRN003818,ORDR059008,,2025-05-30,Size issue,Refunded,5853.69
RTRN003819,ORDR059027,,2025-05-29,Quality issue,Refunded,38919.96
RTRN003820,ORDR059052,,2025-05-22,Size issue,Refunded,29275.48
RTRN003821,ORDR059072,,2025-06-01,Wrong product,Refunded,15211.08
RTRN003822,ORDR059078,,2025-05-23,Customer changed mind,Rejected,8040.01
RTRN003823,ORDR059086,,2025-05-24,Product not as described,Refunded,382.93
RTRN003824,ORDR059107,,2025-05-24,Quality issue,Refunded,3503.52
RTRN003825,ORDR059112,,2025-06-04,Damaged product,Rejected,271.64
RTRN003826,ORDR059118,,2025-05-29,Size issue,Refunded,2313.04
RTRN003827,ORDR059132,,2025-06-05,Quality issue,Rejected,81146.91
RTRN003828,ORDR059134,,2025-05-30,Damaged product,Refunded,10212.17
RTRN003829,ORDR059138,,2025-05-27,Damaged product,Refunded,744.63
RTRN003830,ORDR059157,,2025-06-03,Damaged product,Refunded,11613.94
RTRN003831,ORDR059167,,2025-05-22,Damaged product,Refunded,353.56
RTRN003832,ORDR059168,,2025-05-21,Customer changed mind,Refunded,1021.68
RTRN003833,ORDR059171,,2025-05-27,Customer changed mind,Refunded,6502.24
RTRN003834,ORDR059175,,2025-05-22,Product not as described,Refunded,22193.59
RTRN003835,ORDR059188,,2025-05-24,Product not as described,Refunded,1001.75
RTRN003836,ORDR059255,,2025-05-25,Size issue,Rejected,3966.33
RTRN003837,ORDR059283,,2025-05-24,Late delivery,Refunded,1961.85
RTRN003838,ORDR059287,,2025-05-23,Quality issue,Refunded,3460.11
RTRN003839,ORDR059293,,2025-05-28,Wrong product,Refunded,17025.85
RTRN003840,ORDR059310,,2025-06-06,Wrong product,Rejected,8774.9
RTRN003841,ORDR059324,,2025-06-03,Wrong product,Refunded,12942.21
RTRN003842,ORDR059381,,2025-05-28,Wrong product,Refunded,2750.95
RTRN003843,ORDR059406,,2025-05-30,Damaged product,Rejected,7697.3
RTRN003844,ORDR059419,,2025-05-27,Damaged product,Refunded,1134.87
RTRN003845,ORDR059427,,2025-06-01,Quality issue,Rejected,1743.11
RTRN003846,ORDR059437,,2025-05-29,Product not as described,Rejected,121.51
RTRN003847,ORDR059448,,2025-06-05,Quality issue,Refunded,6752.03
RTRN003848,ORDR059476,,2025-05-30,Size issue,Refunded,4894.6
RTRN003849,ORDR059507,,2025-05-27,Damaged product,Refunded,2739.95
RTRN003850,ORDR059521,,2025-06-03,Quality issue,Rejected,1096.5
RTRN003851,ORDR059527,,2025-05-24,Damaged product,Refunded,8233.44
RTRN003852,ORDR059546,,2025-06-04,Size issue,Refunded,5367.21
RTRN003853,ORDR059556,,2025-06-06,Damaged product,Refunded,41860.1
RTRN003854,ORDR059585,,2025-05-26,Product not as described,Refunded,206.23
RTRN003855,ORDR059590,,2025-05-24,Product not as described,Refunded,2349.69
RTRN003856,ORDR059631,,2025-05-26,Damaged product,Refunded,384.31
RTRN003857,ORDR059650,,2025-06-02,Quality issue,Refunded,18655.15
RTRN003858,ORDR059672,,2025-06-03,Product not as described,Refunded,15962.42
RTRN003859,ORDR059674,,2025-06-06,Quality issue,Refunded,4007.84
RTRN003860,ORDR059678,,2025-06-04,Quality issue,Refunded,10365.07
RTRN003861,ORDR059706,,2025-06-08,Product not as described,Refunded,9171.0
RTRN003862,ORDR059713,,2025-05-22,Quality issue,Refunded,164.03
RTRN003863,ORDR059722,,2025-05-26,Customer changed mind,Refunded,2195.73
RTRN003864,ORDR059724,,2025-05-29,Quality issue,Refunded,14433.03
RTRN003865,ORDR059726,,2025-06-05,Damaged product,Rejected,762.77
RTRN003866,ORDR059730,,2025-05-29,Wrong product,Refunded,646.71
RTRN003867,ORDR059750,,2025-06-09,Product not as described,Refunded,2314.17
RTRN003868,ORDR059766,,2025-06-01,Damaged product,Refunded,6838.02
RTRN003869,ORDR059788,,2025-06-01,Late delivery,Refunded,527.6
RTRN003870,ORDR059795,,2025-06-13,Size issue,Refunded,3702.47
RTRN003871,ORDR059801,,2025-06-02,Size issue,Refunded,2887.72
RTRN003872,ORDR059809,,2025-05-28,Size issue,Refunded,4021.76
RTRN003873,ORDR059815,,2025-06-01,Size issue,Rejected,1599.38
RTRN003874,ORDR059825,,2025-06-02,Customer changed mind,Refunded,9166.32
RTRN003875,ORDR059837,,2025-05-28,Customer changed mind,Refunded,30442.89
RTRN003876,ORDR059850,,2025-05-27,Damaged product,Refunded,10108.1
RTRN003877,ORDR059863,,2025-06-06,Size issue,Refunded,1243.98
RTRN003878,ORDR059869,,2025-05-25,Customer changed mind,Rejected,60288.34
RTRN003879,ORDR059877,,2025-05-25,Customer changed mind,Refunded,1173.15
RTRN003880,ORDR059881,,2025-05-30,Damaged product,Refunded,7605.76
RTRN003881,ORDR059892,,2025-06-03,Damaged product,Refunded,13458.55
RTRN003882,ORDR059911,,2025-06-02,Wrong product,Refunded,1927.94
RTRN003883,ORDR059914,,2025-05-28,Quality issue,Refunded,383.28
RTRN003884,ORDR059919,,2025-06-09,Damaged product,Refunded,1155.7
RTRN003885,ORDR059924,,2025-06-04,Product not as described,Rejected,7439.05
RTRN003886,ORDR059959,,2025-05-26,Size issue,Refunded,7067.49
RTRN003887,ORDR059961,,2025-06-05,Size issue,Refunded,569.7
RTRN003888,ORDR059976,,2025-06-04,Damaged product,Refunded,1839.69
RTRN003889,ORDR060005,,2025-06-01,Quality issue,Rejected,144.48
RTRN003890,ORDR060017,,2025-06-02,Quality issue,Refunded,28516.43
RTRN003891,ORDR060035,,2025-05-31,Product not as described,Refunded,2059.85
RTRN003892,ORDR060041,,2025-05-30,Size issue,Rejected,2623.85
RTRN003893,ORDR060064,,2025-06-03,Product not as described,Refunded,2980.54
RTRN003894,ORDR060074,,2025-05-28,Wrong product,Refunded,3615.98
RTRN003895,ORDR060093,,2025-06-09,Quality issue,Rejected,2834.47
RTRN003896,ORDR060097,,2025-06-04,Product not as described,Refunded,18841.88
RTRN003897,ORDR060137,,2025-05-29,Customer changed mind,Refunded,2492.84
RTRN003898,ORDR060141,,2025-06-02,Wrong product,Rejected,19279.62
RTRN003899,ORDR060142,,2025-06-04,Customer changed mind,Refunded,16047.67
RTRN003900,ORDR060146,,2025-06-13,Damaged product,Refunded,851.32
RTRN003901,ORDR060149,,2025-06-02,Damaged product,Refunded,31.61
RTRN003902,ORDR060153,,2025-06-08,Product not as described,Refunded,390.58
RTRN003903,ORDR060184,,2025-06-01,Size issue,Refunded,1871.76
RTRN003904,ORDR060204,,2025-06-07,Customer changed mind,Refunded,1181.95
RTRN003905,ORDR060221,,2025-06-05,Product not as described,Refunded,5388.55
RTRN003906,ORDR060226,,2025-06-10,Wrong product,Refunded,833.4
RTRN003907,ORDR060241,,2025-06-07,Damaged product,Refunded,408.65
RTRN003908,ORDR060253,,2025-06-12,Product not as described,Refunded,17305.78
RTRN003909,ORDR060270,,2025-06-03,Product not as described,Rejected,152.86
RTRN003910,ORDR060279,,2025-05-30,Customer changed mind,Refunded,1750.19
RTRN003911,ORDR060290,,2025-06-02,Quality issue,Rejected,329.97
RTRN003912,ORDR060297,,2025-05-31,Damaged product,Rejected,169.04
RTRN003913,ORDR060303,,2025-06-06,Product not as described,Refunded,222.45
RTRN003914,ORDR060326,,2025-05-31,Damaged product,Refunded,7120.46
RTRN003915,ORDR060331,,2025-06-12,Product not as described,Refunded,10330.96
RTRN003916,ORDR060336,,2025-05-30,Quality issue,Rejected,840.36
RTRN003917,ORDR060353,,2025-05-30,Damaged product,Refunded,33254.43
RTRN003918,ORDR060389,,2025-05-31,Wrong product,Rejected,1337.57
RTRN003919,ORDR060415,,2025-05-31,Product not as described,Rejected,695.03
RTRN003920,ORDR060427,,2025-05-30,Wrong product,Refunded,789.98
RTRN003921,ORDR060434,,2025-06-03,Quality issue,Refunded,26090.92
RTRN003922,ORDR060453,,2025-06-11,Product not as described,Refunded,18264.83
RTRN003923,ORDR060484,,2025-06-01,Late delivery,Refunded,12070.9
RTRN003924,ORDR060486,,2025-06-08,Size issue,Refunded,1716.99
RTRN003925,ORDR060491,,2025-06-05,Wrong product,Refunded,1770.49
RTRN003926,ORDR060496,,2025-06-10,Customer changed mind,Rejected,749.63
RTRN003927,ORDR060521,,2025-06-09,Damaged product,Refunded,1360.92
RTRN003928,ORDR060535,,2025-06-08,Late delivery,Refunded,2003.39
RTRN003929,ORDR060572,,2025-06-01,Wrong product,Rejected,2305.3
RTRN003930,ORDR060620,,2025-05-31,Damaged product,Refunded,356.07
RTRN003931,ORDR060682,,2025-06-03,Quality issue,Refunded,8767.19
RTRN003932,ORDR060688,,2025-06-10,Quality issue,Refunded,603.28
RTRN003933,ORDR060689,,2025-06-03,Wrong product,Refunded,988.64
RTRN003934,ORDR060718,,2025-06-09,Quality issue,Refunded,36104.88
RTRN003935,ORDR060746,,2025-06-21,Product not as described,Refunded,12726.49
RTRN003936,ORDR060748,,2025-06-04,Customer changed mind,Rejected,32158.59
RTRN003937,ORDR060778,,2025-06-11,Customer changed mind,Refunded,1418.29
RTRN003938,ORDR060809,,2025-06-08,Quality issue,Refunded,4060.21
RTRN003939,ORDR060843,,2025-06-11,Customer changed mind,Rejected,1713.77
RTRN003940,ORDR060879,,2025-06-02,Quality issue,Refunded,7672.03
RTRN003941,ORDR060899,,2025-06-16,Product not as described,Refunded,21662.26
RTRN003942,ORDR060937,,2025-05-31,Size issue,Refunded,1029.32
RTRN003943,ORDR060975,,2025-06-13,Customer changed mind,Refunded,1486.79
RTRN003944,ORDR060981,,2025-06-15,Customer changed mind,Rejected,3675.67
RTRN003945,ORDR060982,,2025-06-14,Quality issue,Refunded,15117.23
RTRN003946,ORDR061004,,2025-06-17,Wrong product,Refunded,1309.91
RTRN003947,ORDR061018,,2025-06-10,Quality issue,Refunded,501.66
RTRN003948,ORDR061045,,2025-06-04,Damaged product,Rejected,15502.73
RTRN003949,ORDR061048,,2025-06-06,Wrong product,Refunded,1479.19
RTRN003950,ORDR061055,,2025-06-13,Product not as described,Refunded,318.65
RTRN003951,ORDR061072,,2025-06-09,Product not as described,Refunded,1232.81
RTRN003952,ORDR061091,,2025-06-06,Quality issue,Refunded,4077.31
RTRN003953,ORDR061100,,2025-06-08,Product not as described,Refunded,2215.77
RTRN003954,ORDR061103,,2025-06-14,Product not as described,Refunded,5887.51
RTRN003955,ORDR061155,,2025-06-13,Late delivery,Refunded,85.41
RTRN003956,ORDR061165,,2025-06-11,Customer changed mind,Rejected,12627.18
RTRN003957,ORDR061167,,2025-06-08,Size issue,Refunded,798.18
RTRN003958,ORDR061182,,2025-06-06,Customer changed mind,Rejected,7037.99
RTRN003959,ORDR061201,,2025-06-15,Quality issue,Refunded,535.72
RTRN003960,ORDR061205,,2025-06-15,Product not as described,Refunded,881.66
RTRN003961,ORDR061209,,2025-06-06,Damaged product,Refunded,2969.71
RTRN003962,ORDR061242,,2025-06-16,Late delivery,Rejected,18321.95
RTRN003963,ORDR061263,,2025-06-11,Customer changed mind,Refunded,11436.56
RTRN003964,ORDR061278,,2025-06-20,Quality issue,Rejected,10751.47
RTRN003965,ORDR061281,,2025-06-12,Product not as described,Refunded,5306.05
RTRN003966,ORDR061306,,2025-06-08,Late delivery,Rejected,606.85
RTRN003967,ORDR061308,,2025-06-04,Customer changed mind,Refunded,216.21
RTRN003968,ORDR061313,,2025-06-06,Quality issue,Refunded,2883.72
RTRN003969,ORDR061335,,2025-06-10,Customer changed mind,Rejected,1818.23
RTRN003970,ORDR061345,,2025-06-06,Size issue,Refunded,418.88
RTRN003971,ORDR061352,,2025-06-10,Damaged product,Refunded,7413.08
RTRN003972,ORDR061354,,2025-06-13,Damaged product,Refunded,1209.34
RTRN003973,ORDR061356,,2025-06-03,Damaged product,Refunded,2233.68
RTRN003974,ORDR061361,,2025-06-06,Customer changed mind,Refunded,741.08
RTRN003975,ORDR061388,,2025-06-05,Customer changed mind,Refunded,11222.89
RTRN003976,ORDR061404,,2025-06-07,Size issue,Rejected,2748.61
RTRN003977,ORDR061407,,2025-06-07,Wrong product,Rejected,402.76
RTRN003978,ORDR061431,,2025-06-20,Quality issue,Refunded,2559.15
RTRN003979,ORDR061447,,2025-06-13,Late delivery,Rejected,254.34
RTRN003980,ORDR061465,,2025-06-21,Late delivery,Rejected,1018.45
RTRN003981,ORDR061495,,2025-06-11,Product not as described,Rejected,5019.2
RTRN003982,ORDR061500,,2025-06-14,Quality issue,Refunded,15973.12
RTRN003983,ORDR061501,,2025-06-07,Damaged product,Refunded,388.66
RTRN003984,ORDR061552,,2025-06-07,Damaged product,Refunded,7300.59
RTRN003985,ORDR061570,,2025-06-18,Size issue,Refunded,3026.95
RTRN003986,ORDR061576,,2025-06-12,Customer changed mind,Refunded,4332.17
RTRN003987,ORDR061583,,2025-06-13,Product not as described,Rejected,3296.53
RTRN003988,ORDR061586,,2025-06-12,Size issue,Refunded,7956.28
RTRN003989,ORDR061592,,2025-06-11,Quality issue,Refunded,19576.55
RTRN003990,ORDR061684,,2025-06-11,Damaged product,Refunded,1913.05
RTRN003991,ORDR061702,,2025-06-09,Damaged product,Rejected,8738.05
RTRN003992,ORDR061714,,2025-06-05,Size issue,Refunded,6961.46
RTRN003993,ORDR061716,,2025-06-11,Wrong product,Refunded,8473.1
RTRN003994,ORDR061717,,2025-06-12,Size issue,Rejected,1939.89
RTRN003995,ORDR061740,,2025-06-19,Product not as described,Refunded,4343.24
RTRN003996,ORDR061793,,2025-06-08,Quality issue,Refunded,2280.39
RTRN003997,ORDR061802,,2025-06-12,Wrong product,Refunded,362.88
RTRN003998,ORDR061820,,2025-06-08,Wrong product,Refunded,648.61
RTRN003999,ORDR061822,,2025-06-10,Customer changed mind,Rejected,2041.9
RTRN004000,ORDR061835,,2025-06-17,Damaged product,Refunded,229.7
RTRN004001,ORDR061858,,2025-06-19,Damaged product,Refunded,364.16
RTRN004002,ORDR061880,,2025-06-15,Quality issue,Refunded,5602.8
RTRN004003,ORDR061900,,2025-06-21,Quality issue,Refunded,33777.03
RTRN004004,ORDR061911,,2025-06-07,Quality issue,Refunded,32233.83
RTRN004005,ORDR061944,,2025-06-08,Quality issue,Rejected,51855.37
RTRN004006,ORDR061951,,2025-06-12,Product not as described,Refunded,3921.06
RTRN004007,ORDR061956,,2025-06-08,Product not as described,Refunded,346.49
RTRN004008,ORDR061974,,2025-06-07,Damaged product,Refunded,6163.88
RTRN004009,ORDR061979,,2025-06-14,Customer changed mind,Rejected,13274.75
RTRN004010,ORDR061986,,2025-06-15,Size issue,Refunded,15836.87
RTRN004011,ORDR061995,,2025-06-13,Customer changed mind,Refunded,1669.85
RTRN004012,ORDR062006,,2025-06-15,Customer changed mind,Refunded,3909.65
RTRN004013,ORDR062011,,2025-06-09,Quality issue,Refunded,506.29
RTRN004014,ORDR062024,,2025-06-08,Wrong product,Refunded,614.14
RTRN004015,ORDR062025,,2025-06-13,Late delivery,Refunded,954.47
RTRN004016,ORDR062035,,2025-06-15,Late delivery,Refunded,738.17
RTRN004017,ORDR062047,,2025-06-13,Size issue,Refunded,11531.42
RTRN004018,ORDR062071,,2025-06-14,Customer changed mind,Refunded,2283.78
RTRN004019,ORDR062076,,2025-06-17,Product not as described,Rejected,25523.68
RTRN004020,ORDR062082,,2025-06-17,Product not as described,Refunded,1092.03
RTRN004021,ORDR062126,,2025-06-11,Product not as described,Refunded,866.49
RTRN004022,ORDR062127,,2025-06-23,Quality issue,Refunded,12793.42
RTRN004023,ORDR062185,,2025-06-20,Wrong product,Refunded,8424.56
RTRN004024,ORDR062193,,2025-06-20,Customer changed mind,Refunded,651.45
RTRN004025,ORDR062198,,2025-06-17,Quality issue,Refunded,55116.25
RTRN004026,ORDR062213,,2025-06-18,Wrong product,Refunded,10326.18
RTRN004027,ORDR062214,,2025-06-10,Wrong product,Rejected,30833.57
RTRN004028,ORDR062237,,2025-06-15,Product not as described,Rejected,4542.93
RTRN004029,ORDR062274,,2025-06-17,Damaged product,Refunded,296.61
RTRN004030,ORDR062296,,2025-06-14,Customer changed mind,Refunded,801.62
RTRN004031,ORDR062324,,2025-06-10,Wrong product,Refunded,51452.31
RTRN004032,ORDR062339,,2025-06-17,Quality issue,Rejected,35488.93
RTRN004033,ORDR062373,,2025-06-19,Size issue,Refunded,359.46
RTRN004034,ORDR062385,,2025-06-20,Customer changed mind,Refunded,16193.85
RTRN004035,ORDR062404,,2025-06-11,Damaged product,Rejected,2820.89
RTRN004036,ORDR062405,,2025-06-17,Customer changed mind,Refunded,373.88
RTRN004037,ORDR062410,,2025-06-12,Damaged product,Rejected,6480.48
RTRN004038,ORDR062420,,2025-06-09,Wrong product,Rejected,1586.32
RTRN004039,ORDR062480,,2025-06-15,Size issue,Refunded,570.42
RTRN004040,ORDR062488,,2025-07-02,Wrong product,Refunded,731.79
RTRN004041,ORDR062495,,2025-06-22,Wrong product,Refunded,1236.87
RTRN004042,ORDR062497,,2025-06-18,Damaged product,Refunded,5272.18
RTRN004043,ORDR062503,,2025-06-22,Quality issue,Refunded,18024.46
RTRN004044,ORDR062515,,2025-06-20,Wrong product,Refunded,1845.6
RTRN004045,ORDR062517,,2025-06-19,Product not as described,Refunded,5472.15
RTRN004046,ORDR062576,,2025-06-15,Product not as described,Rejected,21077.81
RTRN004047,ORDR062594,,2025-06-16,Size issue,Refunded,1376.09
RTRN004048,ORDR062598,,2025-06-12,Wrong product,Refunded,1833.21
RTRN004049,ORDR062602,,2025-06-21,Customer changed mind,Refunded,370.94
RTRN004050,ORDR062603,,2025-06-14,Wrong product,Refunded,15158.93
RTRN004051,ORDR062608,,2025-06-22,Damaged product,Refunded,976.21
RTRN004052,ORDR062638,,2025-06-26,Size issue,Refunded,2355.51
RTRN004053,ORDR062656,,2025-06-24,Late delivery,Rejected,898.71
RTRN004054,ORDR062685,,2025-06-17,Product not as described,Rejected,3223.15
RTRN004055,ORDR062694,,2025-06-23,Damaged product,Rejected,7680.28
RTRN004056,ORDR062697,,2025-06-15,Damaged product,Rejected,5066.02
RTRN004057,ORDR062701,,2025-06-08,Damaged product,Refunded,1137.0
RTRN004058,ORDR062722,,2025-06-21,Product not as described,Refunded,874.02
RTRN004059,ORDR062749,,2025-06-24,Product not as described,Rejected,958.19
RTRN004060,ORDR062762,,2025-06-20,Quality issue,Rejected,796.38
RTRN004061,ORDR062766,,2025-06-24,Product not as described,Refunded,957.35
RTRN004062,ORDR062786,,2025-06-21,Quality issue,Refunded,6997.76
RTRN004063,ORDR062794,,2025-06-24,Customer changed mind,Rejected,791.77
RTRN004064,ORDR062826,,2025-06-27,Quality issue,Refunded,6092.8
RTRN004065,ORDR062828,,2025-06-19,Wrong product,Refunded,4187.73
RTRN004066,ORDR062839,,2025-06-26,Damaged product,Refunded,27971.44
RTRN004067,ORDR062847,,2025-06-12,Product not as described,Refunded,929.73
RTRN004068,ORDR062848,,2025-07-03,Size issue,Refunded,507.01
RTRN004069,ORDR062855,,2025-06-29,Quality issue,Refunded,1138.36
RTRN004070,ORDR062862,,2025-06-14,Wrong product,Refunded,20781.97
RTRN004071,ORDR062896,,2025-06-22,Damaged product,Refunded,2285.79
RTRN004072,ORDR062924,,2025-06-19,Product not as described,Refunded,3853.36
RTRN004073,ORDR062943,,2025-06-19,Quality issue,Refunded,16927.46
RTRN004074,ORDR062955,,2025-06-27,Size issue,Rejected,515.85
RTRN004075,ORDR062969,,2025-06-21,Size issue,Refunded,624.26
RTRN004076,ORDR062982,,2025-06-12,Size issue,Rejected,2660.16
RTRN004077,ORDR063007,,2025-06-16,Product not as described,Refunded,3433.45
RTRN004078,ORDR063020,,2025-06-22,Damaged product,Rejected,2630.77
RTRN004079,ORDR063031,,2025-06-19,Customer changed mind,Rejected,769.79
RTRN004080,ORDR063039,,2025-06-16,Customer changed mind,Rejected,42692.81
RTRN004081,ORDR063047,,2025-06-17,Product not as described,Refunded,9436.09
RTRN004082,ORDR063066,,2025-06-13,Late delivery,Refunded,751.18
RTRN004083,ORDR063078,,2025-06-19,Quality issue,Refunded,11483.17
RTRN004084,ORDR063082,,2025-06-24,Damaged product,Rejected,193054.88
RTRN004085,ORDR063083,,2025-06-24,Product not as described,Refunded,546.52
RTRN004086,ORDR063089,,2025-06-19,Quality issue,Refunded,1247.35
RTRN004087,ORDR063104,,2025-06-26,Wrong product,Rejected,26022.48
RTRN004088,ORDR063107,,2025-06-17,Product not as described,Refunded,28000.75
RTRN004089,ORDR063114,,2025-07-01,Damaged product,Refunded,2085.69
RTRN004090,ORDR063124,,2025-06-16,Damaged product,Refunded,21878.44
RTRN004091,ORDR063141,,2025-06-26,Wrong product,Refunded,206.6
RTRN004092,ORDR063162,,2025-06-26,Product not as described,Rejected,18710.31
RTRN004093,ORDR063184,,2025-06-17,Wrong product,Refunded,81.78
RTRN004094,ORDR063189,,2025-06-21,Quality issue,Rejected,942.54
RTRN004095,ORDR063236,,2025-06-26,Damaged product,Refunded,1715.61
RTRN004096,ORDR063255,,2025-06-25,Wrong product,Refunded,3707.48
RTRN004097,ORDR063277,,2025-06-21,Customer changed mind,Refunded,657.1
RTRN004098,ORDR063278,,2025-06-15,Wrong product,Rejected,1720.0
RTRN004099,ORDR063296,,2025-06-29,Damaged product,Refunded,35163.9
RTRN004100,ORDR063327,,2025-06-29,Wrong product,Refunded,843.29
RTRN004101,ORDR063330,,2025-06-14,Quality issue,Refunded,58100.43
RTRN004102,ORDR063332,,2025-06-27,Damaged product,Rejected,2244.38
RTRN004103,ORDR063339,,2025-06-26,Damaged product,Refunded,9743.18
RTRN004104,ORDR063346,,2025-06-22,Product not as described,Refunded,528.18
RTRN004105,ORDR063375,,2025-06-18,Damaged product,Refunded,2116.99
RTRN004106,ORDR063378,,2025-06-16,Quality issue,Refunded,260.04
RTRN004107,ORDR063385,,2025-06-21,Quality issue,Rejected,13777.99
RTRN004108,ORDR063394,,2025-06-20,Damaged product,Refunded,3813.38
RTRN004109,ORDR063402,,2025-06-24,Product not as described,Rejected,22464.34
RTRN004110,ORDR063418,,2025-06-24,Wrong product,Refunded,2143.07
RTRN004111,ORDR063420,,2025-06-18,Damaged product,Refunded,32362.46
RTRN004112,ORDR063471,,2025-06-25,Wrong product,Refunded,19673.7
RTRN004113,ORDR063489,,2025-06-17,Damaged product,Refunded,196096.51
RTRN004114,ORDR063496,,2025-06-27,Damaged product,Refunded,521.45
RTRN004115,ORDR063503,,2025-06-20,Customer changed mind,Refunded,54147.72
RTRN004116,ORDR063514,,2025-06-25,Wrong product,Refunded,1971.08
RTRN004117,ORDR063550,,2025-06-24,Quality issue,Refunded,6281.6
RTRN004118,ORDR063556,,2025-06-18,Damaged product,Refunded,3571.02
RTRN004119,ORDR063560,,2025-06-16,Quality issue,Refunded,23094.05
RTRN004120,ORDR063568,,2025-07-05,Product not as described,Refunded,1842.93
RTRN004121,ORDR063578,,2025-06-18,Customer changed mind,Rejected,2962.85
RTRN004122,ORDR063589,,2025-06-28,Quality issue,Rejected,1807.7
RTRN004123,ORDR063598,,2025-06-29,Customer changed mind,Refunded,99.76
RTRN004124,ORDR063601,,2025-06-23,Damaged product,Refunded,42482.97
RTRN004125,ORDR063602,,2025-06-29,Wrong product,Refunded,266.39
RTRN004126,ORDR063627,,2025-06-20,Wrong product,Refunded,23660.35
RTRN004127,ORDR063639,,2025-07-02,Customer changed mind,Refunded,128.64
RTRN004128,ORDR063661,,2025-07-01,Size issue,Refunded,1077.12
RTRN004129,ORDR063663,,2025-07-04,Damaged product,Refunded,28802.91
RTRN004130,ORDR063666,,2025-06-28,Size issue,Refunded,4554.52
RTRN004131,ORDR063667,,2025-06-24,Product not as described,Refunded,334.87
RTRN004132,ORDR063678,,2025-07-01,Customer changed mind,Refunded,365.62
RTRN004133,ORDR063720,,2025-06-24,Damaged product,Refunded,2956.42
RTRN004134,ORDR063722,,2025-06-19,Customer changed mind,Rejected,633.14
RTRN004135,ORDR063748,,2025-06-24,Customer changed mind,Refunded,7196.76
RTRN004136,ORDR063777,,2025-06-27,Damaged product,Refunded,6922.98
RTRN004137,ORDR063781,,2025-06-19,Quality issue,Rejected,8467.82
RTRN004138,ORDR063816,,2025-06-26,Wrong product,Rejected,2117.35
RTRN004139,ORDR063834,,2025-06-25,Size issue,Refunded,2423.62
RTRN004140,ORDR063852,,2025-06-30,Product not as described,Rejected,2824.0
RTRN004141,ORDR063876,,2025-07-02,Quality issue,Refunded,7611.06
RTRN004142,ORDR063903,,2025-07-05,Damaged product,Refunded,306.85
RTRN004143,ORDR063953,,2025-06-27,Wrong product,Refunded,57.23
RTRN004144,ORDR063979,,2025-06-24,Damaged product,Refunded,3042.72
RTRN004145,ORDR063982,,2025-07-03,Wrong product,Refunded,1487.09
RTRN004146,ORDR063992,,2025-07-08,Customer changed mind,Refunded,1223.28
RTRN004147,ORDR063994,,2025-07-03,Customer changed mind,Rejected,1355.26
RTRN004148,ORDR063995,,2025-06-20,Damaged product,Refunded,553.67
RTRN004149,ORDR064006,,2025-06-20,Customer changed mind,Rejected,1981.01
RTRN004150,ORDR064008,,2025-07-01,Size issue,Refunded,5534.42
RTRN004151,ORDR064024,,2025-06-24,Damaged product,Refunded,3397.59
RTRN004152,ORDR064043,,2025-06-21,Customer changed mind,Refunded,1721.32
RTRN004153,ORDR064047,,2025-06-20,Wrong product,Refunded,2143.32
RTRN004154,ORDR064048,,2025-06-25,Damaged product,Refunded,10234.66
RTRN004155,ORDR064051,,2025-06-24,Wrong product,Refunded,2310.49
RTRN004156,ORDR064054,,2025-06-30,Quality issue,Refunded,12662.51
RTRN004157,ORDR064058,,2025-06-25,Size issue,Refunded,4474.73
RTRN004158,ORDR064064,,2025-07-02,Product not as described,Rejected,1977.77
RTRN004159,ORDR064093,,2025-06-30,Damaged product,Rejected,2702.04
RTRN004160,ORDR064098,,2025-06-26,Product not as described,Refunded,12067.97
RTRN004161,ORDR064132,,2025-06-25,Damaged product,Refunded,19227.51
RTRN004162,ORDR064133,,2025-06-23,Customer changed mind,Refunded,12257.29
RTRN004163,ORDR064176,,2025-07-04,Quality issue,Refunded,727.34
RTRN004164,ORDR064179,,2025-07-01,Wrong product,Refunded,3551.12
RTRN004165,ORDR064188,,2025-06-22,Damaged product,Refunded,30941.94
RTRN004166,ORDR064198,,2025-06-28,Product not as described,Rejected,2057.71
RTRN004167,ORDR064208,,2025-06-28,Late delivery,Refunded,10578.84
RTRN004168,ORDR064221,,2025-06-25,Customer changed mind,Rejected,10192.58
RTRN004169,ORDR064233,,2025-07-01,Customer changed mind,Rejected,10383.98
RTRN004170,ORDR064246,,2025-06-21,Quality issue,Refunded,2790.26
RTRN004171,ORDR064265,,2025-07-01,Damaged product,Refunded,128.99
RTRN004172,ORDR064267,,2025-06-25,Customer changed mind,Refunded,1277.05
RTRN004173,ORDR064273,,2025-06-29,Customer changed mind,Refunded,11542.39
RTRN004174,ORDR064288,,2025-06-30,Product not as described,Rejected,147.06
RTRN004175,ORDR064321,,2025-06-25,Damaged product,Refunded,4991.52
RTRN004176,ORDR064327,,2025-06-22,Wrong product,Refunded,763.48
RTRN004177,ORDR064354,,2025-07-02,Damaged product,Refunded,4538.62
RTRN004178,ORDR064370,,2025-07-04,Product not as described,Rejected,707.12
RTRN004179,ORDR064388,,2025-06-24,Damaged product,Refunded,4070.77
RTRN004180,ORDR064392,,2025-06-23,Quality issue,Rejected,3403.99
RTRN004181,ORDR064414,,2025-07-03,Wrong product,Refunded,87411.27
RTRN004182,ORDR064430,,2025-07-07,Damaged product,Refunded,12129.78
RTRN004183,ORDR064434,,2025-07-01,Wrong product,Refunded,13365.09
RTRN004184,ORDR064441,,2025-07-08,Wrong product,Refunded,29600.18
RTRN004185,ORDR064450,,2025-06-23,Product not as described,Refunded,1350.99
RTRN004186,ORDR064455,,2025-06-30,Quality issue,Refunded,40760.28
RTRN004187,ORDR064460,,2025-07-03,Size issue,Rejected,7957.57
RTRN004188,ORDR064489,,2025-07-06,Product not as described,Rejected,3382.76
RTRN004189,ORDR064498,,2025-07-06,Wrong product,Rejected,605.49
RTRN004190,ORDR064504,,2025-07-02,Wrong product,Refunded,975.91
RTRN004191,ORDR064521,,2025-06-30,Wrong product,Refunded,2292.2
RTRN004192,ORDR064604,,2025-06-28,Wrong product,Refunded,4722.77
RTRN004193,ORDR064610,,2025-07-08,Product not as described,Rejected,425.65
RTRN004194,ORDR064622,,2025-07-02,Size issue,Refunded,4404.19
RTRN004195,ORDR064633,,2025-07-01,Product not as described,Refunded,11017.05
RTRN004196,ORDR064641,,2025-06-27,Damaged product,Refunded,12799.7
RTRN004197,ORDR064644,,2025-06-30,Customer changed mind,Rejected,26959.41
RTRN004198,ORDR064653,,2025-06-24,Damaged product,Refunded,2717.74
RTRN004199,ORDR064680,,2025-06-25,Quality issue,Rejected,3316.9
RTRN004200,ORDR064683,,2025-07-03,Quality issue,Refunded,559.01
RTRN004201,ORDR064690,,2025-07-02,Size issue,Refunded,14819.43
RTRN004202,ORDR064694,,2025-07-06,Product not as described,Refunded,11464.34
RTRN004203,ORDR064710,,2025-06-29,Quality issue,Refunded,975.0
RTRN004204,ORDR064721,,2025-07-04,Damaged product,Rejected,308.18
RTRN004205,ORDR064740,,2025-07-04,Wrong product,Refunded,343.04
RTRN004206,ORDR064742,,2025-07-05,Damaged product,Refunded,850.3
RTRN004207,ORDR064743,,2025-07-02,Quality issue,Refunded,557.21
RTRN004208,ORDR064753,,2025-06-27,Size issue,Refunded,4300.64
RTRN004209,ORDR064756,,2025-06-29,Size issue,Refunded,7196.93
RTRN004210,ORDR064757,,2025-06-27,Product not as described,Refunded,23761.58
RTRN004211,ORDR064762,,2025-06-29,Quality issue,Refunded,3095.65
RTRN004212,ORDR064782,,2025-07-04,Customer changed mind,Rejected,255.87
RTRN004213,ORDR064788,,2025-07-05,Size issue,Refunded,2076.49
RTRN004214,ORDR064822,,2025-07-02,Wrong product,Refunded,6147.48
RTRN004215,ORDR064833,,2025-06-26,Size issue,Refunded,5166.51
RTRN004216,ORDR064840,,2025-07-06,Damaged product,Refunded,2839.13
RTRN004217,ORDR064850,,2025-07-06,Wrong product,Refunded,1432.25
RTRN004218,ORDR064857,,2025-07-08,Damaged product,Refunded,682.76
RTRN004219,ORDR064871,,2025-07-06,Customer changed mind,Refunded,19286.59
RTRN004220,ORDR064874,,2025-07-09,Product not as described,Rejected,15773.96
RTRN004221,ORDR064929,,2025-06-30,Product not as described,Refunded,5209.79
RTRN004222,ORDR064934,,2025-07-10,Damaged product,Refunded,734.01
RTRN004223,ORDR064936,,2025-07-05,Quality issue,Rejected,5343.88
RTRN004224,ORDR064938,,2025-07-01,Quality issue,Rejected,3581.37
RTRN004225,ORDR064993,,2025-07-01,Late delivery,Rejected,680.77
RTRN004226,ORDR065018,,2025-07-03,Size issue,Refunded,3669.22
RTRN004227,ORDR065024,,2025-07-03,Wrong product,Refunded,141.88
RTRN004228,ORDR065034,,2025-07-13,Wrong product,Refunded,9579.85
RTRN004229,ORDR065041,,2025-07-08,Late delivery,Refunded,149.74
RTRN004230,ORDR065049,,2025-06-28,Damaged product,Rejected,512.89
RTRN004231,ORDR065056,,2025-07-02,Damaged product,Refunded,85.2
RTRN004232,ORDR065058,,2025-07-07,Wrong product,Refunded,767.85
RTRN004233,ORDR065080,,2025-06-29,Damaged product,Refunded,170.97
RTRN004234,ORDR065084,,2025-07-11,Size issue,Rejected,11747.25
RTRN004235,ORDR065095,,2025-07-05,Quality issue,Refunded,6021.09
RTRN004236,ORDR065100,,2025-07-07,Quality issue,Refunded,38026.97
RTRN004237,ORDR065112,,2025-07-09,Quality issue,Refunded,520.72
RTRN004238,ORDR065141,,2025-07-09,Product not as described,Refunded,619.63
RTRN004239,ORDR065150,,2025-06-30,Late delivery,Refunded,2758.5
RTRN004240,ORDR065183,,2025-07-04,Customer changed mind,Refunded,31167.11
RTRN004241,ORDR065196,,2025-07-09,Damaged product,Refunded,334.73
RTRN004242,ORDR065211,,2025-07-04,Customer changed mind,Rejected,20217.7
RTRN004243,ORDR065235,,2025-07-14,Damaged product,Refunded,11684.1
RTRN004244,ORDR065238,,2025-07-01,Product not as described,Refunded,4759.91
RTRN004245,ORDR065244,,2025-07-14,Size issue,Rejected,9875.22
RTRN004246,ORDR065272,,2025-07-05,Wrong product,Refunded,2466.43
RTRN004247,ORDR065293,,2025-07-04,Product not as described,Refunded,4980.51
RTRN004248,ORDR065300,,2025-07-13,Size issue,Refunded,875.35
RTRN004249,ORDR065311,,2025-07-12,Damaged product,Refunded,4490.75
RTRN004250,ORDR065351,,2025-07-02,Wrong product,Refunded,539.33
RTRN004251,ORDR065353,,2025-06-28,Customer changed mind,Refunded,322.68
RTRN004252,ORDR065357,,2025-07-01,Quality issue,Refunded,8452.51
RTRN004253,ORDR065409,,2025-07-11,Size issue,Refunded,854.56
RTRN004254,ORDR065415,,2025-07-12,Wrong product,Refunded,1310.93
RTRN004255,ORDR065429,,2025-07-17,Quality issue,Rejected,12985.77
RTRN004256,ORDR065451,,2025-07-18,Customer changed mind,Refunded,214.05
RTRN004257,ORDR065453,,2025-07-12,Product not as described,Rejected,9504.16
RTRN004258,ORDR065455,,2025-06-29,Quality issue,Refunded,4601.06
RTRN004259,ORDR065478,,2025-07-08,Wrong product,Refunded,1167.26
RTRN004260,ORDR065491,,2025-07-04,Product not as described,Rejected,2379.8
RTRN004261,ORDR065511,,2025-07-12,Late delivery,Refunded,3271.17
RTRN004262,ORDR065523,,2025-07-14,Wrong product,Rejected,5493.05
RTRN004263,ORDR065537,,2025-07-02,Wrong product,Rejected,697.58
RTRN004264,ORDR065549,,2025-07-08,Late delivery,Refunded,8409.19
RTRN004265,ORDR065559,,2025-07-07,Size issue,Rejected,4441.78
RTRN004266,ORDR065562,,2025-07-03,Quality issue,Rejected,7614.64
RTRN004267,ORDR065591,,2025-07-01,Customer changed mind,Refunded,28916.06
RTRN004268,ORDR065601,,2025-07-12,Damaged product,Refunded,2630.32
RTRN004269,ORDR065604,,2025-07-06,Quality issue,Rejected,55954.47
RTRN004270,ORDR065622,,2025-07-05,Size issue,Refunded,4402.63
RTRN004271,ORDR065631,,2025-07-07,Product not as described,Refunded,58272.08
RTRN004272,ORDR065642,,2025-07-11,Size issue,Rejected,3841.7
RTRN004273,ORDR065687,,2025-07-01,Customer changed mind,Refunded,959.43
RTRN004274,ORDR065689,,2025-07-11,Customer changed mind,Refunded,6141.45
RTRN004275,ORDR065695,,2025-07-13,Wrong product,Refunded,11640.98
RTRN004276,ORDR065697,,2025-07-14,Size issue,Rejected,4437.34
RTRN004277,ORDR065708,,2025-07-09,Product not as described,Refunded,1020.23
RTRN004278,ORDR065711,,2025-07-20,Damaged product,Refunded,10091.06
RTRN004279,ORDR065720,,2025-07-12,Customer changed mind,Refunded,4972.23
RTRN004280,ORDR065727,,2025-07-12,Customer changed mind,Refunded,3772.7
RTRN004281,ORDR065743,,2025-07-09,Product not as described,Rejected,1242.54
RTRN004282,ORDR065755,,2025-07-12,Wrong product,Refunded,322.1
RTRN004283,ORDR065758,,2025-07-08,Damaged product,Refunded,48964.64
RTRN004284,ORDR065778,,2025-07-11,Damaged product,Rejected,15123.99
RTRN004285,ORDR065785,,2025-07-06,Customer changed mind,Refunded,891.19
RTRN004286,ORDR065826,,2025-07-04,Late delivery,Refunded,190.08
RTRN004287,ORDR065828,,2025-07-02,Quality issue,Refunded,3177.56
RTRN004288,ORDR065834,,2025-07-08,Damaged product,Refunded,3495.11
RTRN004289,ORDR065852,,2025-07-16,Quality issue,Refunded,2788.95
RTRN004290,ORDR065874,,2025-07-14,Quality issue,Rejected,6078.44
RTRN004291,ORDR065879,,2025-07-16,Product not as described,Rejected,591.28
RTRN004292,ORDR065906,,2025-07-07,Customer changed mind,Refunded,6440.69
RTRN004293,ORDR065910,,2025-07-15,Damaged product,Refunded,4297.74
RTRN004294,ORDR065913,,2025-07-16,Customer changed mind,Rejected,890.65
RTRN004295,ORDR065961,,2025-07-08,Quality issue,Refunded,31151.5
RTRN004296,ORDR065969,,2025-07-23,Damaged product,Refunded,13578.34
RTRN004297,ORDR065982,,2025-07-12,Wrong product,Rejected,2528.6
RTRN004298,ORDR065985,,2025-07-10,Damaged product,Rejected,144390.94
RTRN004299,ORDR065986,,2025-07-17,Product not as described,Refunded,33365.15
RTRN004300,ORDR065991,,2025-07-09,Size issue,Rejected,7388.6
RTRN004301,ORDR066015,,2025-07-15,Damaged product,Refunded,11776.87
RTRN004302,ORDR066026,,2025-07-01,Product not as described,Refunded,31266.42
RTRN004303,ORDR066035,,2025-07-21,Quality issue,Refunded,43512.72
RTRN004304,ORDR066068,,2025-07-16,Quality issue,Rejected,22680.5
RTRN004305,ORDR066071,,2025-07-14,Damaged product,Rejected,3940.98
RTRN004306,ORDR066087,,2025-07-05,Size issue,Refunded,29238.71
RTRN004307,ORDR066097,,2025-07-08,Damaged product,Rejected,330.96
RTRN004308,ORDR066117,,2025-07-07,Quality issue,Rejected,13361.56
RTRN004309,ORDR066122,,2025-07-19,Product not as described,Refunded,54341.34
RTRN004310,ORDR066124,,2025-07-07,Quality issue,Refunded,4660.46
RTRN004311,ORDR066157,,2025-07-16,Customer changed mind,Refunded,6116.6
RTRN004312,ORDR066161,,2025-07-03,Damaged product,Refunded,19212.3
RTRN004313,ORDR066167,,2025-07-11,Wrong product,Refunded,395.39
RTRN004314,ORDR066180,,2025-07-09,Customer changed mind,Refunded,6306.64
RTRN004315,ORDR066211,,2025-07-12,Size issue,Refunded,644.02
RTRN004316,ORDR066218,,2025-07-12,Late delivery,Refunded,427.86
RTRN004317,ORDR066223,,2025-07-17,Late delivery,Rejected,47441.72
RTRN004318,ORDR066228,,2025-07-13,Product not as described,Refunded,754.01
RTRN004319,ORDR066235,,2025-07-16,Size issue,Refunded,4022.14
RTRN004320,ORDR066239,,2025-07-18,Damaged product,Refunded,2375.98
RTRN004321,ORDR066245,,2025-07-20,Quality issue,Refunded,37069.68
RTRN004322,ORDR066267,,2025-07-18,Size issue,Refunded,1863.5
RTRN004323,ORDR066277,,2025-07-18,Damaged product,Rejected,20286.37
RTRN004324,ORDR066278,,2025-07-08,Product not as described,Refunded,79275.12
RTRN004325,ORDR066282,,2025-07-19,Quality issue,Rejected,16372.06
RTRN004326,ORDR066297,,2025-07-19,Product not as described,Refunded,386.54
RTRN004327,ORDR066314,,2025-07-15,Wrong product,Refunded,10495.75
RTRN004328,ORDR066320,,2025-07-14,Product not as described,Refunded,18259.69
RTRN004329,ORDR066336,,2025-07-07,Product not as described,Refunded,1439.13
RTRN004330,ORDR066359,,2025-07-06,Quality issue,Refunded,2387.56
RTRN004331,ORDR066370,,2025-07-22,Product not as described,Refunded,3723.51
RTRN004332,ORDR066391,,2025-07-12,Wrong product,Refunded,13962.53
RTRN004333,ORDR066437,,2025-07-19,Quality issue,Refunded,2779.37
RTRN004334,ORDR066441,,2025-07-15,Wrong product,Rejected,18251.22
RTRN004335,ORDR066448,,2025-07-12,Late delivery,Rejected,20607.89
RTRN004336,ORDR066492,,2025-07-06,Damaged product,Refunded,1280.87
RTRN004337,ORDR066495,,2025-07-16,Quality issue,Refunded,13657.84
RTRN004338,ORDR066520,,2025-07-22,Damaged product,Refunded,75.2
RTRN004339,ORDR066530,,2025-07-10,Damaged product,Refunded,253.62
RTRN004340,ORDR066544,,2025-07-15,Size issue,Rejected,3281.02
RTRN004341,ORDR066566,,2025-07-07,Wrong product,Refunded,3577.75
RTRN004342,ORDR066569,,2025-07-10,Product not as described,Refunded,18772.14
RTRN004343,ORDR066582,,2025-07-13,Damaged product,Refunded,25619.19
RTRN004344,ORDR066585,,2025-07-27,Quality issue,Refunded,199.25
RTRN004345,ORDR066609,,2025-07-09,Quality issue,Refunded,4840.35
RTRN004346,ORDR066610,,2025-07-21,Wrong product,Refunded,157.17
RTRN004347,ORDR066647,,2025-07-17,Product not as described,Rejected,5364.41
RTRN004348,ORDR066662,,2025-07-16,Product not as described,Refunded,1467.53
RTRN004349,ORDR066679,,2025-07-10,Damaged product,Refunded,1745.76
RTRN004350,ORDR066686,,2025-07-19,Size issue,Refunded,421.68
RTRN004351,ORDR066689,,2025-07-13,Customer changed mind,Refunded,409.76
RTRN004352,ORDR066694,,2025-07-17,Product not as described,Refunded,5015.05
RTRN004353,ORDR066695,,2025-07-10,Customer changed mind,Rejected,1493.63
RTRN004354,ORDR066705,,2025-07-17,Wrong product,Refunded,111.44
RTRN004355,ORDR066718,,2025-07-22,Wrong product,Rejected,4667.87
RTRN004356,ORDR066719,,2025-07-22,Size issue,Refunded,5160.92
RTRN004357,ORDR066724,,2025-07-10,Customer changed mind,Refunded,12065.7
RTRN004358,ORDR066735,,2025-07-09,Wrong product,Rejected,41151.7
RTRN004359,ORDR066746,,2025-07-17,Damaged product,Refunded,4685.32
RTRN004360,ORDR066748,,2025-07-19,Quality issue,Refunded,585.04
RTRN004361,ORDR066769,,2025-07-22,Quality issue,Rejected,3223.2
RTRN004362,ORDR066772,,2025-07-18,Wrong product,Refunded,41201.97
RTRN004363,ORDR066778,,2025-07-12,Damaged product,Refunded,1500.37
RTRN004364,ORDR066791,,2025-07-17,Quality issue,Rejected,19961.06
RTRN004365,ORDR066800,,2025-07-16,Damaged product,Refunded,533.78
RTRN004366,ORDR066816,,2025-07-20,Size issue,Refunded,11967.12
RTRN004367,ORDR066848,,2025-07-10,Damaged product,Refunded,23572.56
RTRN004368,ORDR066883,,2025-07-19,Quality issue,Refunded,11429.89
RTRN004369,ORDR066895,,2025-07-20,Damaged product,Rejected,6831.37
RTRN004370,ORDR066909,,2025-07-19,Product not as described,Rejected,13365.81
RTRN004371,ORDR066941,,2025-07-17,Damaged product,Refunded,218.49
RTRN004372,ORDR066950,,2025-07-21,Damaged product,Refunded,1033.01
RTRN004373,ORDR066954,,2025-07-19,Size issue,Refunded,9460.6
RTRN004374,ORDR066967,,2025-07-24,Customer changed mind,Rejected,5879.21
RTRN004375,ORDR066969,,2025-07-16,Customer changed mind,Refunded,276.64
RTRN004376,ORDR066993,,2025-07-14,Product not as described,Refunded,454.62
RTRN004377,ORDR067006,,2025-07-21,Wrong product,Refunded,39403.42
RTRN004378,ORDR067008,,2025-07-15,Product not as described,Refunded,18265.5
RTRN004379,ORDR067009,,2025-07-18,Damaged product,Rejected,2778.81
RTRN004380,ORDR067023,,2025-07-24,Wrong product,Refunded,1090.75
RTRN004381,ORDR067122,,2025-07-23,Damaged product,Refunded,538.78
RTRN004382,ORDR067125,,2025-07-18,Quality issue,Refunded,7992.79
RTRN004383,ORDR067158,,2025-07-23,Wrong product,Refunded,412.76
RTRN004384,ORDR067176,,2025-07-13,Size issue,Refunded,3530.71
RTRN004385,ORDR067178,,2025-07-14,Size issue,Rejected,26692.96
RTRN004386,ORDR067210,,2025-07-27,Product not as described,Refunded,4963.23
RTRN004387,ORDR067213,,2025-07-24,Damaged product,Refunded,801.23
RTRN004388,ORDR067219,,2025-07-26,Product not as described,Refunded,366.42
RTRN004389,ORDR067230,,2025-07-18,Wrong product,Refunded,6437.31
RTRN004390,ORDR067231,,2025-07-21,Wrong product,Refunded,558.28
RTRN004391,ORDR067232,,2025-07-13,Wrong product,Refunded,8321.4
RTRN004392,ORDR067236,,2025-07-20,Customer changed mind,Refunded,400.85
RTRN004393,ORDR067238,,2025-07-17,Wrong product,Refunded,5110.1
RTRN004394,ORDR067271,,2025-07-26,Damaged product,Refunded,524.51
RTRN004395,ORDR067284,,2025-07-22,Product not as described,Refunded,22708.8
RTRN004396,ORDR067298,,2025-07-16,Product not as described,Refunded,4955.21
RTRN004397,ORDR067308,,2025-07-25,Quality issue,Refunded,4834.88
RTRN004398,ORDR067333,,2025-07-16,Quality issue,Refunded,4130.94
RTRN004399,ORDR067354,,2025-07-17,Quality issue,Refunded,51614.31
RTRN004400,ORDR067356,,2025-07-24,Customer changed mind,Rejected,48505.32
RTRN004401,ORDR067392,,2025-07-13,Size issue,Refunded,18107.17
RTRN004402,ORDR067399,,2025-07-26,Quality issue,Refunded,1521.56
RTRN004403,ORDR067425,,2025-07-26,Wrong product,Refunded,4285.17
RTRN004404,ORDR067443,,2025-07-23,Size issue,Rejected,1225.01
RTRN004405,ORDR067456,,2025-07-22,Customer changed mind,Refunded,7052.09
RTRN004406,ORDR067457,,2025-07-23,Damaged product,Refunded,12566.83
RTRN004407,ORDR067476,,2025-07-14,Quality issue,Refunded,16407.67
RTRN004408,ORDR067487,,2025-07-23,Wrong product,Refunded,73212.71
RTRN004409,ORDR067492,,2025-07-24,Damaged product,Refunded,51050.07
RTRN004410,ORDR067501,,2025-07-19,Size issue,Rejected,4413.03
RTRN004411,ORDR067502,,2025-07-24,Quality issue,Refunded,13025.25
RTRN004412,ORDR067517,,2025-07-22,Product not as described,Refunded,5058.16
RTRN004413,ORDR067541,,2025-07-25,Wrong product,Refunded,1921.92
RTRN004414,ORDR067548,,2025-07-24,Damaged product,Refunded,2018.83
RTRN004415,ORDR067616,,2025-07-30,Size issue,Rejected,590.93
RTRN004416,ORDR067631,,2025-07-25,Product not as described,Rejected,1330.79
RTRN004417,ORDR067658,,2025-07-22,Damaged product,Refunded,1030.19
RTRN004418,ORDR067664,,2025-07-24,Damaged product,Refunded,12848.32
RTRN004419,ORDR067688,,2025-07-22,Product not as described,Refunded,196.37
RTRN004420,ORDR067694,,2025-07-28,Wrong product,Refunded,303.42
RTRN004421,ORDR067702,,2025-07-27,Customer changed mind,Refunded,5905.36
RTRN004422,ORDR067711,,2025-07-28,Size issue,Rejected,6963.05
RTRN004423,ORDR067739,,2025-07-22,Damaged product,Rejected,1923.27
RTRN004424,ORDR067755,,2025-07-17,Size issue,Rejected,5074.54
RTRN004425,ORDR067765,,2025-07-26,Quality issue,Refunded,60713.47
RTRN004426,ORDR067782,,2025-07-18,Damaged product,Refunded,2963.04
RTRN004427,ORDR067793,,2025-07-22,Wrong product,Rejected,243.67
RTRN004428,ORDR067799,,2025-07-23,Wrong product,Rejected,511.27
RTRN004429,ORDR067814,,2025-07-25,Late delivery,Refunded,4259.99
RTRN004430,ORDR067838,,2025-07-29,Product not as described,Rejected,359.99
RTRN004431,ORDR067855,,2025-07-24,Customer changed mind,Refunded,439.3
RTRN004432,ORDR067864,,2025-07-29,Customer changed mind,Rejected,9639.68
RTRN004433,ORDR067870,,2025-08-02,Customer changed mind,Refunded,1450.22
RTRN004434,ORDR067877,,2025-07-27,Quality issue,Refunded,8421.46
RTRN004435,ORDR067882,,2025-07-25,Quality issue,Rejected,1492.61
RTRN004436,ORDR067894,,2025-07-18,Damaged product,Refunded,5049.91
RTRN004437,ORDR067919,,2025-07-23,Product not as described,Rejected,984.96
RTRN004438,ORDR067928,,2025-07-24,Customer changed mind,Refunded,807.21
RTRN004439,ORDR067989,,2025-07-24,Product not as described,Refunded,1156.62
RTRN004440,ORDR068018,,2025-07-30,Damaged product,Refunded,1640.71
RTRN004441,ORDR068068,,2025-07-20,Product not as described,Refunded,3965.46
RTRN004442,ORDR068074,,2025-07-22,Late delivery,Refunded,3612.65
RTRN004443,ORDR068083,,2025-07-29,Damaged product,Refunded,25930.28
RTRN004444,ORDR068137,,2025-07-20,Size issue,Rejected,6239.59
RTRN004445,ORDR068141,,2025-07-31,Product not as described,Refunded,2011.84
RTRN004446,ORDR068143,,2025-07-25,Customer changed mind,Refunded,137.4
RTRN004447,ORDR068145,,2025-07-27,Damaged product,Refunded,20110.87
RTRN004448,ORDR068160,,2025-07-22,Customer changed mind,Refunded,1168.93
RTRN004449,ORDR068164,,2025-07-26,Quality issue,Refunded,888.19
RTRN004450,ORDR068178,,2025-08-02,Size issue,Refunded,2360.0
RTRN004451,ORDR068184,,2025-07-26,Quality issue,Refunded,9883.82
RTRN004452,ORDR068187,,2025-07-20,Customer changed mind,Refunded,7447.99
RTRN004453,ORDR068216,,2025-07-27,Damaged product,Refunded,1643.76
RTRN004454,ORDR068217,,2025-07-24,Wrong product,Refunded,443.58
RTRN004455,ORDR068286,,2025-07-27,Damaged product,Refunded,521.54
RTRN004456,ORDR068290,,2025-08-03,Product not as described,Refunded,2457.42
RTRN004457,ORDR068305,,2025-07-20,Quality issue,Refunded,7360.59
RTRN004458,ORDR068321,,2025-07-28,Size issue,Refunded,16462.12
RTRN004459,ORDR068353,,2025-07-22,Wrong product,Rejected,51744.3
RTRN004460,ORDR068356,,2025-07-29,Damaged product,Rejected,2897.25
RTRN004461,ORDR068372,,2025-07-24,Quality issue,Refunded,879.85
RTRN004462,ORDR068391,,2025-08-04,Quality issue,Refunded,7997.69
RTRN004463,ORDR068400,,2025-08-04,Damaged product,Refunded,16590.41
RTRN004464,ORDR068442,,2025-08-02,Product not as described,Rejected,9282.92
RTRN004465,ORDR068445,,2025-08-04,Customer changed mind,Refunded,30161.72
RTRN004466,ORDR068461,,2025-07-25,Quality issue,Refunded,2074.71
RTRN004467,ORDR068525,,2025-07-28,Damaged product,Refunded,21621.19
RTRN004468,ORDR068532,,2025-08-08,Damaged product,Refunded,414.76
RTRN004469,ORDR068537,,2025-07-29,Size issue,Refunded,2490.08
RTRN004470,ORDR068553,,2025-07-29,Customer changed mind,Refunded,17639.31
RTRN004471,ORDR068556,,2025-08-03,Late delivery,Rejected,252.01
RTRN004472,ORDR068582,,2025-07-29,Wrong product,Refunded,28195.17
RTRN004473,ORDR068587,,2025-07-25,Damaged product,Refunded,392.62
RTRN004474,ORDR068649,,2025-08-04,Wrong product,Refunded,2671.28
RTRN004475,ORDR068660,,2025-07-30,Quality issue,Refunded,15393.86
RTRN004476,ORDR068683,,2025-07-26,Product not as described,Refunded,6935.85
RTRN004477,ORDR068685,,2025-08-04,Product not as described,Refunded,9459.58
RTRN004478,ORDR068692,,2025-08-04,Customer changed mind,Refunded,2471.29
RTRN004479,ORDR068705,,2025-08-01,Quality issue,Rejected,2152.67
RTRN004480,ORDR068714,,2025-07-24,Late delivery,Refunded,23309.55
RTRN004481,ORDR068720,,2025-08-01,Damaged product,Refunded,2221.71
RTRN004482,ORDR068731,,2025-08-10,Wrong product,Refunded,5218.99
RTRN004483,ORDR068735,,2025-07-29,Product not as described,Refunded,550.56
RTRN004484,ORDR068736,,2025-07-28,Damaged product,Refunded,175.32
RTRN004485,ORDR068737,,2025-08-04,Damaged product,Rejected,525.08
RTRN004486,ORDR068749,,2025-07-29,Wrong product,Refunded,3002.13
RTRN004487,ORDR068752,,2025-07-30,Wrong product,Refunded,2362.47
RTRN004488,ORDR068756,,2025-07-29,Customer changed mind,Refunded,5189.39
RTRN004489,ORDR068773,,2025-07-28,Product not as described,Refunded,9890.39
RTRN004490,ORDR068798,,2025-08-06,Damaged product,Refunded,10745.55
RTRN004491,ORDR068801,,2025-07-30,Damaged product,Refunded,1026.55
RTRN004492,ORDR068807,,2025-07-24,Quality issue,Refunded,8662.88
RTRN004493,ORDR068818,,2025-07-22,Customer changed mind,Rejected,1281.63
RTRN004494,ORDR068826,,2025-08-03,Size issue,Refunded,7243.19
RTRN004495,ORDR068847,,2025-08-03,Size issue,Refunded,530.5
RTRN004496,ORDR068854,,2025-07-26,Wrong product,Refunded,537.57
RTRN004497,ORDR068885,,2025-07-26,Damaged product,Refunded,17804.76
RTRN004498,ORDR068911,,2025-07-30,Damaged product,Rejected,13479.35
RTRN004499,ORDR068913,,2025-07-25,Damaged product,Refunded,209.18
RTRN004500,ORDR068925,,2025-07-28,Quality issue,Refunded,1643.14
RTRN004501,ORDR068970,,2025-08-07,Damaged product,Refunded,8273.6
RTRN004502,ORDR068975,,2025-08-04,Size issue,Refunded,491.37
RTRN004503,ORDR069005,,2025-07-30,Quality issue,Refunded,35060.6
RTRN004504,ORDR069014,,2025-07-31,Customer changed mind,Refunded,401.89
RTRN004505,ORDR069069,,2025-07-29,Damaged product,Refunded,45772.64
RTRN004506,ORDR069072,,2025-07-27,Damaged product,Refunded,6595.38
RTRN004507,ORDR069085,,2025-08-01,Quality issue,Refunded,5269.45
RTRN004508,ORDR069088,,2025-08-07,Quality issue,Refunded,6012.93
RTRN004509,ORDR069100,,2025-07-26,Wrong product,Rejected,1370.27
RTRN004510,ORDR069112,,2025-08-05,Size issue,Refunded,13026.01
RTRN004511,ORDR069116,,2025-08-09,Damaged product,Refunded,477.83
RTRN004512,ORDR069119,,2025-08-13,Size issue,Refunded,7241.97
RTRN004513,ORDR069122,,2025-08-08,Product not as described,Refunded,58605.78
RTRN004514,ORDR069126,,2025-07-25,Product not as described,Rejected,4361.47
RTRN004515,ORDR069141,,2025-08-01,Quality issue,Refunded,7490.57
RTRN004516,ORDR069148,,2025-07-29,Size issue,Rejected,6671.53
RTRN004517,ORDR069162,,2025-08-01,Customer changed mind,Rejected,2036.87
RTRN004518,ORDR069200,,2025-08-02,Product not as described,Rejected,17858.41
RTRN004519,ORDR069204,,2025-08-08,Wrong product,Refunded,1870.99
RTRN004520,ORDR069219,,2025-08-08,Damaged product,Refunded,2677.21
RTRN004521,ORDR069243,,2025-07-30,Quality issue,Refunded,20581.62
RTRN004522,ORDR069251,,2025-08-05,Damaged product,Refunded,139.22
RTRN004523,ORDR069296,,2025-07-27,Quality issue,Rejected,312.1
RTRN004524,ORDR069372,,2025-08-12,Quality issue,Refunded,9213.75
RTRN004525,ORDR069397,,2025-08-10,Customer changed mind,Refunded,79798.76
RTRN004526,ORDR069401,,2025-08-06,Product not as described,Refunded,6749.3
RTRN004527,ORDR069410,,2025-07-24,Size issue,Rejected,18686.12
RTRN004528,ORDR069411,,2025-08-09,Product not as described,Refunded,16678.67
RTRN004529,ORDR069422,,2025-08-04,Customer changed mind,Refunded,936.51
RTRN004530,ORDR069435,,2025-08-07,Product not as described,Refunded,1128.99
RTRN004531,ORDR069451,,2025-08-02,Damaged product,Refunded,2584.3
RTRN004532,ORDR069484,,2025-08-01,Damaged product,Refunded,1064.95
RTRN004533,ORDR069492,,2025-08-12,Size issue,Refunded,1998.99
RTRN004534,ORDR069495,,2025-08-10,Size issue,Refunded,17130.68
RTRN004535,ORDR069497,,2025-08-11,Late delivery,Refunded,128.44
RTRN004536,ORDR069501,,2025-08-16,Wrong product,Refunded,4447.43
RTRN004537,ORDR069507,,2025-08-04,Size issue,Refunded,19832.16
RTRN004538,ORDR069511,,2025-08-12,Customer changed mind,Rejected,6685.49
RTRN004539,ORDR069523,,2025-08-13,Quality issue,Refunded,13229.64
RTRN004540,ORDR069543,,2025-08-10,Damaged product,Refunded,86974.46
RTRN004541,ORDR069568,,2025-07-30,Customer changed mind,Rejected,19644.05
RTRN004542,ORDR069575,,2025-07-30,Customer changed mind,Refunded,15583.37
RTRN004543,ORDR069591,,2025-08-11,Size issue,Refunded,922.6
RTRN004544,ORDR069606,,2025-07-31,Customer changed mind,Refunded,5218.57
RTRN004545,ORDR069628,,2025-08-08,Customer changed mind,Refunded,1059.64
RTRN004546,ORDR069643,,2025-08-16,Quality issue,Rejected,5164.45
RTRN004547,ORDR069691,,2025-08-13,Size issue,Refunded,3625.12
RTRN004548,ORDR069698,,2025-08-10,Customer changed mind,Refunded,4933.36
RTRN004549,ORDR069710,,2025-08-09,Quality issue,Refunded,2613.65
RTRN004550,ORDR069717,,2025-08-10,Customer changed mind,Rejected,6461.64
RTRN004551,ORDR069718,,2025-08-11,Damaged product,Refunded,532.42
RTRN004552,ORDR069744,,2025-08-06,Damaged product,Refunded,1075.15
RTRN004553,ORDR069747,,2025-08-07,Wrong product,Refunded,4216.02
RTRN004554,ORDR069758,,2025-08-12,Damaged product,Refunded,1893.13
RTRN004555,ORDR069763,,2025-08-02,Product not as described,Refunded,3429.83
RTRN004556,ORDR069790,,2025-08-16,Wrong product,Refunded,1958.37
RTRN004557,ORDR069812,,2025-08-10,Product not as described,Refunded,6210.18
RTRN004558,ORDR069843,,2025-08-06,Quality issue,Refunded,847.06
RTRN004559,ORDR069845,,2025-08-12,Customer changed mind,Refunded,49997.6
RTRN004560,ORDR069848,,2025-08-03,Customer changed mind,Refunded,17021.34
RTRN004561,ORDR069869,,2025-08-05,Product not as described,Refunded,5162.55
RTRN004562,ORDR069876,,2025-08-06,Size issue,Rejected,525.93
RTRN004563,ORDR069881,,2025-08-11,Customer changed mind,Refunded,6031.63
RTRN004564,ORDR069885,,2025-08-02,Late delivery,Rejected,20136.5
RTRN004565,ORDR069894,,2025-08-12,Customer changed mind,Refunded,1155.73
RTRN004566,ORDR069899,,2025-08-09,Damaged product,Refunded,17621.22
RTRN004567,ORDR069916,,2025-08-07,Damaged product,Rejected,4624.81
RTRN004568,ORDR069920,,2025-08-12,Wrong product,Rejected,1624.67
RTRN004569,ORDR069922,,2025-07-30,Product not as described,Refunded,972.25
RTRN004570,ORDR069947,,2025-08-13,Damaged product,Refunded,3159.36
RTRN004571,ORDR069957,,2025-08-22,Wrong product,Rejected,846.53
RTRN004572,ORDR069960,,2025-08-05,Quality issue,Rejected,460.84
RTRN004573,ORDR069980,,2025-08-03,Customer changed mind,Rejected,326.41
RTRN004574,ORDR069984,,2025-08-15,Wrong product,Refunded,904.17
RTRN004575,ORDR069985,,2025-08-05,Quality issue,Refunded,11330.96
RTRN004576,ORDR070025,,2025-08-18,Wrong product,Refunded,1475.7
RTRN004577,ORDR070034,,2025-08-18,Product not as described,Refunded,12502.95
RTRN004578,ORDR070050,,2025-08-14,Product not as described,Refunded,25566.07
RTRN004579,ORDR070068,,2025-08-12,Product not as described,Refunded,897.33
RTRN004580,ORDR070069,,2025-08-14,Wrong product,Rejected,194.5
RTRN004581,ORDR070073,,2025-08-09,Size issue,Refunded,6263.19
RTRN004582,ORDR070075,,2025-08-15,Damaged product,Refunded,31334.57
RTRN004583,ORDR070103,,2025-08-06,Damaged product,Refunded,1370.55
RTRN004584,ORDR070105,,2025-08-06,Size issue,Refunded,2490.05
RTRN004585,ORDR070115,,2025-08-01,Quality issue,Rejected,266.95
RTRN004586,ORDR070120,,2025-08-09,Customer changed mind,Refunded,16897.37
RTRN004587,ORDR070123,,2025-08-10,Late delivery,Refunded,4674.64
RTRN004588,ORDR070134,,2025-08-06,Wrong product,Refunded,6876.62
RTRN004589,ORDR070141,,2025-08-09,Late delivery,Rejected,7844.67
RTRN004590,ORDR070143,,2025-08-13,Customer changed mind,Refunded,511.25
RTRN004591,ORDR070159,,2025-08-18,Customer changed mind,Refunded,1383.84
RTRN004592,ORDR070162,,2025-08-10,Wrong product,Rejected,11268.01
RTRN004593,ORDR070165,,2025-08-18,Product not as described,Rejected,7517.72
RTRN004594,ORDR070180,,2025-08-14,Wrong product,Refunded,33718.7
RTRN004595,ORDR070197,,2025-08-17,Damaged product,Refunded,3083.54
RTRN004596,ORDR070211,,2025-08-10,Damaged product,Refunded,26418.08
RTRN004597,ORDR070215,,2025-08-11,Quality issue,Refunded,78539.09
RTRN004598,ORDR070238,,2025-08-09,Size issue,Rejected,4099.53
RTRN004599,ORDR070273,,2025-08-11,Damaged product,Rejected,3748.59
RTRN004600,ORDR070288,,2025-08-11,Product not as described,Refunded,30343.7
RTRN004601,ORDR070301,,2025-08-09,Customer changed mind,Refunded,15498.42
RTRN004602,ORDR070307,,2025-08-21,Wrong product,Refunded,253.25
RTRN004603,ORDR070310,,2025-08-10,Size issue,Refunded,2367.41
RTRN004604,ORDR070314,,2025-08-15,Damaged product,Refunded,14906.85
RTRN004605,ORDR070333,,2025-08-09,Size issue,Refunded,3471.47
RTRN004606,ORDR070334,,2025-08-12,Damaged product,Rejected,2445.95
RTRN004607,ORDR070342,,2025-08-08,Customer changed mind,Refunded,2222.07
RTRN004608,ORDR070349,,2025-08-18,Quality issue,Refunded,1086.94
RTRN004609,ORDR070356,,2025-08-12,Customer changed mind,Refunded,7669.91
RTRN004610,ORDR070369,,2025-08-12,Damaged product,Refunded,13328.78
RTRN004611,ORDR070431,,2025-08-14,Wrong product,Refunded,3796.86
RTRN004612,ORDR070464,,2025-08-13,Product not as described,Rejected,13069.24
RTRN004613,ORDR070483,,2025-08-08,Customer changed mind,Refunded,10603.19
RTRN004614,ORDR070485,,2025-08-19,Damaged product,Refunded,17605.74
RTRN004615,ORDR070492,,2025-08-03,Product not as described,Refunded,28974.77
RTRN004616,ORDR070519,,2025-08-11,Quality issue,Rejected,5082.93
RTRN004617,ORDR070539,,2025-08-22,Product not as described,Rejected,39912.98
RTRN004618,ORDR070545,,2025-08-07,Late delivery,Refunded,8772.54
RTRN004619,ORDR070553,,2025-08-13,Customer changed mind,Refunded,5136.97
RTRN004620,ORDR070567,,2025-08-15,Damaged product,Rejected,8673.39
RTRN004621,ORDR070578,,2025-08-09,Quality issue,Refunded,273.83
RTRN004622,ORDR070638,,2025-08-20,Size issue,Rejected,3004.98
RTRN004623,ORDR070659,,2025-08-09,Quality issue,Refunded,3980.93
RTRN004624,ORDR070667,,2025-08-07,Customer changed mind,Refunded,390.89
RTRN004625,ORDR070687,,2025-08-10,Product not as described,Refunded,1649.31
RTRN004626,ORDR070690,,2025-08-18,Product not as described,Refunded,1486.86
RTRN004627,ORDR070691,,2025-08-05,Wrong product,Refunded,1024.31
RTRN004628,ORDR070700,,2025-08-10,Wrong product,Refunded,9389.63
RTRN004629,ORDR070704,,2025-08-18,Product not as described,Refunded,1568.07
RTRN004630,ORDR070719,,2025-08-13,Quality issue,Refunded,2440.89
RTRN004631,ORDR070728,,2025-08-14,Damaged product,Rejected,35885.91
RTRN004632,ORDR070742,,2025-08-14,Wrong product,Rejected,529.2
RTRN004633,ORDR070755,,2025-08-29,Damaged product,Rejected,152.19
RTRN004634,ORDR070757,,2025-08-14,Damaged product,Refunded,11403.19
RTRN004635,ORDR070781,,2025-08-12,Product not as described,Refunded,1202.32
RTRN004636,ORDR070787,,2025-08-21,Product not as described,Rejected,1415.43
RTRN004637,ORDR070807,,2025-08-11,Damaged product,Refunded,21614.51
RTRN004638,ORDR070818,,2025-08-16,Size issue,Refunded,7724.65
RTRN004639,ORDR070843,,2025-08-06,Wrong product,Refunded,1022.03
RTRN004640,ORDR070878,,2025-08-18,Product not as described,Rejected,703.33
RTRN004641,ORDR070883,,2025-08-13,Customer changed mind,Rejected,2975.8
RTRN004642,ORDR070891,,2025-08-14,Quality issue,Rejected,25836.8
RTRN004643,ORDR070903,,2025-08-21,Damaged product,Rejected,3548.4
RTRN004644,ORDR070911,,2025-08-19,Size issue,Refunded,5825.53
RTRN004645,ORDR070920,,2025-08-13,Damaged product,Refunded,2039.41
RTRN004646,ORDR070955,,2025-08-17,Late delivery,Refunded,1760.67
RTRN004647,ORDR070956,,2025-08-17,Product not as described,Refunded,13347.72
RTRN004648,ORDR070988,,2025-08-10,Customer changed mind,Rejected,44934.11
RTRN004649,ORDR071012,,2025-08-09,Late delivery,Refunded,979.52
RTRN004650,ORDR071031,,2025-08-15,Wrong product,Rejected,284.52
RTRN004651,ORDR071042,,2025-08-16,Damaged product,Rejected,1705.57
RTRN004652,ORDR071043,,2025-08-15,Size issue,Refunded,904.61
RTRN004653,ORDR071048,,2025-08-14,Quality issue,Refunded,25115.62
RTRN004654,ORDR071060,,2025-08-16,Quality issue,Rejected,188.92
RTRN004655,ORDR071099,,2025-08-15,Damaged product,Refunded,65355.08
RTRN004656,ORDR071106,,2025-08-11,Damaged product,Refunded,887.17
RTRN004657,ORDR071112,,2025-08-18,Wrong product,Refunded,9994.98
RTRN004658,ORDR071124,,2025-08-30,Damaged product,Rejected,57832.9
RTRN004659,ORDR071126,,2025-08-18,Damaged product,Refunded,396.51
RTRN004660,ORDR071138,,2025-08-15,Size issue,Refunded,4121.42
RTRN004661,ORDR071141,,2025-08-23,Product not as described,Rejected,3336.3
RTRN004662,ORDR071143,,2025-08-18,Customer changed mind,Refunded,2636.69
RTRN004663,ORDR071154,,2025-08-17,Customer changed mind,Rejected,2855.13
RTRN004664,ORDR071187,,2025-08-19,Wrong product,Rejected,1195.93
RTRN004665,ORDR071218,,2025-08-17,Damaged product,Refunded,1128.01
RTRN004666,ORDR071249,,2025-08-17,Wrong product,Refunded,843.62
RTRN004667,ORDR071254,,2025-08-25,Wrong product,Rejected,903.6
RTRN004668,ORDR071292,,2025-08-17,Damaged product,Refunded,1134.14
RTRN004669,ORDR071298,,2025-08-17,Customer changed mind,Refunded,7378.6
RTRN004670,ORDR071312,,2025-08-24,Damaged product,Refunded,403.31
RTRN004671,ORDR071321,,2025-08-19,Wrong product,Refunded,1008.44
RTRN004672,ORDR071370,,2025-08-17,Product not as described,Refunded,51216.49
RTRN004673,ORDR071385,,2025-08-19,Wrong product,Refunded,107561.86
RTRN004674,ORDR071390,,2025-08-16,Product not as described,Refunded,7100.54
RTRN004675,ORDR071443,,2025-08-18,Customer changed mind,Refunded,7079.51
RTRN004676,ORDR071449,,2025-08-26,Wrong product,Refunded,404.57
RTRN004677,ORDR071471,,2025-08-30,Customer changed mind,Refunded,7521.83
RTRN004678,ORDR071477,,2025-08-16,Wrong product,Refunded,8384.7
RTRN004679,ORDR071486,,2025-08-21,Customer changed mind,Rejected,3197.26
RTRN004680,ORDR071491,,2025-08-20,Wrong product,Rejected,1069.36
RTRN004681,ORDR071501,,2025-08-21,Wrong product,Refunded,328.81
RTRN004682,ORDR071504,,2025-09-05,Product not as described,Rejected,5283.43
RTRN004683,ORDR071508,,2025-08-13,Wrong product,Refunded,4388.3
RTRN004684,ORDR071519,,2025-08-30,Size issue,Refunded,1103.05
RTRN004685,ORDR071521,,2025-08-22,Wrong product,Rejected,1271.16
RTRN004686,ORDR071523,,2025-08-15,Late delivery,Refunded,11949.45
RTRN004687,ORDR071558,,2025-08-21,Damaged product,Rejected,23902.15
RTRN004688,ORDR071568,,2025-08-22,Wrong product,Rejected,5709.61
RTRN004689,ORDR071573,,2025-08-20,Damaged product,Refunded,14901.79
RTRN004690,ORDR071579,,2025-08-11,Wrong product,Rejected,534.65
RTRN004691,ORDR071594,,2025-08-20,Damaged product,Refunded,82031.61
RTRN004692,ORDR071598,,2025-08-19,Product not as described,Refunded,2689.99
RTRN004693,ORDR071600,,2025-08-20,Product not as described,Refunded,1235.86
RTRN004694,ORDR071608,,2025-08-18,Quality issue,Refunded,1127.97
RTRN004695,ORDR071609,,2025-08-26,Product not as described,Refunded,627.85
RTRN004696,ORDR071613,,2025-08-21,Customer changed mind,Rejected,4431.48
RTRN004697,ORDR071614,,2025-08-18,Size issue,Refunded,5600.01
RTRN004698,ORDR071615,,2025-08-23,Quality issue,Refunded,24657.63
RTRN004699,ORDR071617,,2025-08-21,Wrong product,Rejected,131975.52
RTRN004700,ORDR071624,,2025-08-15,Product not as described,Refunded,5009.24
RTRN004701,ORDR071632,,2025-08-23,Wrong product,Refunded,25799.77
RTRN004702,ORDR071650,,2025-08-17,Damaged product,Refunded,8089.72
RTRN004703,ORDR071652,,2025-08-27,Customer changed mind,Refunded,783.99
RTRN004704,ORDR071677,,2025-08-20,Customer changed mind,Refunded,3371.91
RTRN004705,ORDR071690,,2025-08-25,Product not as described,Rejected,692.59
RTRN004706,ORDR071698,,2025-08-16,Wrong product,Refunded,9627.06
RTRN004707,ORDR071699,,2025-08-21,Product not as described,Rejected,5804.2
RTRN004708,ORDR071700,,2025-08-22,Damaged product,Refunded,12507.6
RTRN004709,ORDR071711,,2025-08-22,Customer changed mind,Rejected,1224.1
RTRN004710,ORDR071759,,2025-08-26,Customer changed mind,Rejected,28295.07
RTRN004711,ORDR071775,,2025-08-17,Wrong product,Refunded,33099.73
RTRN004712,ORDR071798,,2025-08-19,Customer changed mind,Refunded,7622.5
RTRN004713,ORDR071823,,2025-08-17,Damaged product,Refunded,16457.68
RTRN004714,ORDR071862,,2025-08-23,Quality issue,Refunded,293.73
RTRN004715,ORDR071863,,2025-08-27,Wrong product,Refunded,497.84
RTRN004716,ORDR071868,,2025-08-23,Quality issue,Refunded,13208.12
RTRN004717,ORDR071880,,2025-08-25,Size issue,Refunded,554.04
RTRN004718,ORDR071905,,2025-08-22,Damaged product,Rejected,12598.27
RTRN004719,ORDR071929,,2025-08-22,Quality issue,Refunded,14364.55
RTRN004720,ORDR071946,,2025-08-27,Customer changed mind,Refunded,2045.64
RTRN004721,ORDR071952,,2025-08-16,Product not as described,Rejected,773.64
RTRN004722,ORDR071953,,2025-08-17,Product not as described,Refunded,3510.56
RTRN004723,ORDR071962,,2025-08-24,Customer changed mind,Refunded,10888.47
RTRN004724,ORDR071978,,2025-08-22,Late delivery,Refunded,1787.51
RTRN004725,ORDR071988,,2025-08-29,Product not as described,Refunded,2297.37
RTRN004726,ORDR071996,,2025-08-21,Product not as described,Rejected,49519.04
RTRN004727,ORDR072008,,2025-08-18,Damaged product,Refunded,121046.11
RTRN004728,ORDR072026,,2025-08-22,Size issue,Refunded,5041.27
RTRN004729,ORDR072086,,2025-09-01,Customer changed mind,Refunded,2702.35
RTRN004730,ORDR072093,,2025-08-21,Product not as described,Refunded,1931.44
RTRN004731,ORDR072100,,2025-08-22,Wrong product,Refunded,869.05
RTRN004732,ORDR072104,,2025-08-22,Product not as described,Rejected,1428.84
RTRN004733,ORDR072144,,2025-08-26,Product not as described,Refunded,3056.2
RTRN004734,ORDR072154,,2025-08-26,Wrong product,Refunded,207.28
RTRN004735,ORDR072163,,2025-08-21,Damaged product,Refunded,5650.21
RTRN004736,ORDR072167,,2025-08-16,Late delivery,Rejected,20536.3
RTRN004737,ORDR072168,,2025-08-27,Product not as described,Refunded,557.85
RTRN004738,ORDR072171,,2025-08-21,Damaged product,Refunded,209.25
RTRN004739,ORDR072228,,2025-08-29,Size issue,Refunded,14335.46
RTRN004740,ORDR072251,,2025-08-28,Damaged product,Refunded,372.25
RTRN004741,ORDR072255,,2025-08-18,Damaged product,Refunded,18576.36
RTRN004742,ORDR072260,,2025-08-26,Quality issue,Refunded,250.91
RTRN004743,ORDR072267,,2025-08-26,Damaged product,Refunded,2951.95
RTRN004744,ORDR072277,,2025-08-19,Customer changed mind,Rejected,2691.85
RTRN004745,ORDR072304,,2025-08-28,Damaged product,Refunded,165.56
RTRN004746,ORDR072306,,2025-08-24,Damaged product,Refunded,805.34
RTRN004747,ORDR072322,,2025-09-02,Damaged product,Rejected,83900.41
RTRN004748,ORDR072328,,2025-08-19,Size issue,Refunded,3754.03
RTRN004749,ORDR072335,,2025-08-25,Product not as described,Refunded,1896.73
RTRN004750,ORDR072357,,2025-08-28,Product not as described,Rejected,803.65
RTRN004751,ORDR072360,,2025-08-30,Damaged product,Rejected,2189.0
RTRN004752,ORDR072364,,2025-08-19,Quality issue,Refunded,545.66
RTRN004753,ORDR072369,,2025-08-27,Wrong product,Refunded,159.37
RTRN004754,ORDR072377,,2025-08-27,Quality issue,Refunded,15060.79
RTRN004755,ORDR072391,,2025-08-27,Size issue,Refunded,1109.16
RTRN004756,ORDR072398,,2025-09-03,Wrong product,Rejected,1125.23
RTRN004757,ORDR072414,,2025-08-24,Product not as described,Rejected,3332.93
RTRN004758,ORDR072448,,2025-08-26,Quality issue,Refunded,19035.19
RTRN004759,ORDR072458,,2025-09-02,Size issue,Refunded,3565.71
RTRN004760,ORDR072465,,2025-08-30,Product not as described,Refunded,2066.27
RTRN004761,ORDR072469,,2025-08-29,Customer changed mind,Refunded,878.15
RTRN004762,ORDR072470,,2025-09-02,Damaged product,Rejected,5041.63
RTRN004763,ORDR072475,,2025-09-01,Damaged product,Refunded,1965.31
RTRN004764,ORDR072482,,2025-08-17,Size issue,Rejected,454.8
RTRN004765,ORDR072503,,2025-09-03,Damaged product,Refunded,9711.2
RTRN004766,ORDR072510,,2025-08-25,Customer changed mind,Refunded,811.39
RTRN004767,ORDR072513,,2025-08-28,Damaged product,Refunded,172.97
RTRN004768,ORDR072543,,2025-08-22,Quality issue,Rejected,1236.0
RTRN004769,ORDR072545,,2025-08-24,Damaged product,Refunded,12761.71
RTRN004770,ORDR072562,,2025-08-21,Damaged product,Refunded,896.58
RTRN004771,ORDR072571,,2025-08-29,Product not as described,Refunded,8012.23
RTRN004772,ORDR072587,,2025-08-25,Size issue,Refunded,2050.94
RTRN004773,ORDR072596,,2025-08-22,Customer changed mind,Rejected,2051.47
RTRN004774,ORDR072622,,2025-08-30,Product not as described,Rejected,1072.03
RTRN004775,ORDR072624,,2025-08-20,Damaged product,Refunded,19770.34
RTRN004776,ORDR072651,,2025-08-26,Damaged product,Refunded,2239.47
RTRN004777,ORDR072653,,2025-08-28,Quality issue,Refunded,690.63
RTRN004778,ORDR072666,,2025-08-31,Damaged product,Refunded,13112.24
RTRN004779,ORDR072677,,2025-08-26,Customer changed mind,Rejected,239.63
RTRN004780,ORDR072700,,2025-09-03,Size issue,Refunded,838.52
RTRN004781,ORDR072763,,2025-08-29,Customer changed mind,Refunded,757.04
RTRN004782,ORDR072773,,2025-08-21,Customer changed mind,Refunded,13967.08
RTRN004783,ORDR072775,,2025-08-29,Wrong product,Rejected,14962.27
RTRN004784,ORDR072826,,2025-08-22,Wrong product,Refunded,1314.85
RTRN004785,ORDR072835,,2025-09-04,Late delivery,Refunded,9390.51
RTRN004786,ORDR072842,,2025-08-26,Quality issue,Refunded,988.8
RTRN004787,ORDR072843,,2025-09-01,Wrong product,Rejected,1239.99
RTRN004788,ORDR072853,,2025-08-22,Wrong product,Refunded,3664.6
RTRN004789,ORDR072863,,2025-08-30,Customer changed mind,Rejected,40341.47
RTRN004790,ORDR072865,,2025-08-26,Product not as described,Rejected,939.58
RTRN004791,ORDR072868,,2025-08-23,Damaged product,Refunded,4521.53
RTRN004792,ORDR072882,,2025-08-21,Quality issue,Refunded,7938.16
RTRN004793,ORDR072912,,2025-08-27,Size issue,Rejected,2923.81
RTRN004794,ORDR072914,,2025-08-21,Quality issue,Refunded,5937.01
RTRN004795,ORDR072920,,2025-08-24,Size issue,Rejected,1777.68
RTRN004796,ORDR072922,,2025-08-28,Customer changed mind,Refunded,336.63
RTRN004797,ORDR072930,,2025-08-25,Product not as described,Rejected,1898.81
RTRN004798,ORDR072933,,2025-08-28,Wrong product,Refunded,808.04
RTRN004799,ORDR072941,,2025-08-27,Wrong product,Rejected,1683.26
RTRN004800,ORDR072945,,2025-08-21,Product not as described,Rejected,26836.25
RTRN004801,ORDR072988,,2025-08-27,Damaged product,Refunded,57508.92
RTRN004802,ORDR072991,,2025-08-27,Size issue,Refunded,5060.74
RTRN004803,ORDR072999,,2025-09-02,Customer changed mind,Refunded,90832.33
RTRN004804,ORDR073006,,2025-09-01,Product not as described,Refunded,2701.09
RTRN004805,ORDR073033,,2025-08-24,Damaged product,Refunded,4776.58
RTRN004806,ORDR073057,,2025-09-03,Size issue,Refunded,2509.03
RTRN004807,ORDR073073,,2025-08-19,Quality issue,Refunded,636.12
RTRN004808,ORDR073082,,2025-08-30,Damaged product,Refunded,20361.05
RTRN004809,ORDR073124,,2025-08-31,Damaged product,Refunded,8072.21
RTRN004810,ORDR073177,,2025-08-19,Quality issue,Rejected,1691.96
RTRN004811,ORDR073209,,2025-08-19,Quality issue,Refunded,1162.21
RTRN004812,ORDR073244,,2025-08-24,Quality issue,Rejected,659.73
RTRN004813,ORDR073256,,2025-09-02,Late delivery,Refunded,47762.83
RTRN004814,ORDR073265,,2025-09-05,Customer changed mind,Refunded,273.65
RTRN004815,ORDR073293,,2025-08-28,Size issue,Refunded,422.24
RTRN004816,ORDR073303,,2025-08-31,Customer changed mind,Refunded,9693.87
RTRN004817,ORDR073330,,2025-08-30,Wrong product,Refunded,111.89
RTRN004818,ORDR073333,,2025-08-30,Wrong product,Rejected,13373.93
RTRN004819,ORDR073343,,2025-09-01,Quality issue,Refunded,1199.79
RTRN004820,ORDR073346,,2025-08-31,Product not as described,Refunded,1213.66
RTRN004821,ORDR073365,,2025-09-11,Product not as described,Refunded,2932.67
RTRN004822,ORDR073388,,2025-08-23,Quality issue,Refunded,4247.63
RTRN004823,ORDR073395,,2025-09-02,Wrong product,Refunded,10450.67
RTRN004824,ORDR073412,,2025-09-01,Damaged product,Rejected,1560.36
RTRN004825,ORDR073418,,2025-08-27,Customer changed mind,Rejected,71348.69
RTRN004826,ORDR073419,,2025-09-05,Size issue,Refunded,1757.57
RTRN004827,ORDR073427,,2025-08-21,Quality issue,Refunded,11301.14
RTRN004828,ORDR073430,,2025-09-04,Quality issue,Refunded,9865.93
RTRN004829,ORDR073449,,2025-09-01,Quality issue,Refunded,117.56
RTRN004830,ORDR073452,,2025-09-03,Product not as described,Refunded,30926.26
RTRN004831,ORDR073454,,2025-08-25,Damaged product,Refunded,3614.61
RTRN004832,ORDR073471,,2025-08-27,Customer changed mind,Refunded,11045.23
RTRN004833,ORDR073487,,2025-08-31,Product not as described,Refunded,857.99
RTRN004834,ORDR073492,,2025-09-03,Late delivery,Refunded,771.22
RTRN004835,ORDR073497,,2025-09-03,Wrong product,Refunded,5051.72
RTRN004836,ORDR073502,,2025-09-06,Wrong product,Refunded,9031.12
RTRN004837,ORDR073540,,2025-08-27,Customer changed mind,Refunded,574.22
RTRN004838,ORDR073603,,2025-09-05,Size issue,Refunded,3042.42
RTRN004839,ORDR073609,,2025-08-30,Damaged product,Refunded,194.46
RTRN004840,ORDR073616,,2025-09-03,Wrong product,Refunded,402.24
RTRN004841,ORDR073629,,2025-08-27,Product not as described,Rejected,395.79
RTRN004842,ORDR073630,,2025-09-05,Quality issue,Rejected,545.32
RTRN004843,ORDR073633,,2025-09-05,Damaged product,Rejected,428.94
RTRN004844,ORDR073664,,2025-08-28,Wrong product,Rejected,459.63
RTRN004845,ORDR073672,,2025-08-23,Damaged product,Refunded,355.98
RTRN004846,ORDR073751,,2025-08-28,Quality issue,Refunded,1576.59
RTRN004847,ORDR073758,,2025-09-06,Damaged product,Refunded,6297.59
RTRN004848,ORDR073764,,2025-09-06,Size issue,Refunded,681.32
RTRN004849,ORDR073766,,2025-09-02,Wrong product,Refunded,15234.92
RTRN004850,ORDR073805,,2025-09-04,Size issue,Refunded,11816.01
RTRN004851,ORDR073811,,2025-09-07,Size issue,Refunded,3070.42
RTRN004852,ORDR073818,,2025-09-06,Damaged product,Rejected,1759.24
RTRN004853,ORDR073831,,2025-08-27,Customer changed mind,Rejected,13998.23
RTRN004854,ORDR073834,,2025-09-07,Late delivery,Rejected,37151.82
RTRN004855,ORDR073862,,2025-08-27,Product not as described,Rejected,2687.79
RTRN004856,ORDR073879,,2025-08-21,Customer changed mind,Refunded,1098.42
RTRN004857,ORDR073887,,2025-08-30,Product not as described,Rejected,2034.53
RTRN004858,ORDR073899,,2025-09-04,Customer changed mind,Refunded,1948.55
RTRN004859,ORDR073935,,2025-09-09,Customer changed mind,Refunded,15132.73
RTRN004860,ORDR073940,,2025-08-31,Quality issue,Refunded,860.95
RTRN004861,ORDR073951,,2025-09-08,Product not as described,Rejected,16878.21
RTRN004862,ORDR073952,,2025-08-31,Product not as described,Refunded,1298.7
RTRN004863,ORDR073957,,2025-08-29,Product not as described,Refunded,27913.97
RTRN004864,ORDR073964,,2025-09-06,Damaged product,Refunded,49532.25
RTRN004865,ORDR073972,,2025-09-01,Quality issue,Rejected,495.05
RTRN004866,ORDR073982,,2025-08-30,Quality issue,Rejected,56611.95
RTRN004867,ORDR073986,,2025-08-29,Customer changed mind,Rejected,1269.17
RTRN004868,ORDR073999,,2025-08-27,Wrong product,Refunded,41248.24
RTRN004869,ORDR074031,,2025-09-02,Wrong product,Refunded,73693.69
RTRN004870,ORDR074034,,2025-08-28,Wrong product,Refunded,17625.51
RTRN004871,ORDR074038,,2025-09-07,Quality issue,Rejected,6238.4
RTRN004872,ORDR074046,,2025-09-05,Damaged product,Refunded,8917.59
RTRN004873,ORDR074091,,2025-09-02,Wrong product,Rejected,16634.27
RTRN004874,ORDR074105,,2025-09-05,Quality issue,Refunded,6870.99
RTRN004875,ORDR074143,,2025-09-06,Quality issue,Refunded,17596.21
RTRN004876,ORDR074177,,2025-09-04,Wrong product,Refunded,91992.21
RTRN004877,ORDR074184,,2025-09-14,Product not as described,Refunded,9222.58
RTRN004878,ORDR074238,,2025-09-05,Damaged product,Refunded,9869.5
RTRN004879,ORDR074246,,2025-09-09,Product not as described,Refunded,890.54
RTRN004880,ORDR074252,,2025-08-29,Damaged product,Refunded,5199.3
RTRN004881,ORDR074261,,2025-08-31,Size issue,Refunded,4237.28
RTRN004882,ORDR074278,,2025-09-13,Wrong product,Refunded,25355.05
RTRN004883,ORDR074285,,2025-09-03,Quality issue,Refunded,3228.93
RTRN004884,ORDR074293,,2025-09-08,Product not as described,Rejected,5319.94
RTRN004885,ORDR074332,,2025-09-03,Quality issue,Refunded,11929.1
RTRN004886,ORDR074339,,2025-09-07,Damaged product,Refunded,10707.65
RTRN004887,ORDR074347,,2025-09-03,Product not as described,Refunded,782.47
RTRN004888,ORDR074358,,2025-09-08,Damaged product,Refunded,1325.57
RTRN004889,ORDR074371,,2025-09-02,Customer changed mind,Refunded,3847.7
RTRN004890,ORDR074394,,2025-08-28,Damaged product,Refunded,74761.69
RTRN004891,ORDR074406,,2025-09-09,Damaged product,Rejected,428.5
RTRN004892,ORDR074420,,2025-08-27,Quality issue,Refunded,5989.25
RTRN004893,ORDR074422,,2025-08-31,Quality issue,Refunded,8229.03
RTRN004894,ORDR074442,,2025-09-01,Damaged product,Rejected,5110.24
RTRN004895,ORDR074443,,2025-08-27,Damaged product,Rejected,10245.17
RTRN004896,ORDR074538,,2025-09-13,Damaged product,Refunded,1968.77
RTRN004897,ORDR074546,,2025-09-07,Damaged product,Rejected,3912.58
RTRN004898,ORDR074563,,2025-09-12,Customer changed mind,Refunded,1201.1
RTRN004899,ORDR074594,,2025-09-08,Late delivery,Refunded,41.25
RTRN004900,ORDR074596,,2025-09-10,Product not as described,Rejected,142.62
RTRN004901,ORDR074611,,2025-09-06,Wrong product,Refunded,2842.63
RTRN004902,ORDR074627,,2025-09-13,Late delivery,Rejected,548.79
RTRN004903,ORDR074628,,2025-09-06,Size issue,Refunded,3821.07
RTRN004904,ORDR074631,,2025-09-06,Size issue,Rejected,307.83
RTRN004905,ORDR074654,,2025-09-06,Damaged product,Refunded,142.98
RTRN004906,ORDR074665,,2025-09-09,Customer changed mind,Refunded,11605.47
RTRN004907,ORDR074688,,2025-09-08,Quality issue,Refunded,102308.58
RTRN004908,ORDR074689,,2025-09-12,Quality issue,Refunded,763.35
RTRN004909,ORDR074707,,2025-09-11,Quality issue,Refunded,517.78
RTRN004910,ORDR074710,,2025-09-05,Wrong product,Refunded,17082.5
RTRN004911,ORDR074716,,2025-09-05,Size issue,Refunded,9943.52
RTRN004912,ORDR074719,,2025-09-06,Late delivery,Refunded,58023.13
RTRN004913,ORDR074725,,2025-09-10,Size issue,Refunded,1160.05
RTRN004914,ORDR074755,,2025-09-03,Wrong product,Refunded,442.11
RTRN004915,ORDR074841,,2025-09-05,Size issue,Refunded,3587.32
RTRN004916,ORDR074882,,2025-09-06,Size issue,Refunded,3861.86
RTRN004917,ORDR074893,,2025-09-13,Wrong product,Refunded,10353.26
RTRN004918,ORDR074903,,2025-09-14,Quality issue,Refunded,3396.11
RTRN004919,ORDR074907,,2025-09-04,Quality issue,Refunded,5377.45
RTRN004920,ORDR074911,,2025-09-08,Quality issue,Rejected,551.05
RTRN004921,ORDR074920,,2025-09-10,Product not as described,Refunded,1062.13
RTRN004922,ORDR074956,,2025-09-10,Customer changed mind,Rejected,9600.9
RTRN004923,ORDR074966,,2025-09-13,Product not as described,Refunded,107620.74
RTRN004924,ORDR074971,,2025-09-02,Wrong product,Refunded,2001.97
RTRN004925,ORDR075007,,2025-09-17,Damaged product,Rejected,3742.1
RTRN004926,ORDR075018,,2025-09-12,Damaged product,Rejected,1939.88
RTRN004927,ORDR075085,,2025-09-07,Damaged product,Rejected,239.05
RTRN004928,ORDR075094,,2025-09-03,Size issue,Refunded,3655.3
RTRN004929,ORDR075113,,2025-08-31,Quality issue,Refunded,381.19
RTRN004930,ORDR075135,,2025-09-01,Product not as described,Refunded,2067.37
RTRN004931,ORDR075137,,2025-09-10,Customer changed mind,Refunded,3857.17
RTRN004932,ORDR075144,,2025-09-10,Customer changed mind,Refunded,6826.56
RTRN004933,ORDR075146,,2025-09-12,Damaged product,Refunded,513.24
RTRN004934,ORDR075164,,2025-09-02,Product not as described,Refunded,6793.62
RTRN004935,ORDR075203,,2025-09-04,Damaged product,Refunded,1144.0
RTRN004936,ORDR075217,,2025-09-11,Customer changed mind,Refunded,735.23
RTRN004937,ORDR075276,,2025-09-15,Wrong product,Refunded,125461.22
RTRN004938,ORDR075278,,2025-09-17,Wrong product,Refunded,4442.94
RTRN004939,ORDR075295,,2025-09-09,Damaged product,Refunded,169116.54
RTRN004940,ORDR075309,,2025-09-12,Damaged product,Refunded,17561.42
RTRN004941,ORDR075310,,2025-09-12,Damaged product,Rejected,112.78
RTRN004942,ORDR075368,,2025-09-03,Wrong product,Refunded,270.6
RTRN004943,ORDR075380,,2025-09-05,Customer changed mind,Refunded,677.37
RTRN004944,ORDR075391,,2025-09-13,Quality issue,Refunded,499.28
RTRN004945,ORDR075392,,2025-09-12,Quality issue,Refunded,13901.93
RTRN004946,ORDR075398,,2025-09-06,Damaged product,Refunded,32070.31
RTRN004947,ORDR075399,,2025-09-02,Customer changed mind,Rejected,1123.25
RTRN004948,ORDR075417,,2025-09-08,Wrong product,Refunded,25276.79
RTRN004949,ORDR075422,,2025-09-08,Damaged product,Refunded,920.87
RTRN004950,ORDR075440,,2025-09-16,Product not as described,Refunded,16759.74
RTRN004951,ORDR075455,,2025-09-12,Product not as described,Refunded,3634.53
RTRN004952,ORDR075459,,2025-09-07,Customer changed mind,Rejected,16937.01
RTRN004953,ORDR075479,,2025-09-05,Customer changed mind,Refunded,3609.73
RTRN004954,ORDR075490,,2025-09-08,Damaged product,Refunded,33008.25
RTRN004955,ORDR075494,,2025-09-16,Customer changed mind,Refunded,22925.35
RTRN004956,ORDR075495,,2025-09-13,Size issue,Refunded,4711.17
RTRN004957,ORDR075500,,2025-09-19,Wrong product,Refunded,139.22
RTRN004958,ORDR075501,,2025-09-10,Damaged product,Refunded,1767.82
RTRN004959,ORDR075507,,2025-09-06,Wrong product,Refunded,3148.1
RTRN004960,ORDR075512,,2025-09-05,Quality issue,Refunded,590.39
RTRN004961,ORDR075536,,2025-09-21,Customer changed mind,Refunded,9759.24
RTRN004962,ORDR075547,,2025-09-08,Customer changed mind,Rejected,5441.54
RTRN004963,ORDR075594,,2025-09-06,Product not as described,Refunded,334.02
RTRN004964,ORDR075603,,2025-09-04,Customer changed mind,Refunded,4374.98
RTRN004965,ORDR075632,,2025-09-17,Size issue,Refunded,7549.32
RTRN004966,ORDR075633,,2025-09-14,Damaged product,Refunded,14617.46
RTRN004967,ORDR075651,,2025-09-06,Wrong product,Refunded,10642.98
RTRN004968,ORDR075652,,2025-09-13,Wrong product,Refunded,3835.79
RTRN004969,ORDR075663,,2025-09-14,Customer changed mind,Refunded,2401.54
RTRN004970,ORDR075682,,2025-09-10,Customer changed mind,Refunded,18971.85
RTRN004971,ORDR075709,,2025-09-17,Customer changed mind,Rejected,384.5
RTRN004972,ORDR075726,,2025-09-11,Quality issue,Refunded,1987.0
RTRN004973,ORDR075743,,2025-09-17,Size issue,Refunded,8444.07
RTRN004974,ORDR075749,,2025-09-14,Product not as described,Refunded,2355.39
RTRN004975,ORDR075789,,2025-09-20,Damaged product,Refunded,83143.26
RTRN004976,ORDR075826,,2025-09-09,Customer changed mind,Refunded,2384.82
RTRN004977,ORDR075859,,2025-09-17,Wrong product,Refunded,5796.57
RTRN004978,ORDR075863,,2025-09-17,Product not as described,Refunded,878.26
RTRN004979,ORDR075868,,2025-09-13,Quality issue,Refunded,56740.57
RTRN004980,ORDR075871,,2025-09-08,Product not as described,Refunded,1722.89
RTRN004981,ORDR075892,,2025-09-21,Wrong product,Refunded,4971.07
RTRN004982,ORDR075894,,2025-09-13,Quality issue,Rejected,4424.68
RTRN004983,ORDR075900,,2025-09-11,Wrong product,Refunded,765.27
RTRN004984,ORDR075914,,2025-09-19,Wrong product,Rejected,36786.98
RTRN004985,ORDR075917,,2025-09-11,Wrong product,Rejected,1972.64
RTRN004986,ORDR075933,,2025-09-04,Wrong product,Refunded,755.23
RTRN004987,ORDR075946,,2025-09-10,Product not as described,Refunded,2826.98
RTRN004988,ORDR075951,,2025-09-18,Size issue,Refunded,2676.36
RTRN004989,ORDR075963,,2025-09-10,Quality issue,Refunded,993.63
RTRN004990,ORDR075983,,2025-09-09,Wrong product,Rejected,14077.59
RTRN004991,ORDR075998,,2025-09-10,Damaged product,Refunded,71451.28
RTRN004992,ORDR076026,,2025-09-15,Customer changed mind,Refunded,2026.04
RTRN004993,ORDR076031,,2025-09-19,Damaged product,Refunded,3283.52
RTRN004994,ORDR076036,,2025-09-18,Wrong product,Refunded,4635.82
RTRN004995,ORDR076065,,2025-09-22,Damaged product,Rejected,7461.9
RTRN004996,ORDR076101,,2025-09-14,Quality issue,Rejected,1039.6
RTRN004997,ORDR076119,,2025-09-22,Quality issue,Refunded,6282.89
RTRN004998,ORDR076125,,2025-09-22,Product not as described,Refunded,38907.34
RTRN004999,ORDR076147,,2025-09-16,Quality issue,Refunded,3615.77
RTRN005000,ORDR076156,,2025-09-17,Size issue,Rejected,11246.63
RTRN005001,ORDR076157,,2025-09-18,Wrong product,Refunded,12932.99
RTRN005002,ORDR076182,,2025-09-09,Wrong product,Refunded,17752.4
RTRN005003,ORDR076186,,2025-09-16,Size issue,Rejected,7737.37
RTRN005004,ORDR076193,,2025-09-11,Wrong product,Refunded,522.25
RTRN005005,ORDR076196,,2025-09-22,Product not as described,Refunded,2206.44
RTRN005006,ORDR076221,,2025-09-20,Product not as described,Refunded,333.8
RTRN005007,ORDR076223,,2025-09-17,Customer changed mind,Refunded,827.51
RTRN005008,ORDR076237,,2025-09-16,Customer changed mind,Rejected,128.86
RTRN005009,ORDR076253,,2025-09-12,Product not as described,Refunded,1837.32
RTRN005010,ORDR076265,,2025-09-11,Damaged product,Refunded,22369.47
RTRN005011,ORDR076282,,2025-09-22,Damaged product,Refunded,4850.94
RTRN005012,ORDR076288,,2025-09-20,Wrong product,Rejected,4979.36
RTRN005013,ORDR076311,,2025-09-14,Wrong product,Rejected,2332.34
RTRN005014,ORDR076334,,2025-09-15,Product not as described,Rejected,1557.41
RTRN005015,ORDR076354,,2025-09-16,Quality issue,Rejected,1483.47
RTRN005016,ORDR076385,,2025-09-22,Quality issue,Rejected,6800.2
RTRN005017,ORDR076394,,2025-09-14,Product not as described,Refunded,64367.76
RTRN005018,ORDR076395,,2025-09-15,Damaged product,Rejected,64258.97
RTRN005019,ORDR076402,,2025-09-23,Quality issue,Refunded,17756.97
RTRN005020,ORDR076425,,2025-09-16,Late delivery,Rejected,444.37
RTRN005021,ORDR076436,,2025-09-09,Product not as described,Refunded,70824.28
RTRN005022,ORDR076454,,2025-09-25,Customer changed mind,Refunded,6806.53
RTRN005023,ORDR076470,,2025-09-24,Customer changed mind,Rejected,24758.78
RTRN005024,ORDR076489,,2025-09-20,Damaged product,Refunded,13729.41
RTRN005025,ORDR076509,,2025-09-26,Product not as described,Refunded,1477.31
RTRN005026,ORDR076579,,2025-09-25,Customer changed mind,Refunded,628.75
RTRN005027,ORDR076581,,2025-09-16,Wrong product,Refunded,45941.43
RTRN005028,ORDR076588,,2025-09-16,Quality issue,Rejected,5588.9
RTRN005029,ORDR076599,,2025-09-19,Quality issue,Refunded,12932.8
RTRN005030,ORDR076613,,2025-09-25,Size issue,Rejected,1415.98
RTRN005031,ORDR076621,,2025-09-17,Quality issue,Refunded,238.9
RTRN005032,ORDR076640,,2025-09-20,Product not as described,Refunded,15204.71
RTRN005033,ORDR076643,,2025-09-15,Product not as described,Refunded,3349.86
RTRN005034,ORDR076647,,2025-09-26,Damaged product,Rejected,929.22
RTRN005035,ORDR076651,,2025-09-24,Customer changed mind,Rejected,15007.4
RTRN005036,ORDR076689,,2025-09-22,Product not as described,Refunded,4032.49
RTRN005037,ORDR076691,,2025-09-19,Wrong product,Refunded,15465.04
RTRN005038,ORDR076695,,2025-09-27,Customer changed mind,Refunded,2271.33
RTRN005039,ORDR076704,,2025-09-18,Product not as described,Refunded,3066.89
RTRN005040,ORDR076707,,2025-09-18,Damaged product,Refunded,33148.42
RTRN005041,ORDR076713,,2025-09-25,Wrong product,Refunded,2350.99
RTRN005042,ORDR076763,,2025-09-14,Size issue,Rejected,4424.4
RTRN005043,ORDR076771,,2025-09-13,Product not as described,Refunded,1304.47
RTRN005044,ORDR076778,,2025-09-21,Damaged product,Refunded,24656.92
RTRN005045,ORDR076799,,2025-09-16,Size issue,Refunded,2807.05
RTRN005046,ORDR076809,,2025-09-15,Product not as described,Refunded,531.64
RTRN005047,ORDR076827,,2025-09-21,Customer changed mind,Refunded,1312.28
RTRN005048,ORDR076828,,2025-09-28,Damaged product,Rejected,3965.46
RTRN005049,ORDR076881,,2025-09-13,Customer changed mind,Refunded,969.6
RTRN005050,ORDR076896,,2025-09-26,Product not as described,Refunded,357.56
RTRN005051,ORDR076923,,2025-09-25,Damaged product,Refunded,798.58
RTRN005052,ORDR076937,,2025-09-22,Quality issue,Refunded,18588.56
RTRN005053,ORDR076951,,2025-09-25,Wrong product,Rejected,2408.3
RTRN005054,ORDR076974,,2025-09-15,Size issue,Refunded,12371.04
RTRN005055,ORDR076997,,2025-09-23,Wrong product,Rejected,367.66
RTRN005056,ORDR077013,,2025-09-16,Damaged product,Refunded,12670.54
RTRN005057,ORDR077021,,2025-09-18,Wrong product,Refunded,50302.77
RTRN005058,ORDR077093,,2025-09-16,Size issue,Rejected,9413.96
RTRN005059,ORDR077095,,2025-09-21,Quality issue,Refunded,2393.58
RTRN005060,ORDR077097,,2025-09-27,Damaged product,Refunded,1209.01
RTRN005061,ORDR077103,,2025-09-27,Product not as described,Rejected,802.29
RTRN005062,ORDR077129,,2025-09-23,Quality issue,Refunded,3596.36
RTRN005063,ORDR077143,,2025-09-21,Product not as described,Refunded,3316.24
RTRN005064,ORDR077144,,2025-09-20,Damaged product,Rejected,3787.36
RTRN005065,ORDR077161,,2025-09-27,Size issue,Refunded,473.4
RTRN005066,ORDR077181,,2025-09-21,Quality issue,Refunded,5768.19
RTRN005067,ORDR077187,,2025-09-18,Damaged product,Refunded,10549.95
RTRN005068,ORDR077207,,2025-09-24,Customer changed mind,Refunded,2110.54
RTRN005069,ORDR077213,,2025-10-03,Customer changed mind,Refunded,12322.42
RTRN005070,ORDR077247,,2025-10-01,Customer changed mind,Refunded,12276.54
RTRN005071,ORDR077248,,2025-09-21,Damaged product,Refunded,70609.53
RTRN005072,ORDR077284,,2025-09-19,Wrong product,Rejected,3845.56
RTRN005073,ORDR077297,,2025-09-18,Wrong product,Rejected,262.23
RTRN005074,ORDR077300,,2025-09-20,Quality issue,Rejected,18934.33
RTRN005075,ORDR077342,,2025-09-21,Wrong product,Refunded,1446.86
RTRN005076,ORDR077352,,2025-09-20,Damaged product,Refunded,42655.5
RTRN005077,ORDR077381,,2025-09-22,Product not as described,Refunded,10540.9
RTRN005078,ORDR077399,,2025-09-26,Quality issue,Refunded,10941.23
RTRN005079,ORDR077409,,2025-10-01,Customer changed mind,Refunded,13363.65
RTRN005080,ORDR077423,,2025-09-16,Wrong product,Refunded,104482.01
RTRN005081,ORDR077431,,2025-09-24,Customer changed mind,Rejected,27418.29
RTRN005082,ORDR077457,,2025-09-26,Product not as described,Rejected,22410.46
RTRN005083,ORDR077493,,2025-09-20,Wrong product,Rejected,948.32
RTRN005084,ORDR077540,,2025-09-20,Wrong product,Refunded,2107.72
RTRN005085,ORDR077564,,2025-10-02,Quality issue,Refunded,3841.7
RTRN005086,ORDR077568,,2025-09-26,Size issue,Refunded,10202.62
RTRN005087,ORDR077582,,2025-09-21,Wrong product,Refunded,37990.43
RTRN005088,ORDR077584,,2025-09-26,Quality issue,Refunded,1496.95
RTRN005089,ORDR077619,,2025-09-27,Quality issue,Refunded,12697.74
RTRN005090,ORDR077620,,2025-09-23,Quality issue,Rejected,19119.92
RTRN005091,ORDR077671,,2025-10-03,Product not as described,Refunded,2175.11
RTRN005092,ORDR077682,,2025-09-29,Wrong product,Refunded,6535.08
RTRN005093,ORDR077684,,2025-10-02,Size issue,Refunded,6594.1
RTRN005094,ORDR077694,,2025-09-26,Late delivery,Rejected,103382.08
RTRN005095,ORDR077706,,2025-09-25,Quality issue,Refunded,4241.88
RTRN005096,ORDR077718,,2025-09-23,Customer changed mind,Rejected,351.03
RTRN005097,ORDR077723,,2025-10-04,Wrong product,Refunded,11043.01
RTRN005098,ORDR077732,,2025-09-19,Wrong product,Refunded,3852.57
RTRN005099,ORDR077764,,2025-09-30,Quality issue,Refunded,2441.06
RTRN005100,ORDR077766,,2025-10-09,Wrong product,Rejected,34031.9
RTRN005101,ORDR077832,,2025-10-03,Damaged product,Rejected,1805.59
RTRN005102,ORDR077834,,2025-09-27,Quality issue,Rejected,15332.42
RTRN005103,ORDR077855,,2025-09-24,Size issue,Refunded,7634.44
RTRN005104,ORDR077860,,2025-10-02,Quality issue,Refunded,3302.34
RTRN005105,ORDR077862,,2025-10-11,Customer changed mind,Rejected,6498.72
RTRN005106,ORDR077872,,2025-09-22,Wrong product,Refunded,6816.21
RTRN005107,ORDR077890,,2025-09-30,Wrong product,Refunded,11523.02
RTRN005108,ORDR077892,,2025-09-24,Product not as described,Refunded,4240.21
RTRN005109,ORDR077914,,2025-09-25,Damaged product,Refunded,37062.4
RTRN005110,ORDR077918,,2025-09-30,Damaged product,Refunded,12649.85
RTRN005111,ORDR077957,,2025-09-26,Customer changed mind,Refunded,6226.19
RTRN005112,ORDR077963,,2025-10-02,Customer changed mind,Rejected,1382.5
RTRN005113,ORDR077965,,2025-09-27,Quality issue,Refunded,10847.41
RTRN005114,ORDR077996,,2025-10-08,Customer changed mind,Refunded,77997.89
RTRN005115,ORDR078007,,2025-09-29,Wrong product,Refunded,190.27
RTRN005116,ORDR078028,,2025-09-20,Damaged product,Refunded,5462.12
RTRN005117,ORDR078039,,2025-09-25,Customer changed mind,Refunded,15907.53
RTRN005118,ORDR078043,,2025-09-25,Product not as described,Rejected,856.42
RTRN005119,ORDR078078,,2025-09-28,Wrong product,Refunded,1476.66
RTRN005120,ORDR078081,,2025-09-24,Damaged product,Refunded,13821.75
RTRN005121,ORDR078095,,2025-10-04,Product not as described,Refunded,4347.05
RTRN005122,ORDR078112,,2025-09-28,Damaged product,Rejected,10147.13
RTRN005123,ORDR078135,,2025-09-28,Wrong product,Refunded,1147.28
RTRN005124,ORDR078154,,2025-10-09,Customer changed mind,Rejected,7426.28
RTRN005125,ORDR078158,,2025-09-25,Wrong product,Rejected,1757.74
RTRN005126,ORDR078164,,2025-10-02,Customer changed mind,Refunded,4438.66
RTRN005127,ORDR078178,,2025-10-06,Wrong product,Refunded,2849.41
RTRN005128,ORDR078180,,2025-10-01,Wrong product,Refunded,3569.58
RTRN005129,ORDR078200,,2025-09-28,Damaged product,Rejected,3476.01
RTRN005130,ORDR078204,,2025-09-26,Product not as described,Refunded,5725.99
RTRN005131,ORDR078206,,2025-09-24,Size issue,Refunded,451.56
RTRN005132,ORDR078210,,2025-09-27,Quality issue,Refunded,4699.84
RTRN005133,ORDR078248,,2025-10-04,Size issue,Refunded,2534.33
RTRN005134,ORDR078272,,2025-10-11,Size issue,Refunded,1528.5
RTRN005135,ORDR078280,,2025-09-28,Wrong product,Rejected,4412.9
RTRN005136,ORDR078290,,2025-10-05,Product not as described,Refunded,2216.02
RTRN005137,ORDR078305,,2025-09-27,Damaged product,Refunded,1041.85
RTRN005138,ORDR078318,,2025-10-02,Customer changed mind,Refunded,11263.25
RTRN005139,ORDR078321,,2025-09-26,Size issue,Refunded,4532.69
RTRN005140,ORDR078353,,2025-10-10,Product not as described,Refunded,1533.74
RTRN005141,ORDR078365,,2025-10-03,Wrong product,Refunded,3525.41
RTRN005142,ORDR078366,,2025-10-01,Product not as described,Refunded,934.01
RTRN005143,ORDR078367,,2025-09-23,Product not as described,Refunded,25064.21
RTRN005144,ORDR078383,,2025-09-28,Product not as described,Refunded,22908.36
RTRN005145,ORDR078385,,2025-10-09,Late delivery,Refunded,374.47
RTRN005146,ORDR078388,,2025-10-03,Customer changed mind,Refunded,38123.58
RTRN005147,ORDR078411,,2025-09-29,Damaged product,Refunded,2347.49
RTRN005148,ORDR078427,,2025-10-06,Quality issue,Rejected,17522.72
RTRN005149,ORDR078471,,2025-10-02,Wrong product,Refunded,1396.81
RTRN005150,ORDR078505,,2025-09-30,Damaged product,Rejected,561.06
RTRN005151,ORDR078512,,2025-10-04,Quality issue,Rejected,19002.22
RTRN005152,ORDR078515,,2025-10-09,Quality issue,Refunded,15970.25
RTRN005153,ORDR078554,,2025-10-05,Wrong product,Refunded,69204.98
RTRN005154,ORDR078578,,2025-09-29,Wrong product,Refunded,9802.77
RTRN005155,ORDR078591,,2025-09-27,Wrong product,Refunded,51061.32
RTRN005156,ORDR078599,,2025-10-07,Size issue,Refunded,297.86
RTRN005157,ORDR078601,,2025-10-07,Product not as described,Refunded,684.18
RTRN005158,ORDR078611,,2025-09-30,Quality issue,Refunded,9576.34
RTRN005159,ORDR078613,,2025-10-01,Customer changed mind,Rejected,11132.28
RTRN005160,ORDR078632,,2025-10-08,Product not as described,Rejected,5682.33
RTRN005161,ORDR078653,,2025-10-07,Size issue,Refunded,4461.27
RTRN005162,ORDR078672,,2025-10-08,Product not as described,Refunded,11775.27
RTRN005163,ORDR078706,,2025-09-24,Quality issue,Refunded,3908.5
RTRN005164,ORDR078707,,2025-09-28,Wrong product,Rejected,855.16
RTRN005165,ORDR078724,,2025-09-27,Customer changed mind,Refunded,604.08
RTRN005166,ORDR078741,,2025-10-10,Product not as described,Rejected,346.28
RTRN005167,ORDR078742,,2025-10-02,Customer changed mind,Refunded,2132.87
RTRN005168,ORDR078747,,2025-10-04,Customer changed mind,Refunded,2874.88
RTRN005169,ORDR078762,,2025-10-05,Damaged product,Refunded,22075.28
RTRN005170,ORDR078771,,2025-10-01,Quality issue,Rejected,5166.5
RTRN005171,ORDR078776,,2025-10-08,Product not as described,Refunded,4321.26
RTRN005172,ORDR078783,,2025-09-30,Customer changed mind,Refunded,6140.46
RTRN005173,ORDR078828,,2025-10-09,Quality issue,Refunded,7111.9
RTRN005174,ORDR078835,,2025-10-03,Wrong product,Refunded,4522.37
RTRN005175,ORDR078884,,2025-10-01,Customer changed mind,Refunded,2361.62
RTRN005176,ORDR078898,,2025-10-09,Wrong product,Refunded,261.5
RTRN005177,ORDR078907,,2025-10-01,Quality issue,Refunded,7414.77
RTRN005178,ORDR078909,,2025-10-08,Customer changed mind,Refunded,5223.07
RTRN005179,ORDR078912,,2025-09-30,Size issue,Rejected,519.38
RTRN005180,ORDR078931,,2025-10-07,Product not as described,Rejected,25477.44
RTRN005181,ORDR078942,,2025-10-09,Damaged product,Refunded,9834.34
RTRN005182,ORDR078955,,2025-10-10,Customer changed mind,Rejected,5938.9
RTRN005183,ORDR079004,,2025-09-26,Customer changed mind,Rejected,1598.87
RTRN005184,ORDR079020,,2025-10-07,Customer changed mind,Rejected,3490.13
RTRN005185,ORDR079028,,2025-10-09,Wrong product,Refunded,17225.36
RTRN005186,ORDR079037,,2025-10-12,Size issue,Refunded,1969.34
RTRN005187,ORDR079043,,2025-10-13,Size issue,Refunded,5532.98
RTRN005188,ORDR079049,,2025-10-08,Product not as described,Refunded,3113.99
RTRN005189,ORDR079054,,2025-10-10,Damaged product,Rejected,6957.12
RTRN005190,ORDR079065,,2025-10-03,Quality issue,Rejected,67699.51
RTRN005191,ORDR079079,,2025-10-14,Quality issue,Refunded,53031.22
RTRN005192,ORDR079083,,2025-10-02,Wrong product,Refunded,550.49
RTRN005193,ORDR079095,,2025-09-29,Damaged product,Refunded,10087.46
RTRN005194,ORDR079173,,2025-10-03,Wrong product,Refunded,70948.9
RTRN005195,ORDR079186,,2025-10-12,Damaged product,Rejected,968.26
RTRN005196,ORDR079188,,2025-10-12,Product not as described,Refunded,1291.6
RTRN005197,ORDR079215,,2025-09-30,Wrong product,Refunded,5023.02
RTRN005198,ORDR079259,,2025-10-10,Size issue,Refunded,12948.88
RTRN005199,ORDR079261,,2025-10-06,Damaged product,Refunded,509.85
RTRN005200,ORDR079277,,2025-10-07,Wrong product,Refunded,24852.33
RTRN005201,ORDR079285,,2025-10-11,Damaged product,Refunded,9039.8
RTRN005202,ORDR079286,,2025-10-05,Size issue,Refunded,1212.66
RTRN005203,ORDR079294,,2025-10-08,Customer changed mind,Rejected,1999.07
RTRN005204,ORDR079316,,2025-10-01,Size issue,Refunded,8888.89
RTRN005205,ORDR079320,,2025-10-08,Customer changed mind,Rejected,1056.44
RTRN005206,ORDR079324,,2025-10-05,Quality issue,Rejected,1307.93
RTRN005207,ORDR079350,,2025-10-08,Quality issue,Refunded,987.27
RTRN005208,ORDR079352,,2025-10-11,Wrong product,Refunded,344.81
RTRN005209,ORDR079366,,2025-10-01,Customer changed mind,Refunded,139405.26
RTRN005210,ORDR079369,,2025-10-10,Product not as described,Refunded,6465.49
RTRN005211,ORDR079380,,2025-10-10,Customer changed mind,Rejected,21083.27
RTRN005212,ORDR079388,,2025-10-04,Quality issue,Refunded,38.99
RTRN005213,ORDR079391,,2025-10-01,Damaged product,Rejected,48849.74
RTRN005214,ORDR079392,,2025-09-30,Quality issue,Rejected,15805.49
RTRN005215,ORDR079394,,2025-10-03,Late delivery,Rejected,19693.36
RTRN005216,ORDR079395,,2025-10-14,Late delivery,Rejected,61429.95
RTRN005217,ORDR079412,,2025-10-03,Damaged product,Refunded,60.41
RTRN005218,ORDR079426,,2025-10-11,Wrong product,Refunded,649.31
RTRN005219,ORDR079448,,2025-10-20,Size issue,Refunded,7876.43
RTRN005220,ORDR079452,,2025-10-13,Product not as described,Refunded,1032.77
RTRN005221,ORDR079462,,2025-10-19,Quality issue,Refunded,24741.54
RTRN005222,ORDR079471,,2025-10-11,Customer changed mind,Refunded,594.65
RTRN005223,ORDR079493,,2025-10-09,Customer changed mind,Rejected,10714.99
RTRN005224,ORDR079516,,2025-10-12,Wrong product,Refunded,24094.41
RTRN005225,ORDR079530,,2025-10-06,Customer changed mind,Rejected,4951.88
RTRN005226,ORDR079531,,2025-10-12,Quality issue,Rejected,20743.5
RTRN005227,ORDR079550,,2025-10-17,Wrong product,Rejected,2066.39
RTRN005228,ORDR079568,,2025-10-03,Customer changed mind,Refunded,3060.83
RTRN005229,ORDR079610,,2025-10-03,Product not as described,Refunded,18324.34
RTRN005230,ORDR079633,,2025-10-13,Size issue,Refunded,13634.16
RTRN005231,ORDR079639,,2025-10-12,Late delivery,Rejected,172.22
RTRN005232,ORDR079642,,2025-10-08,Wrong product,Refunded,1411.4
RTRN005233,ORDR079694,,2025-10-10,Customer changed mind,Refunded,3930.6
RTRN005234,ORDR079704,,2025-10-09,Damaged product,Refunded,1834.96
RTRN005235,ORDR079715,,2025-10-11,Customer changed mind,Refunded,5045.15
RTRN005236,ORDR079718,,2025-10-12,Wrong product,Rejected,1745.56
RTRN005237,ORDR079751,,2025-10-05,Size issue,Rejected,610.26
RTRN005238,ORDR079782,,2025-10-05,Product not as described,Refunded,6492.56
RTRN005239,ORDR079784,,2025-10-11,Quality issue,Refunded,4387.24
RTRN005240,ORDR079787,,2025-10-14,Quality issue,Refunded,2175.8
RTRN005241,ORDR079794,,2025-10-06,Product not as described,Refunded,996.4
RTRN005242,ORDR079817,,2025-10-12,Customer changed mind,Refunded,1243.64
RTRN005243,ORDR079861,,2025-10-09,Damaged product,Rejected,2285.01
RTRN005244,ORDR079865,,2025-10-10,Quality issue,Refunded,1448.38
RTRN005245,ORDR079866,,2025-10-07,Quality issue,Refunded,226.58
RTRN005246,ORDR079873,,2025-10-07,Quality issue,Refunded,8605.36
RTRN005247,ORDR079875,,2025-10-09,Late delivery,Refunded,486.52
RTRN005248,ORDR079917,,2025-10-12,Damaged product,Refunded,686.51
RTRN005249,ORDR079922,,2025-10-18,Size issue,Refunded,4256.27
RTRN005250,ORDR079931,,2025-10-05,Quality issue,Refunded,224.97
RTRN005251,ORDR079942,,2025-10-06,Damaged product,Refunded,1681.07
RTRN005252,ORDR079953,,2025-10-02,Size issue,Refunded,3373.41
RTRN005253,ORDR079971,,2025-10-04,Damaged product,Refunded,29.21
RTRN005254,ORDR079978,,2025-10-13,Damaged product,Rejected,28492.31
RTRN005255,ORDR079980,,2025-10-03,Quality issue,Refunded,807.45
RTRN005256,ORDR079986,,2025-10-09,Size issue,Refunded,2908.58
RTRN005257,ORDR079992,,2025-10-16,Product not as described,Refunded,4780.63
RTRN005258,ORDR080007,,2025-10-16,Damaged product,Refunded,381.54
RTRN005259,ORDR080032,,2025-10-15,Wrong product,Refunded,3486.1
RTRN005260,ORDR080036,,2025-10-19,Wrong product,Refunded,28890.15
RTRN005261,ORDR080054,,2025-10-11,Damaged product,Refunded,5259.98
RTRN005262,ORDR080066,,2025-10-12,Size issue,Refunded,9292.22
RTRN005263,ORDR080085,,2025-10-14,Size issue,Refunded,3346.06
RTRN005264,ORDR080112,,2025-10-10,Size issue,Refunded,2732.92
RTRN005265,ORDR080119,,2025-10-17,Damaged product,Refunded,763.69
RTRN005266,ORDR080120,,2025-10-06,Customer changed mind,Refunded,4276.49
RTRN005267,ORDR080125,,2025-10-11,Product not as described,Rejected,2284.17
RTRN005268,ORDR080147,,2025-10-14,Customer changed mind,Rejected,38351.13
RTRN005269,ORDR080167,,2025-10-10,Size issue,Refunded,2774.27
RTRN005270,ORDR080172,,2025-10-12,Quality issue,Refunded,8510.11
RTRN005271,ORDR080190,,2025-10-13,Product not as described,Refunded,15248.29
RTRN005272,ORDR080191,,2025-10-10,Quality issue,Refunded,5394.63
RTRN005273,ORDR080194,,2025-10-14,Customer changed mind,Refunded,5745.93
RTRN005274,ORDR080222,,2025-10-07,Damaged product,Refunded,1169.24
RTRN005275,ORDR080224,,2025-10-18,Size issue,Refunded,20647.96
RTRN005276,ORDR080231,,2025-10-17,Damaged product,Refunded,20487.25
RTRN005277,ORDR080253,,2025-10-07,Quality issue,Refunded,411.84
RTRN005278,ORDR080257,,2025-10-04,Customer changed mind,Refunded,1230.19
RTRN005279,ORDR080291,,2025-10-11,Quality issue,Refunded,1713.03
RTRN005280,ORDR080317,,2025-10-10,Size issue,Rejected,5335.44
RTRN005281,ORDR080328,,2025-10-11,Product not as described,Refunded,14838.46
RTRN005282,ORDR080331,,2025-10-14,Damaged product,Refunded,375.38
RTRN005283,ORDR080390,,2025-10-25,Quality issue,Refunded,126.83
RTRN005284,ORDR080411,,2025-10-11,Wrong product,Refunded,297.17
RTRN005285,ORDR080416,,2025-10-19,Size issue,Rejected,10073.09
RTRN005286,ORDR080424,,2025-10-17,Damaged product,Rejected,8627.02
RTRN005287,ORDR080430,,2025-10-14,Customer changed mind,Rejected,764.02
RTRN005288,ORDR080439,,2025-10-09,Customer changed mind,Rejected,30619.46
RTRN005289,ORDR080469,,2025-10-08,Product not as described,Refunded,800.05
RTRN005290,ORDR080472,,2025-10-13,Quality issue,Refunded,607.7
RTRN005291,ORDR080551,,2025-10-07,Quality issue,Rejected,16015.26
RTRN005292,ORDR080553,,2025-10-16,Product not as described,Refunded,16946.57
RTRN005293,ORDR080555,,2025-10-05,Customer changed mind,Rejected,24013.62
RTRN005294,ORDR080601,,2025-10-13,Quality issue,Rejected,4319.62
RTRN005295,ORDR080607,,2025-10-17,Product not as described,Refunded,19621.51
RTRN005296,ORDR080608,,2025-10-14,Customer changed mind,Refunded,1164.51
RTRN005297,ORDR080634,,2025-10-09,Product not as described,Rejected,25312.87
RTRN005298,ORDR080645,,2025-10-17,Damaged product,Refunded,869.48
RTRN005299,ORDR080655,,2025-10-10,Damaged product,Refunded,31667.57
RTRN005300,ORDR080658,,2025-10-13,Size issue,Refunded,6538.49
RTRN005301,ORDR080666,,2025-10-17,Quality issue,Refunded,4837.54
RTRN005302,ORDR080670,,2025-10-13,Quality issue,Refunded,1374.94
RTRN005303,ORDR080675,,2025-10-10,Late delivery,Refunded,160.01
RTRN005304,ORDR080678,,2025-10-14,Customer changed mind,Refunded,479.98
RTRN005305,ORDR080721,,2025-10-16,Customer changed mind,Rejected,557.43
RTRN005306,ORDR080732,,2025-10-20,Damaged product,Rejected,11207.21
RTRN005307,ORDR080744,,2025-10-14,Damaged product,Refunded,4064.53
RTRN005308,ORDR080772,,2025-10-19,Damaged product,Rejected,40962.59
RTRN005309,ORDR080778,,2025-10-14,Damaged product,Refunded,11118.94
RTRN005310,ORDR080805,,2025-10-18,Product not as described,Rejected,19048.58
RTRN005311,ORDR080812,,2025-10-17,Quality issue,Refunded,2994.56
RTRN005312,ORDR080814,,2025-10-11,Customer changed mind,Refunded,12548.42
RTRN005313,ORDR080857,,2025-10-16,Product not as described,Rejected,2451.35
RTRN005314,ORDR080869,,2025-10-21,Size issue,Refunded,1621.26
RTRN005315,ORDR080905,,2025-10-15,Customer changed mind,Refunded,339.58
RTRN005316,ORDR080917,,2025-10-13,Damaged product,Refunded,2893.51
RTRN005317,ORDR080926,,2025-10-14,Product not as described,Refunded,416.97
RTRN005318,ORDR080989,,2025-10-20,Late delivery,Refunded,1125.83
RTRN005319,ORDR081000,,2025-10-06,Wrong product,Refunded,3237.76
RTRN005320,ORDR081004,,2025-10-11,Damaged product,Refunded,32479.78
RTRN005321,ORDR081016,,2025-10-12,Customer changed mind,Refunded,325.41
RTRN005322,ORDR081028,,2025-10-13,Size issue,Refunded,14557.02
RTRN005323,ORDR081057,,2025-10-16,Product not as described,Refunded,12266.05
RTRN005324,ORDR081065,,2025-10-09,Wrong product,Refunded,13533.99
RTRN005325,ORDR081103,,2025-10-14,Customer changed mind,Rejected,2247.45
RTRN005326,ORDR081119,,2025-10-15,Wrong product,Rejected,5565.78
RTRN005327,ORDR081136,,2025-10-18,Product not as described,Refunded,7060.91
RTRN005328,ORDR081148,,2025-10-14,Quality issue,Rejected,3641.22
RTRN005329,ORDR081170,,2025-10-10,Customer changed mind,Rejected,6071.03
RTRN005330,ORDR081178,,2025-10-15,Product not as described,Refunded,3351.37
RTRN005331,ORDR081190,,2025-10-14,Product not as described,Rejected,1380.94
RTRN005332,ORDR081192,,2025-10-22,Damaged product,Refunded,10680.15
RTRN005333,ORDR081194,,2025-10-16,Wrong product,Rejected,14609.37
RTRN005334,ORDR081196,,2025-10-23,Wrong product,Refunded,1040.13
RTRN005335,ORDR081208,,2025-10-15,Damaged product,Refunded,25634.0
RTRN005336,ORDR081209,,2025-10-18,Wrong product,Refunded,39336.98
RTRN005337,ORDR081215,,2025-10-14,Wrong product,Refunded,14351.6
RTRN005338,ORDR081216,,2025-10-23,Product not as described,Refunded,10791.83
RTRN005339,ORDR081245,,2025-10-17,Wrong product,Refunded,1127.66
RTRN005340,ORDR081247,,2025-10-27,Quality issue,Refunded,2756.81
RTRN005341,ORDR081297,,2025-10-20,Quality issue,Refunded,6035.56
RTRN005342,ORDR081305,,2025-10-21,Customer changed mind,Refunded,123.79
RTRN005343,ORDR081337,,2025-10-24,Quality issue,Rejected,1412.94
RTRN005344,ORDR081351,,2025-10-14,Wrong product,Refunded,750.22
RTRN005345,ORDR081371,,2025-10-18,Wrong product,Refunded,251.94
RTRN005346,ORDR081372,,2025-10-18,Late delivery,Refunded,754.61
RTRN005347,ORDR081377,,2025-10-14,Product not as described,Refunded,6130.82
RTRN005348,ORDR081394,,2025-10-16,Quality issue,Rejected,1002.75
RTRN005349,ORDR081432,,2025-10-16,Damaged product,Refunded,6808.73
RTRN005350,ORDR081455,,2025-10-09,Quality issue,Refunded,1111.48
RTRN005351,ORDR081464,,2025-10-11,Damaged product,Refunded,1798.91
RTRN005352,ORDR081478,,2025-10-23,Quality issue,Refunded,14951.69
RTRN005353,ORDR081490,,2025-10-08,Quality issue,Refunded,127.88
RTRN005354,ORDR081507,,2025-10-20,Size issue,Refunded,6127.6
RTRN005355,ORDR081512,,2025-10-23,Wrong product,Refunded,3173.65
RTRN005356,ORDR081516,,2025-10-15,Wrong product,Refunded,9964.17
RTRN005357,ORDR081547,,2025-10-16,Quality issue,Refunded,1350.6
RTRN005358,ORDR081549,,2025-10-08,Size issue,Refunded,7363.68
RTRN005359,ORDR081567,,2025-10-18,Damaged product,Refunded,461.99
RTRN005360,ORDR081581,,2025-10-13,Damaged product,Refunded,2882.14
RTRN005361,ORDR081583,,2025-10-15,Damaged product,Refunded,42654.13
RTRN005362,ORDR081590,,2025-10-22,Quality issue,Refunded,4995.08
RTRN005363,ORDR081631,,2025-10-16,Product not as described,Rejected,1178.09
RTRN005364,ORDR081640,,2025-10-19,Damaged product,Rejected,10203.84
RTRN005365,ORDR081651,,2025-10-11,Product not as described,Rejected,3432.18
RTRN005366,ORDR081663,,2025-10-15,Damaged product,Rejected,292310.28
RTRN005367,ORDR081669,,2025-10-29,Damaged product,Refunded,18658.34
RTRN005368,ORDR081676,,2025-10-21,Damaged product,Refunded,5791.39
RTRN005369,ORDR081698,,2025-10-23,Quality issue,Refunded,1203.18
RTRN005370,ORDR081742,,2025-10-20,Quality issue,Refunded,11013.27
RTRN005371,ORDR081761,,2025-10-30,Product not as described,Refunded,557.54
RTRN005372,ORDR081767,,2025-10-17,Size issue,Refunded,3039.43
RTRN005373,ORDR081774,,2025-10-15,Wrong product,Refunded,1698.18
RTRN005374,ORDR081775,,2025-10-14,Quality issue,Refunded,18079.08
RTRN005375,ORDR081784,,2025-10-18,Late delivery,Rejected,22756.63
RTRN005376,ORDR081850,,2025-10-13,Quality issue,Refunded,6818.29
RTRN005377,ORDR081851,,2025-10-18,Size issue,Rejected,4420.94
RTRN005378,ORDR081868,,2025-10-19,Damaged product,Refunded,31810.61
RTRN005379,ORDR081890,,2025-10-13,Late delivery,Refunded,453.37
RTRN005380,ORDR081894,,2025-10-15,Wrong product,Rejected,6833.17
RTRN005381,ORDR081897,,2025-10-23,Product not as described,Refunded,11346.53
RTRN005382,ORDR081905,,2025-10-22,Customer changed mind,Refunded,2896.14
RTRN005383,ORDR081925,,2025-10-19,Damaged product,Refunded,10976.53
RTRN005384,ORDR081934,,2025-10-23,Quality issue,Refunded,34257.54
RTRN005385,ORDR081963,,2025-10-14,Damaged product,Rejected,11745.43
RTRN005386,ORDR081980,,2025-10-11,Product not as described,Refunded,38607.01
RTRN005387,ORDR081996,,2025-10-21,Late delivery,Rejected,1179.91
RTRN005388,ORDR082009,,2025-10-14,Product not as described,Refunded,13195.97
RTRN005389,ORDR082015,,2025-10-11,Quality issue,Refunded,10276.21
RTRN005390,ORDR082023,,2025-10-17,Quality issue,Refunded,1704.03
RTRN005391,ORDR082024,,2025-10-12,Quality issue,Refunded,165.52
RTRN005392,ORDR082045,,2025-10-23,Customer changed mind,Refunded,161.18
RTRN005393,ORDR082054,,2025-10-20,Damaged product,Refunded,4786.34
RTRN005394,ORDR082061,,2025-10-18,Quality issue,Refunded,6183.85
RTRN005395,ORDR082079,,2025-10-11,Damaged product,Refunded,5209.92
RTRN005396,ORDR082100,,2025-10-25,Product not as described,Refunded,478.54
RTRN005397,ORDR082119,,2025-10-27,Product not as described,Refunded,2376.98
RTRN005398,ORDR082140,,2025-11-03,Quality issue,Refunded,376.4
RTRN005399,ORDR082144,,2025-10-20,Customer changed mind,Refunded,7991.84
RTRN005400,ORDR082147,,2025-10-14,Wrong product,Refunded,606.2
RTRN005401,ORDR082168,,2025-10-12,Product not as described,Rejected,809.33
RTRN005402,ORDR082194,,2025-10-21,Product not as described,Refunded,1278.72
RTRN005403,ORDR082211,,2025-10-28,Quality issue,Refunded,226.28
RTRN005404,ORDR082227,,2025-10-16,Damaged product,Refunded,19062.78
RTRN005405,ORDR082242,,2025-10-17,Damaged product,Rejected,686.77
RTRN005406,ORDR082246,,2025-10-20,Product not as described,Rejected,33211.99
RTRN005407,ORDR082257,,2025-10-21,Damaged product,Rejected,4262.65
RTRN005408,ORDR082261,,2025-10-18,Wrong product,Rejected,47213.19
RTRN005409,ORDR082269,,2025-10-26,Damaged product,Refunded,5331.7
RTRN005410,ORDR082271,,2025-10-12,Late delivery,Refunded,327.07
RTRN005411,ORDR082278,,2025-10-25,Customer changed mind,Refunded,201.83
RTRN005412,ORDR082280,,2025-10-22,Quality issue,Refunded,12820.17
RTRN005413,ORDR082287,,2025-10-24,Quality issue,Refunded,32947.15
RTRN005414,ORDR082289,,2025-10-28,Damaged product,Refunded,1453.45
RTRN005415,ORDR082293,,2025-10-12,Damaged product,Refunded,2267.22
RTRN005416,ORDR082297,,2025-10-26,Size issue,Refunded,1908.45
RTRN005417,ORDR082306,,2025-10-29,Damaged product,Refunded,3938.73
RTRN005418,ORDR082324,,2025-10-12,Quality issue,Refunded,13002.37
RTRN005419,ORDR082339,,2025-10-26,Customer changed mind,Refunded,4861.27
RTRN005420,ORDR082361,,2025-11-01,Quality issue,Refunded,2798.33
RTRN005421,ORDR082390,,2025-10-19,Damaged product,Rejected,1504.66
RTRN005422,ORDR082417,,2025-10-22,Late delivery,Refunded,43368.57
RTRN005423,ORDR082423,,2025-10-19,Wrong product,Refunded,358.04
RTRN005424,ORDR082458,,2025-10-24,Customer changed mind,Refunded,1438.44
RTRN005425,ORDR082469,,2025-10-23,Damaged product,Refunded,17060.68
RTRN005426,ORDR082555,,2025-10-13,Size issue,Rejected,3542.61
RTRN005427,ORDR082579,,2025-10-23,Product not as described,Refunded,312.01
RTRN005428,ORDR082610,,2025-10-30,Late delivery,Rejected,17444.25
RTRN005429,ORDR082621,,2025-10-23,Damaged product,Refunded,2058.97
RTRN005430,ORDR082637,,2025-10-18,Product not as described,Refunded,1992.93
RTRN005431,ORDR082699,,2025-11-05,Wrong product,Refunded,219.47
RTRN005432,ORDR082707,,2025-10-21,Customer changed mind,Rejected,2992.33
RTRN005433,ORDR082729,,2025-10-21,Customer changed mind,Rejected,3748.73
RTRN005434,ORDR082732,,2025-10-23,Quality issue,Refunded,38305.02
RTRN005435,ORDR082733,,2025-10-19,Quality issue,Refunded,1673.13
RTRN005436,ORDR082735,,2025-10-15,Late delivery,Refunded,9148.77
RTRN005437,ORDR082744,,2025-10-25,Damaged product,Rejected,1796.99
RTRN005438,ORDR082746,,2025-10-22,Quality issue,Refunded,58412.46
RTRN005439,ORDR082759,,2025-10-19,Damaged product,Rejected,434.94
RTRN005440,ORDR082779,,2025-10-23,Quality issue,Refunded,15899.83
RTRN005441,ORDR082786,,2025-10-12,Late delivery,Refunded,27.46
RTRN005442,ORDR082826,,2025-10-23,Customer changed mind,Refunded,926.69
RTRN005443,ORDR082828,,2025-11-01,Damaged product,Rejected,10118.41
RTRN005444,ORDR082843,,2025-10-26,Wrong product,Refunded,11619.59
RTRN005445,ORDR082879,,2025-11-04,Quality issue,Refunded,10628.97
RTRN005446,ORDR082886,,2025-10-21,Damaged product,Rejected,35482.26
RTRN005447,ORDR082892,,2025-11-01,Wrong product,Refunded,71537.94
RTRN005448,ORDR082897,,2025-10-28,Quality issue,Refunded,520.51
RTRN005449,ORDR082920,,2025-10-25,Quality issue,Refunded,35927.5
RTRN005450,ORDR082943,,2025-10-15,Size issue,Rejected,5571.11
RTRN005451,ORDR082998,,2025-10-15,Quality issue,Refunded,3284.17
RTRN005452,ORDR083026,,2025-10-20,Customer changed mind,Rejected,21384.77
RTRN005453,ORDR083049,,2025-10-29,Product not as described,Refunded,478.16
RTRN005454,ORDR083078,,2025-10-23,Customer changed mind,Rejected,365.85
RTRN005455,ORDR083101,,2025-10-17,Wrong product,Refunded,424.36
RTRN005456,ORDR083115,,2025-10-21,Wrong product,Refunded,8762.75
RTRN005457,ORDR083125,,2025-10-30,Product not as described,Refunded,3825.89
RTRN005458,ORDR083153,,2025-10-25,Customer changed mind,Refunded,8542.1
RTRN005459,ORDR083166,,2025-10-25,Quality issue,Refunded,6703.68
RTRN005460,ORDR083189,,2025-10-29,Quality issue,Refunded,12073.06
RTRN005461,ORDR083217,,2025-10-22,Customer changed mind,Rejected,32266.9
RTRN005462,ORDR083230,,2025-10-25,Damaged product,Refunded,9164.24
RTRN005463,ORDR083234,,2025-10-31,Size issue,Rejected,6717.64
RTRN005464,ORDR083266,,2025-10-24,Wrong product,Rejected,17324.36
RTRN005465,ORDR083291,,2025-10-21,Damaged product,Refunded,87.84
RTRN005466,ORDR083296,,2025-10-20,Size issue,Refunded,14753.36
RTRN005467,ORDR083328,,2025-10-25,Quality issue,Refunded,3267.68
RTRN005468,ORDR083335,,2025-10-27,Quality issue,Refunded,43906.64
RTRN005469,ORDR083346,,2025-10-22,Customer changed mind,Refunded,629.76
RTRN005470,ORDR083388,,2025-10-22,Product not as described,Refunded,9315.36
RTRN005471,ORDR083390,,2025-10-31,Damaged product,Refunded,6307.42
RTRN005472,ORDR083392,,2025-10-27,Customer changed mind,Rejected,13074.29
RTRN005473,ORDR083395,,2025-10-22,Customer changed mind,Rejected,2844.5
RTRN005474,ORDR083407,,2025-10-18,Quality issue,Refunded,2397.17
RTRN005475,ORDR083431,,2025-10-24,Product not as described,Refunded,6279.17
RTRN005476,ORDR083444,,2025-10-25,Product not as described,Refunded,1775.3
RTRN005477,ORDR083480,,2025-10-21,Damaged product,Refunded,569.83
RTRN005478,ORDR083503,,2025-10-19,Damaged product,Rejected,947.74
RTRN005479,ORDR083514,,2025-10-29,Product not as described,Refunded,2818.36
RTRN005480,ORDR083527,,2025-10-26,Late delivery,Refunded,1754.22
RTRN005481,ORDR083533,,2025-10-25,Damaged product,Rejected,791.23
RTRN005482,ORDR083544,,2025-10-21,Size issue,Refunded,2134.74
RTRN005483,ORDR083553,,2025-10-24,Product not as described,Refunded,1569.51
RTRN005484,ORDR083568,,2025-10-18,Damaged product,Rejected,4435.71
RTRN005485,ORDR083579,,2025-11-01,Damaged product,Refunded,209.36
RTRN005486,ORDR083585,,2025-10-20,Size issue,Refunded,19775.73
RTRN005487,ORDR083589,,2025-10-29,Wrong product,Rejected,10563.42
RTRN005488,ORDR083599,,2025-11-03,Damaged product,Rejected,1177.63
RTRN005489,ORDR083636,,2025-10-22,Quality issue,Rejected,2115.5
RTRN005490,ORDR083650,,2025-10-19,Size issue,Refunded,3161.02
RTRN005491,ORDR083664,,2025-10-23,Damaged product,Refunded,942.79
RTRN005492,ORDR083678,,2025-11-03,Quality issue,Refunded,44548.19
RTRN005493,ORDR083689,,2025-11-01,Quality issue,Refunded,687.13
RTRN005494,ORDR083743,,2025-10-22,Customer changed mind,Rejected,2556.27
RTRN005495,ORDR083756,,2025-10-30,Size issue,Refunded,4510.31
RTRN005496,ORDR083790,,2025-10-23,Damaged product,Refunded,19648.6
RTRN005497,ORDR083795,,2025-10-18,Customer changed mind,Refunded,886.82
RTRN005498,ORDR083803,,2025-11-01,Quality issue,Refunded,2989.56
RTRN005499,ORDR083821,,2025-10-30,Size issue,Refunded,3986.08
RTRN005500,ORDR083836,,2025-11-03,Late delivery,Refunded,1396.6
RTRN005501,ORDR083853,,2025-10-25,Customer changed mind,Refunded,14516.76
RTRN005502,ORDR083891,,2025-10-26,Damaged product,Refunded,5891.81
RTRN005503,ORDR083895,,2025-10-24,Customer changed mind,Refunded,5032.62
RTRN005504,ORDR083925,,2025-10-27,Product not as described,Rejected,9922.93
RTRN005505,ORDR083928,,2025-10-30,Wrong product,Refunded,126316.05
RTRN005506,ORDR083966,,2025-11-07,Customer changed mind,Rejected,328.75
RTRN005507,ORDR083993,,2025-10-22,Product not as described,Rejected,1235.32
RTRN005508,ORDR084027,,2025-10-25,Customer changed mind,Refunded,6985.04
RTRN005509,ORDR084054,,2025-10-29,Quality issue,Rejected,756.05
RTRN005510,ORDR084056,,2025-10-25,Quality issue,Refunded,16677.72
RTRN005511,ORDR084076,,2025-10-26,Quality issue,Refunded,13993.82
RTRN005512,ORDR084089,,2025-10-22,Quality issue,Refunded,216.75
RTRN005513,ORDR084103,,2025-11-02,Quality issue,Rejected,11337.2
RTRN005514,ORDR084130,,2025-10-29,Customer changed mind,Refunded,857.0
RTRN005515,ORDR084149,,2025-10-19,Product not as described,Refunded,6941.71
RTRN005516,ORDR084155,,2025-11-05,Quality issue,Refunded,7247.5
RTRN005517,ORDR084163,,2025-10-18,Size issue,Rejected,1274.37
RTRN005518,ORDR084165,,2025-10-29,Damaged product,Refunded,14729.64
RTRN005519,ORDR084170,,2025-10-20,Damaged product,Refunded,4987.8
RTRN005520,ORDR084199,,2025-10-20,Wrong product,Refunded,514.86
RTRN005521,ORDR084205,,2025-10-26,Damaged product,Refunded,19889.38
RTRN005522,ORDR084214,,2025-11-02,Quality issue,Rejected,182216.17
RTRN005523,ORDR084218,,2025-10-27,Damaged product,Rejected,1884.08
RTRN005524,ORDR084255,,2025-10-31,Damaged product,Refunded,795.96
RTRN005525,ORDR084259,,2025-10-30,Quality issue,Refunded,650.24
RTRN005526,ORDR084264,,2025-10-25,Size issue,Refunded,19626.16
RTRN005527,ORDR084267,,2025-10-25,Quality issue,Rejected,423.95
RTRN005528,ORDR084287,,2025-10-19,Damaged product,Refunded,33795.85
RTRN005529,ORDR084288,,2025-11-05,Late delivery,Refunded,3266.17
RTRN005530,ORDR084313,,2025-11-01,Product not as described,Refunded,547.54
RTRN005531,ORDR084321,,2025-10-25,Wrong product,Refunded,4220.81
RTRN005532,ORDR084325,,2025-11-03,Quality issue,Refunded,261.26
RTRN005533,ORDR084338,,2025-10-23,Damaged product,Refunded,20554.28
RTRN005534,ORDR084344,,2025-11-01,Customer changed mind,Rejected,755.63
RTRN005535,ORDR084369,,2025-10-22,Quality issue,Rejected,381.13
RTRN005536,ORDR084388,,2025-10-25,Quality issue,Rejected,956.19
RTRN005537,ORDR084409,,2025-10-30,Wrong product,Refunded,3508.49
RTRN005538,ORDR084465,,2025-11-04,Size issue,Refunded,4753.55
RTRN005539,ORDR084473,,2025-10-25,Customer changed mind,Refunded,1113.18
RTRN005540,ORDR084475,,2025-10-29,Damaged product,Refunded,7023.43
RTRN005541,ORDR084494,,2025-10-21,Damaged product,Rejected,1768.74
RTRN005542,ORDR084503,,2025-11-01,Quality issue,Refunded,1319.46
RTRN005543,ORDR084513,,2025-10-24,Customer changed mind,Refunded,3671.84
RTRN005544,ORDR084525,,2025-10-26,Damaged product,Refunded,736.25
RTRN005545,ORDR084527,,2025-11-01,Damaged product,Refunded,12060.86
RTRN005546,ORDR084579,,2025-11-05,Customer changed mind,Refunded,7305.19
RTRN005547,ORDR084583,,2025-11-04,Damaged product,Refunded,37583.5
RTRN005548,ORDR084610,,2025-10-23,Customer changed mind,Refunded,509.31
RTRN005549,ORDR084626,,2025-11-01,Wrong product,Refunded,192.03
RTRN005550,ORDR084638,,2025-10-26,Product not as described,Rejected,15182.79
RTRN005551,ORDR084640,,2025-10-23,Size issue,Rejected,1079.06
RTRN005552,ORDR084666,,2025-11-03,Wrong product,Refunded,143.92
RTRN005553,ORDR084667,,2025-10-22,Size issue,Refunded,4908.44
RTRN005554,ORDR084672,,2025-11-04,Customer changed mind,Refunded,159.37
RTRN005555,ORDR084675,,2025-11-04,Quality issue,Refunded,19491.34
RTRN005556,ORDR084686,,2025-10-23,Customer changed mind,Refunded,27065.84
RTRN005557,ORDR084689,,2025-10-27,Quality issue,Refunded,174.26
RTRN005558,ORDR084724,,2025-11-05,Size issue,Refunded,209.06
RTRN005559,ORDR084730,,2025-10-30,Wrong product,Refunded,689.97
RTRN005560,ORDR084731,,2025-10-28,Product not as described,Rejected,4380.21
RTRN005561,ORDR084732,,2025-10-30,Quality issue,Refunded,7178.27
RTRN005562,ORDR084775,,2025-10-25,Size issue,Rejected,3081.97
RTRN005563,ORDR084793,,2025-10-27,Wrong product,Refunded,18603.42
RTRN005564,ORDR084830,,2025-10-29,Damaged product,Refunded,518.46
RTRN005565,ORDR084851,,2025-10-30,Customer changed mind,Rejected,554.82
RTRN005566,ORDR084854,,2025-11-03,Quality issue,Refunded,25477.93
RTRN005567,ORDR084883,,2025-10-22,Customer changed mind,Refunded,1219.37
RTRN005568,ORDR084907,,2025-10-28,Quality issue,Refunded,3197.58
RTRN005569,ORDR084917,,2025-10-29,Damaged product,Refunded,2763.46
RTRN005570,ORDR084941,,2025-10-29,Quality issue,Refunded,20916.84
RTRN005571,ORDR084943,,2025-10-30,Customer changed mind,Refunded,4860.37
RTRN005572,ORDR084949,,2025-10-31,Product not as described,Refunded,8272.25
RTRN005573,ORDR084966,,2025-11-04,Wrong product,Refunded,198.18
RTRN005574,ORDR084978,,2025-10-28,Damaged product,Rejected,7783.41
RTRN005575,ORDR084984,,2025-11-07,Damaged product,Refunded,465.89
RTRN005576,ORDR084986,,2025-11-03,Customer changed mind,Rejected,8879.07
RTRN005577,ORDR085012,,2025-11-01,Customer changed mind,Rejected,6724.26
RTRN005578,ORDR085034,,2025-10-31,Quality issue,Refunded,3953.82
RTRN005579,ORDR085040,,2025-10-25,Size issue,Refunded,1990.96
RTRN005580,ORDR085059,,2025-10-23,Product not as described,Refunded,26316.1
RTRN005581,ORDR085063,,2025-11-01,Product not as described,Refunded,14058.24
RTRN005582,ORDR085075,,2025-10-25,Wrong product,Refunded,14696.89
RTRN005583,ORDR085077,,2025-11-05,Damaged product,Refunded,12559.82
RTRN005584,ORDR085082,,2025-10-28,Quality issue,Refunded,18361.86
RTRN005585,ORDR085085,,2025-10-29,Size issue,Refunded,7255.04
RTRN005586,ORDR085098,,2025-11-02,Damaged product,Refunded,6815.55
RTRN005587,ORDR085101,,2025-11-03,Quality issue,Refunded,467.94
RTRN005588,ORDR085109,,2025-10-29,Customer changed mind,Refunded,33966.33
RTRN005589,ORDR085136,,2025-10-21,Customer changed mind,Refunded,2887.32
RTRN005590,ORDR085138,,2025-11-02,Damaged product,Refunded,96.37
RTRN005591,ORDR085139,,2025-11-01,Quality issue,Refunded,417.44
RTRN005592,ORDR085174,,2025-11-03,Damaged product,Refunded,768.67
RTRN005593,ORDR085175,,2025-11-07,Damaged product,Refunded,45953.04
RTRN005594,ORDR085199,,2025-10-29,Wrong product,Rejected,9237.06
RTRN005595,ORDR085233,,2025-10-27,Customer changed mind,Refunded,4134.11
RTRN005596,ORDR085249,,2025-10-27,Quality issue,Rejected,13391.59
RTRN005597,ORDR085254,,2025-11-02,Quality issue,Rejected,7427.97
RTRN005598,ORDR085269,,2025-11-03,Damaged product,Refunded,25185.59
RTRN005599,ORDR085318,,2025-11-06,Size issue,Refunded,5078.76
RTRN005600,ORDR085329,,2025-10-31,Wrong product,Refunded,622.23
RTRN005601,ORDR085333,,2025-10-31,Customer changed mind,Refunded,1057.03
RTRN005602,ORDR085345,,2025-11-13,Customer changed mind,Refunded,10277.22
RTRN005603,ORDR085354,,2025-11-03,Size issue,Rejected,575.68
RTRN005604,ORDR085356,,2025-11-08,Customer changed mind,Refunded,18493.67
RTRN005605,ORDR085360,,2025-11-04,Quality issue,Rejected,15254.84
RTRN005606,ORDR085375,,2025-11-10,Damaged product,Rejected,13034.24
RTRN005607,ORDR085412,,2025-10-31,Damaged product,Refunded,3791.0
RTRN005608,ORDR085420,,2025-11-04,Damaged product,Refunded,17735.77
RTRN005609,ORDR085436,,2025-11-04,Customer changed mind,Refunded,670.84
RTRN005610,ORDR085477,,2025-11-05,Customer changed mind,Rejected,18964.99
RTRN005611,ORDR085494,,2025-11-01,Customer changed mind,Refunded,267.79
RTRN005612,ORDR085524,,2025-11-05,Product not as described,Refunded,277.47
RTRN005613,ORDR085541,,2025-10-25,Customer changed mind,Refunded,2467.3
RTRN005614,ORDR085549,,2025-11-04,Wrong product,Refunded,133516.51
RTRN005615,ORDR085553,,2025-11-03,Damaged product,Refunded,709.13
RTRN005616,ORDR085558,,2025-11-04,Damaged product,Refunded,150.4
RTRN005617,ORDR085580,,2025-10-28,Quality issue,Refunded,862.8
RTRN005618,ORDR085581,,2025-10-29,Quality issue,Refunded,1060.95
RTRN005619,ORDR085595,,2025-11-13,Damaged product,Refunded,509.04
RTRN005620,ORDR085612,,2025-11-01,Product not as described,Refunded,98.55
RTRN005621,ORDR085615,,2025-11-09,Size issue,Refunded,2848.67
RTRN005622,ORDR085620,,2025-11-01,Customer changed mind,Refunded,7816.64
RTRN005623,ORDR085636,,2025-10-31,Wrong product,Rejected,16797.62
RTRN005624,ORDR085640,,2025-11-03,Quality issue,Refunded,125317.02
RTRN005625,ORDR085647,,2025-10-27,Wrong product,Rejected,7567.79
RTRN005626,ORDR085663,,2025-11-06,Late delivery,Rejected,10124.13
RTRN005627,ORDR085685,,2025-10-28,Product not as described,Refunded,9816.41
RTRN005628,ORDR085704,,2025-11-07,Customer changed mind,Refunded,3273.16
RTRN005629,ORDR085705,,2025-10-27,Size issue,Refunded,16878.03
RTRN005630,ORDR085716,,2025-11-01,Product not as described,Refunded,6619.65
RTRN005631,ORDR085718,,2025-11-07,Product not as described,Refunded,7220.18
RTRN005632,ORDR085737,,2025-10-31,Quality issue,Refunded,663.31
RTRN005633,ORDR085739,,2025-11-05,Product not as described,Refunded,3624.15
RTRN005634,ORDR085760,,2025-10-27,Damaged product,Rejected,39184.4
RTRN005635,ORDR085791,,2025-11-02,Product not as described,Rejected,1646.35
RTRN005636,ORDR085796,,2025-11-07,Wrong product,Refunded,14273.58
RTRN005637,ORDR085814,,2025-10-31,Customer changed mind,Refunded,18088.59
RTRN005638,ORDR085834,,2025-10-31,Product not as described,Refunded,13952.48
RTRN005639,ORDR085861,,2025-10-31,Quality issue,Refunded,2905.48
RTRN005640,ORDR085889,,2025-11-04,Damaged product,Refunded,1335.92
RTRN005641,ORDR085910,,2025-11-04,Product not as described,Refunded,426.38
RTRN005642,ORDR085911,,2025-10-31,Customer changed mind,Refunded,2172.77
RTRN005643,ORDR085941,,2025-11-02,Late delivery,Refunded,106.54
RTRN005644,ORDR085944,,2025-10-30,Wrong product,Refunded,601.43
RTRN005645,ORDR085973,,2025-11-05,Damaged product,Refunded,14157.46
RTRN005646,ORDR085976,,2025-10-30,Product not as described,Rejected,1544.91
RTRN005647,ORDR086002,,2025-11-01,Product not as described,Refunded,13890.7
RTRN005648,ORDR086005,,2025-11-06,Late delivery,Refunded,2029.4
RTRN005649,ORDR086014,,2025-11-02,Wrong product,Rejected,61844.15
RTRN005650,ORDR086036,,2025-11-09,Customer changed mind,Refunded,1970.52
RTRN005651,ORDR086046,,2025-10-31,Customer changed mind,Rejected,4640.98
RTRN005652,ORDR086050,,2025-10-31,Damaged product,Refunded,5395.98
RTRN005653,ORDR086072,,2025-10-24,Quality issue,Rejected,1095.55
RTRN005654,ORDR086076,,2025-10-27,Size issue,Refunded,3949.75
RTRN005655,ORDR086080,,2025-11-05,Quality issue,Rejected,3400.51
RTRN005656,ORDR086101,,2025-10-30,Product not as described,Refunded,2785.97
RTRN005657,ORDR086140,,2025-11-06,Product not as described,Refunded,137.5
RTRN005658,ORDR086154,,2025-11-01,Damaged product,Rejected,115.91
RTRN005659,ORDR086156,,2025-11-02,Product not as described,Refunded,7180.82
RTRN005660,ORDR086165,,2025-11-06,Wrong product,Refunded,274.68
RTRN005661,ORDR086169,,2025-11-04,Customer changed mind,Refunded,1231.44
RTRN005662,ORDR086227,,2025-11-07,Damaged product,Refunded,1659.34
RTRN005663,ORDR086255,,2025-11-01,Customer changed mind,Rejected,6341.43
RTRN005664,ORDR086286,,2025-11-03,Damaged product,Rejected,27635.14
RTRN005665,ORDR086315,,2025-10-29,Product not as described,Refunded,808.97
RTRN005666,ORDR086316,,2025-11-12,Size issue,Refunded,9096.31
RTRN005667,ORDR086356,,2025-10-30,Quality issue,Refunded,14640.4
RTRN005668,ORDR086357,,2025-10-31,Quality issue,Rejected,8902.77
RTRN005669,ORDR086362,,2025-10-31,Size issue,Refunded,3150.14
RTRN005670,ORDR086377,,2025-10-26,Customer changed mind,Rejected,4204.48
RTRN005671,ORDR086381,,2025-10-30,Damaged product,Rejected,610.31
RTRN005672,ORDR086395,,2025-10-28,Customer changed mind,Refunded,7216.52
RTRN005673,ORDR086401,,2025-11-05,Product not as described,Refunded,1447.58
RTRN005674,ORDR086410,,2025-10-30,Damaged product,Refunded,1523.99
RTRN005675,ORDR086438,,2025-11-06,Damaged product,Refunded,46464.41
RTRN005676,ORDR086460,,2025-10-29,Customer changed mind,Refunded,3070.24
RTRN005677,ORDR086468,,2025-11-09,Product not as described,Refunded,6411.69
RTRN005678,ORDR086505,,2025-11-01,Damaged product,Refunded,1498.19
RTRN005679,ORDR086580,,2025-11-04,Damaged product,Refunded,575.48
RTRN005680,ORDR086582,,2025-11-14,Quality issue,Refunded,5532.17
RTRN005681,ORDR086603,,2025-11-06,Product not as described,Rejected,15465.28
RTRN005682,ORDR086622,,2025-11-06,Size issue,Refunded,1567.61
RTRN005683,ORDR086634,,2025-10-24,Damaged product,Refunded,948.89
RTRN005684,ORDR086645,,2025-10-28,Product not as described,Refunded,2033.16
RTRN005685,ORDR086646,,2025-11-05,Quality issue,Rejected,35892.29
RTRN005686,ORDR086654,,2025-10-27,Quality issue,Rejected,483.01
RTRN005687,ORDR086665,,2025-11-06,Wrong product,Refunded,197.96
RTRN005688,ORDR086686,,2025-11-08,Quality issue,Refunded,2518.08
RTRN005689,ORDR086712,,2025-10-27,Damaged product,Refunded,2502.2
RTRN005690,ORDR086715,,2025-11-04,Customer changed mind,Refunded,11546.42
RTRN005691,ORDR086716,,2025-11-05,Damaged product,Refunded,255.54
RTRN005692,ORDR086717,,2025-11-07,Customer changed mind,Refunded,17225.96
RTRN005693,ORDR086720,,2025-11-08,Damaged product,Refunded,26244.76
RTRN005694,ORDR086731,,2025-11-03,Quality issue,Rejected,4141.45
RTRN005695,ORDR086736,,2025-10-26,Product not as described,Refunded,19740.27
RTRN005696,ORDR086752,,2025-11-05,Customer changed mind,Refunded,4935.01
RTRN005697,ORDR086767,,2025-11-02,Quality issue,Refunded,17667.79
RTRN005698,ORDR086772,,2025-11-08,Damaged product,Refunded,6972.9
RTRN005699,ORDR086804,,2025-10-26,Quality issue,Refunded,55120.48
RTRN005700,ORDR086846,,2025-10-31,Quality issue,Refunded,676.93
RTRN005701,ORDR086848,,2025-10-29,Size issue,Refunded,601.09
RTRN005702,ORDR086888,,2025-11-02,Product not as described,Refunded,1755.89
RTRN005703,ORDR086902,,2025-10-31,Wrong product,Refunded,621.76
RTRN005704,ORDR086911,,2025-11-09,Product not as described,Refunded,15099.22
RTRN005705,ORDR086912,,2025-11-10,Size issue,Refunded,594.48
RTRN005706,ORDR086920,,2025-11-08,Product not as described,Refunded,13627.93
RTRN005707,ORDR086934,,2025-11-03,Customer changed mind,Refunded,5375.41
RTRN005708,ORDR086940,,2025-11-07,Size issue,Refunded,4429.79
RTRN005709,ORDR086959,,2025-11-05,Quality issue,Refunded,18825.15
RTRN005710,ORDR086968,,2025-11-06,Customer changed mind,Rejected,2958.42
RTRN005711,ORDR086969,,2025-11-03,Size issue,Refunded,2595.62
RTRN005712,ORDR086971,,2025-11-08,Product not as described,Refunded,68663.58
RTRN005713,ORDR086975,,2025-10-30,Wrong product,Refunded,199.83
RTRN005714,ORDR086977,,2025-11-06,Wrong product,Refunded,2246.76
RTRN005715,ORDR086978,,2025-10-25,Damaged product,Rejected,1016.01
RTRN005716,ORDR086994,,2025-11-07,Wrong product,Refunded,960.82
RTRN005717,ORDR087012,,2025-10-31,Product not as described,Rejected,2284.7
RTRN005718,ORDR087022,,2025-11-09,Customer changed mind,Refunded,4330.64
RTRN005719,ORDR087046,,2025-11-07,Customer changed mind,Rejected,1122.81
RTRN005720,ORDR087073,,2025-10-31,Customer changed mind,Rejected,3679.86
RTRN005721,ORDR087074,,2025-11-12,Damaged product,Rejected,1565.56
RTRN005722,ORDR087078,,2025-11-02,Damaged product,Refunded,9316.9
RTRN005723,ORDR087080,,2025-10-25,Product not as described,Rejected,41200.55
RTRN005724,ORDR087106,,2025-11-06,Quality issue,Refunded,7659.88
RTRN005725,ORDR087169,,2025-11-05,Wrong product,Rejected,3074.67
RTRN005726,ORDR087184,,2025-10-31,Customer changed mind,Refunded,558.75
RTRN005727,ORDR087186,,2025-11-07,Damaged product,Refunded,2403.55
RTRN005728,ORDR087191,,2025-10-31,Damaged product,Refunded,36796.44
RTRN005729,ORDR087197,,2025-11-05,Size issue,Refunded,2587.16
RTRN005730,ORDR087205,,2025-11-06,Product not as described,Refunded,834.94
RTRN005731,ORDR087222,,2025-10-27,Late delivery,Rejected,1853.09
RTRN005732,ORDR087229,,2025-11-07,Product not as described,Rejected,7844.51
RTRN005733,ORDR087255,,2025-11-08,Damaged product,Refunded,21430.92
RTRN005734,ORDR087256,,2025-11-06,Customer changed mind,Refunded,288.5
RTRN005735,ORDR087272,,2025-11-05,Quality issue,Refunded,5713.37
RTRN005736,ORDR087283,,2025-10-29,Quality issue,Refunded,13053.67
RTRN005737,ORDR087313,,2025-10-29,Quality issue,Rejected,54622.8
RTRN005738,ORDR087322,,2025-11-10,Damaged product,Refunded,29.53
RTRN005739,ORDR087348,,2025-11-02,Late delivery,Refunded,137380.64
RTRN005740,ORDR087359,,2025-11-05,Quality issue,Refunded,242.9
RTRN005741,ORDR087369,,2025-10-27,Product not as described,Refunded,2091.74
RTRN005742,ORDR087382,,2025-10-29,Wrong product,Rejected,1104.77
RTRN005743,ORDR087389,,2025-10-29,Customer changed mind,Refunded,2645.56
RTRN005744,ORDR087406,,2025-11-12,Quality issue,Refunded,89638.91
RTRN005745,ORDR087421,,2025-11-01,Late delivery,Refunded,479.2
RTRN005746,ORDR087428,,2025-11-06,Damaged product,Rejected,1090.24
RTRN005747,ORDR087444,,2025-11-11,Damaged product,Refunded,1527.87
RTRN005748,ORDR087476,,2025-11-06,Damaged product,Refunded,1886.31
RTRN005749,ORDR087478,,2025-11-04,Wrong product,Refunded,8183.72
RTRN005750,ORDR087486,,2025-11-04,Damaged product,Refunded,577.89
RTRN005751,ORDR087517,,2025-11-08,Quality issue,Refunded,4555.44
RTRN005752,ORDR087538,,2025-11-08,Wrong product,Refunded,335.94
RTRN005753,ORDR087542,,2025-11-07,Size issue,Refunded,3086.91
RTRN005754,ORDR087552,,2025-10-31,Customer changed mind,Refunded,1920.93
RTRN005755,ORDR087553,,2025-11-03,Customer changed mind,Refunded,248.42
RTRN005756,ORDR087568,,2025-11-04,Damaged product,Refunded,7419.81
RTRN005757,ORDR087583,,2025-11-06,Quality issue,Refunded,852.4
RTRN005758,ORDR087588,,2025-11-09,Product not as described,Refunded,39672.04
RTRN005759,ORDR087593,,2025-11-05,Customer changed mind,Rejected,635.05
RTRN005760,ORDR087608,,2025-11-03,Wrong product,Rejected,63273.32
RTRN005761,ORDR087614,,2025-10-30,Customer changed mind,Rejected,304.49
RTRN005762,ORDR087618,,2025-10-27,Late delivery,Refunded,1589.16
RTRN005763,ORDR087624,,2025-11-06,Late delivery,Rejected,17438.74
RTRN005764,ORDR087625,,2025-11-09,Quality issue,Refunded,12820.7
RTRN005765,ORDR087652,,2025-11-03,Size issue,Rejected,344.47
RTRN005766,ORDR087663,,2025-11-05,Damaged product,Rejected,1403.54
RTRN005767,ORDR087665,,2025-11-01,Damaged product,Refunded,18828.76
RTRN005768,ORDR087667,,2025-10-30,Quality issue,Refunded,18298.77
RTRN005769,ORDR087677,,2025-11-11,Quality issue,Rejected,3279.13
RTRN005770,ORDR087688,,2025-11-08,Damaged product,Refunded,20052.2
RTRN005771,ORDR087690,,2025-11-06,Quality issue,Refunded,39892.2
RTRN005772,ORDR087712,,2025-11-07,Customer changed mind,Refunded,24068.19
RTRN005773,ORDR087764,,2025-11-11,Wrong product,Rejected,2338.3
RTRN005774,ORDR087782,,2025-11-01,Damaged product,Refunded,6496.0
RTRN005775,ORDR087793,,2025-11-09,Damaged product,Refunded,2307.39
RTRN005776,ORDR087843,,2025-10-31,Quality issue,Refunded,2248.88
RTRN005777,ORDR087846,,2025-11-09,Product not as described,Rejected,556.31
RTRN005778,ORDR087862,,2025-11-03,Damaged product,Refunded,2420.63
RTRN005779,ORDR087864,,2025-11-03,Damaged product,Rejected,110.47
RTRN005780,ORDR087893,,2025-11-01,Size issue,Refunded,697.18
RTRN005781,ORDR087896,,2025-11-13,Quality issue,Refunded,29951.22
RTRN005782,ORDR087907,,2025-11-01,Size issue,Refunded,561.53
RTRN005783,ORDR087918,,2025-10-31,Customer changed mind,Refunded,8288.41
RTRN005784,ORDR087930,,2025-11-03,Damaged product,Rejected,6911.38
RTRN005785,ORDR087937,,2025-11-10,Damaged product,Rejected,170.19
RTRN005786,ORDR087947,,2025-10-30,Customer changed mind,Refunded,1687.73
RTRN005787,ORDR087972,,2025-11-02,Wrong product,Refunded,683.25
RTRN005788,ORDR087978,,2025-10-30,Quality issue,Refunded,913.27
RTRN005789,ORDR087987,,2025-11-03,Quality issue,Refunded,2623.53
RTRN005790,ORDR087999,,2025-10-26,Size issue,Refunded,5168.93
RTRN005791,ORDR088047,,2025-10-30,Quality issue,Rejected,37017.91
RTRN005792,ORDR088049,,2025-10-27,Damaged product,Rejected,975.96
RTRN005793,ORDR088052,,2025-11-04,Customer changed mind,Refunded,1505.61
RTRN005794,ORDR088053,,2025-11-05,Wrong product,Refunded,9104.39
RTRN005795,ORDR088055,,2025-10-29,Size issue,Refunded,5697.85
RTRN005796,ORDR088085,,2025-11-08,Customer changed mind,Refunded,652.9
RTRN005797,ORDR088090,,2025-10-30,Product not as described,Refunded,35717.77
RTRN005798,ORDR088107,,2025-10-31,Size issue,Refunded,2320.49
RTRN005799,ORDR088115,,2025-11-02,Late delivery,Rejected,3559.77
RTRN005800,ORDR088135,,2025-11-01,Wrong product,Rejected,28915.81
RTRN005801,ORDR088140,,2025-11-13,Quality issue,Refunded,941.3
RTRN005802,ORDR088152,,2025-11-05,Product not as described,Rejected,153.48
RTRN005803,ORDR088215,,2025-11-13,Product not as described,Refunded,13726.7
RTRN005804,ORDR088228,,2025-11-09,Size issue,Rejected,7696.61
RTRN005805,ORDR088238,,2025-11-09,Customer changed mind,Refunded,326.65
RTRN005806,ORDR088295,,2025-10-31,Quality issue,Refunded,4760.19
RTRN005807,ORDR088305,,2025-11-10,Damaged product,Refunded,371.96
RTRN005808,ORDR088315,,2025-11-13,Size issue,Refunded,8378.3
RTRN005809,ORDR088338,,2025-11-05,Customer changed mind,Refunded,20248.73
RTRN005810,ORDR088359,,2025-11-02,Size issue,Refunded,685.02
RTRN005811,ORDR088366,,2025-10-30,Damaged product,Refunded,5155.41
RTRN005812,ORDR088377,,2025-10-29,Wrong product,Rejected,3092.36
RTRN005813,ORDR088397,,2025-11-04,Product not as described,Refunded,40716.05
RTRN005814,ORDR088399,,2025-11-03,Size issue,Refunded,3774.49
RTRN005815,ORDR088414,,2025-11-08,Size issue,Refunded,3021.79
RTRN005816,ORDR088421,,2025-11-09,Size issue,Rejected,339.25
RTRN005817,ORDR088432,,2025-10-30,Quality issue,Refunded,6469.61
RTRN005818,ORDR088433,,2025-11-11,Quality issue,Refunded,534.66
RTRN005819,ORDR088439,,2025-11-06,Damaged product,Refunded,46556.34
RTRN005820,ORDR088443,,2025-11-06,Product not as described,Rejected,6931.29
RTRN005821,ORDR088451,,2025-10-30,Damaged product,Refunded,427.4
RTRN005822,ORDR088480,,2025-11-02,Size issue,Refunded,1456.38
RTRN005823,ORDR088506,,2025-10-30,Customer changed mind,Rejected,3538.13
RTRN005824,ORDR088522,,2025-10-29,Wrong product,Refunded,502.89
RTRN005825,ORDR088528,,2025-11-06,Wrong product,Refunded,875.56
RTRN005826,ORDR088551,,2025-11-07,Customer changed mind,Refunded,315.76
RTRN005827,ORDR088568,,2025-10-31,Product not as described,Refunded,16700.58
RTRN005828,ORDR088591,,2025-11-05,Wrong product,Refunded,5188.32
RTRN005829,ORDR088592,,2025-11-03,Damaged product,Refunded,745.85
RTRN005830,ORDR088594,,2025-11-05,Damaged product,Rejected,3216.92
RTRN005831,ORDR088607,,2025-11-08,Wrong product,Refunded,877.32
RTRN005832,ORDR088633,,2025-11-10,Damaged product,Refunded,2263.71
RTRN005833,ORDR088639,,2025-11-03,Wrong product,Refunded,1636.84
RTRN005834,ORDR088648,,2025-11-03,Quality issue,Refunded,339.4
RTRN005835,ORDR088653,,2025-11-02,Damaged product,Rejected,12448.78
RTRN005836,ORDR088665,,2025-11-10,Customer changed mind,Refunded,1815.05
RTRN005837,ORDR088668,,2025-11-02,Quality issue,Refunded,7218.23
RTRN005838,ORDR088672,,2025-11-04,Damaged product,Refunded,29953.96
RTRN005839,ORDR088705,,2025-11-09,Product not as described,Refunded,5990.51
RTRN005840,ORDR088723,,2025-11-11,Size issue,Refunded,551.08
RTRN005841,ORDR088742,,2025-11-03,Damaged product,Rejected,20588.7
RTRN005842,ORDR088750,,2025-11-06,Customer changed mind,Refunded,8596.48
RTRN005843,ORDR088765,,2025-11-12,Damaged product,Rejected,8231.41
RTRN005844,ORDR088768,,2025-11-01,Size issue,Refunded,452.95
RTRN005845,ORDR088776,,2025-11-10,Quality issue,Refunded,232.26
RTRN005846,ORDR088779,,2025-11-01,Late delivery,Refunded,536.37
RTRN005847,ORDR088790,,2025-11-13,Wrong product,Refunded,2710.01
RTRN005848,ORDR088799,,2025-11-10,Damaged product,Refunded,316.97
RTRN005849,ORDR088835,,2025-11-07,Customer changed mind,Refunded,63952.48
RTRN005850,ORDR088864,,2025-11-17,Wrong product,Refunded,981.96
RTRN005851,ORDR088870,,2025-11-10,Wrong product,Refunded,107.11
RTRN005852,ORDR088884,,2025-11-04,Damaged product,Refunded,11640.65
RTRN005853,ORDR088898,,2025-11-06,Customer changed mind,Rejected,2320.49
RTRN005854,ORDR088901,,2025-11-10,Product not as described,Refunded,837.34
RTRN005855,ORDR088905,,2025-11-12,Quality issue,Refunded,2040.07
RTRN005856,ORDR088948,,2025-10-30,Damaged product,Refunded,16573.64
RTRN005857,ORDR088949,,2025-11-12,Damaged product,Rejected,43706.47
RTRN005858,ORDR088958,,2025-11-11,Product not as described,Refunded,25088.23
RTRN005859,ORDR088973,,2025-11-04,Size issue,Refunded,8144.62
RTRN005860,ORDR088990,,2025-11-07,Quality issue,Refunded,20954.3
RTRN005861,ORDR089005,,2025-11-09,Quality issue,Refunded,3088.58
RTRN005862,ORDR089009,,2025-11-01,Wrong product,Refunded,16441.86
RTRN005863,ORDR089028,,2025-11-07,Wrong product,Refunded,507.98
RTRN005864,ORDR089040,,2025-11-10,Damaged product,Refunded,32912.94
RTRN005865,ORDR089069,,2025-11-02,Customer changed mind,Refunded,3226.24
RTRN005866,ORDR089086,,2025-11-08,Product not as described,Refunded,3104.3
RTRN005867,ORDR089118,,2025-10-29,Damaged product,Rejected,1228.74
RTRN005868,ORDR089176,,2025-11-03,Wrong product,Refunded,90010.76
RTRN005869,ORDR089194,,2025-11-10,Size issue,Rejected,7615.79
RTRN005870,ORDR089196,,2025-11-11,Damaged product,Rejected,316.19
RTRN005871,ORDR089216,,2025-11-17,Quality issue,Refunded,222.03
RTRN005872,ORDR089217,,2025-11-03,Size issue,Rejected,4872.14
RTRN005873,ORDR089250,,2025-11-05,Size issue,Refunded,2158.55
RTRN005874,ORDR089252,,2025-11-05,Product not as described,Refunded,2646.77
RTRN005875,ORDR089276,,2025-10-28,Damaged product,Refunded,273.74
RTRN005876,ORDR089302,,2025-11-14,Damaged product,Rejected,35245.75
RTRN005877,ORDR089303,,2025-11-06,Size issue,Refunded,6784.77
RTRN005878,ORDR089304,,2025-11-14,Product not as described,Refunded,107555.93
RTRN005879,ORDR089311,,2025-11-05,Wrong product,Rejected,18438.07
RTRN005880,ORDR089313,,2025-11-04,Product not as described,Rejected,280.33
RTRN005881,ORDR089318,,2025-11-06,Damaged product,Refunded,3448.32
RTRN005882,ORDR089319,,2025-11-10,Wrong product,Refunded,24756.41
RTRN005883,ORDR089340,,2025-11-03,Wrong product,Rejected,838.99
RTRN005884,ORDR089352,,2025-11-03,Customer changed mind,Refunded,4163.96
RTRN005885,ORDR089377,,2025-11-14,Quality issue,Refunded,277.9
RTRN005886,ORDR089388,,2025-11-08,Size issue,Refunded,5239.04
RTRN005887,ORDR089391,,2025-11-11,Wrong product,Refunded,2629.23
RTRN005888,ORDR089408,,2025-11-05,Product not as described,Refunded,2102.9
RTRN005889,ORDR089432,,2025-11-06,Wrong product,Refunded,819.73
RTRN005890,ORDR089433,,2025-11-03,Size issue,Refunded,1777.68
RTRN005891,ORDR089441,,2025-11-09,Damaged product,Rejected,534.37
RTRN005892,ORDR089476,,2025-10-31,Quality issue,Refunded,403.48
RTRN005893,ORDR089497,,2025-11-22,Customer changed mind,Refunded,7223.43
RTRN005894,ORDR089506,,2025-11-07,Wrong product,Refunded,1562.58
RTRN005895,ORDR089519,,2025-10-31,Product not as described,Refunded,14622.4
RTRN005896,ORDR089521,,2025-11-04,Wrong product,Refunded,12735.24
RTRN005897,ORDR089533,,2025-10-29,Product not as described,Rejected,37816.77
RTRN005898,ORDR089536,,2025-11-07,Damaged product,Refunded,315.24
RTRN005899,ORDR089550,,2025-11-05,Product not as described,Refunded,9304.03
RTRN005900,ORDR089567,,2025-11-07,Quality issue,Refunded,1537.04
RTRN005901,ORDR089595,,2025-10-31,Customer changed mind,Refunded,1046.89
RTRN005902,ORDR089635,,2025-11-06,Damaged product,Refunded,95849.3
RTRN005903,ORDR089636,,2025-11-10,Damaged product,Refunded,2148.02
RTRN005904,ORDR089645,,2025-10-29,Customer changed mind,Refunded,324.89
RTRN005905,ORDR089656,,2025-11-15,Customer changed mind,Refunded,2873.01
RTRN005906,ORDR089665,,2025-11-06,Wrong product,Refunded,1831.55
RTRN005907,ORDR089711,,2025-11-07,Quality issue,Rejected,3650.81
RTRN005908,ORDR089727,,2025-11-10,Quality issue,Refunded,18592.07
RTRN005909,ORDR089740,,2025-11-04,Customer changed mind,Rejected,10185.42
RTRN005910,ORDR089758,,2025-11-08,Damaged product,Refunded,31334.59
RTRN005911,ORDR089767,,2025-11-15,Size issue,Refunded,1198.12
RTRN005912,ORDR089784,,2025-10-31,Damaged product,Refunded,26555.84
RTRN005913,ORDR089793,,2025-11-10,Product not as described,Rejected,1281.84
RTRN005914,ORDR089810,,2025-11-14,Product not as described,Refunded,3418.85
RTRN005915,ORDR089874,,2025-11-05,Customer changed mind,Rejected,39589.43
RTRN005916,ORDR089886,,2025-11-02,Customer changed mind,Refunded,20473.9
RTRN005917,ORDR089901,,2025-11-13,Customer changed mind,Refunded,13568.51
RTRN005918,ORDR089939,,2025-11-18,Damaged product,Refunded,565.86
RTRN005919,ORDR089942,,2025-11-10,Wrong product,Refunded,3414.52
RTRN005920,ORDR089961,,2025-11-12,Customer changed mind,Refunded,2197.06
RTRN005921,ORDR089962,,2025-11-08,Damaged product,Refunded,337.85
RTRN005922,ORDR089974,,2025-11-12,Quality issue,Refunded,49886.56
RTRN005923,ORDR089983,,2025-11-02,Customer changed mind,Refunded,556.98
RTRN005924,ORDR089989,,2025-11-04,Product not as described,Refunded,2027.91
RTRN005925,ORDR090002,,2025-11-04,Damaged product,Rejected,1713.69
RTRN005926,ORDR090023,,2025-11-04,Product not as described,Refunded,26145.18
RTRN005927,ORDR090068,,2025-11-03,Quality issue,Rejected,10601.72
RTRN005928,ORDR090096,,2025-11-09,Quality issue,Refunded,359.93
RTRN005929,ORDR090098,,2025-11-06,Customer changed mind,Rejected,3298.35
RTRN005930,ORDR090141,,2025-11-16,Wrong product,Rejected,920.31
RTRN005931,ORDR090142,,2025-11-06,Late delivery,Refunded,1898.71
RTRN005932,ORDR090147,,2025-11-17,Size issue,Refunded,14594.91
RTRN005933,ORDR090155,,2025-11-16,Damaged product,Refunded,453.37
RTRN005934,ORDR090175,,2025-11-04,Late delivery,Refunded,42.22
RTRN005935,ORDR090189,,2025-11-13,Quality issue,Refunded,313.91
RTRN005936,ORDR090195,,2025-11-06,Customer changed mind,Rejected,1691.71
RTRN005937,ORDR090228,,2025-11-14,Damaged product,Rejected,25888.68
RTRN005938,ORDR090229,,2025-11-03,Quality issue,Refunded,106723.61
RTRN005939,ORDR090237,,2025-11-05,Product not as described,Refunded,3733.4
RTRN005940,ORDR090249,,2025-11-11,Product not as described,Rejected,6308.38
RTRN005941,ORDR090285,,2025-11-15,Quality issue,Rejected,12139.12
RTRN005942,ORDR090293,,2025-11-15,Damaged product,Refunded,15471.99
RTRN005943,ORDR090296,,2025-11-05,Damaged product,Refunded,536.47
RTRN005944,ORDR090310,,2025-11-10,Wrong product,Refunded,1041.04
RTRN005945,ORDR090331,,2025-11-13,Size issue,Rejected,2188.91
RTRN005946,ORDR090348,,2025-11-10,Product not as described,Rejected,264.15
RTRN005947,ORDR090359,,2025-11-12,Damaged product,Rejected,748.56
RTRN005948,ORDR090367,,2025-11-11,Damaged product,Refunded,11836.74
RTRN005949,ORDR090368,,2025-11-11,Damaged product,Rejected,271.68
RTRN005950,ORDR090371,,2025-11-15,Product not as described,Refunded,1036.95
RTRN005951,ORDR090376,,2025-11-07,Damaged product,Rejected,838.2
RTRN005952,ORDR090380,,2025-11-21,Wrong product,Rejected,6022.91
RTRN005953,ORDR090398,,2025-11-17,Customer changed mind,Rejected,1569.7
RTRN005954,ORDR090399,,2025-11-13,Wrong product,Rejected,8432.09
RTRN005955,ORDR090404,,2025-11-03,Size issue,Refunded,632.43
RTRN005956,ORDR090411,,2025-11-07,Customer changed mind,Refunded,224.62
RTRN005957,ORDR090442,,2025-11-11,Quality issue,Refunded,1070.64
RTRN005958,ORDR090492,,2025-11-08,Product not as described,Rejected,1087.9
RTRN005959,ORDR090502,,2025-11-14,Quality issue,Rejected,12575.57
RTRN005960,ORDR090503,,2025-11-10,Quality issue,Refunded,1451.8
RTRN005961,ORDR090508,,2025-11-03,Size issue,Rejected,262.59
RTRN005962,ORDR090534,,2025-11-04,Damaged product,Rejected,391.52
RTRN005963,ORDR090535,,2025-11-12,Customer changed mind,Rejected,8295.15
RTRN005964,ORDR090541,,2025-11-09,Damaged product,Refunded,4859.08
RTRN005965,ORDR090567,,2025-11-16,Wrong product,Refunded,763.96
RTRN005966,ORDR090569,,2025-11-07,Quality issue,Refunded,13943.5
RTRN005967,ORDR090583,,2025-11-05,Damaged product,Refunded,3199.52
RTRN005968,ORDR090585,,2025-11-17,Customer changed mind,Refunded,7828.32
RTRN005969,ORDR090594,,2025-11-05,Wrong product,Refunded,16581.23
RTRN005970,ORDR090599,,2025-11-08,Quality issue,Refunded,3017.34
RTRN005971,ORDR090606,,2025-11-10,Quality issue,Refunded,640.16
RTRN005972,ORDR090659,,2025-11-18,Customer changed mind,Rejected,1385.77
RTRN005973,ORDR090670,,2025-11-04,Quality issue,Refunded,8221.78
RTRN005974,ORDR090672,,2025-11-11,Late delivery,Refunded,54324.38
RTRN005975,ORDR090681,,2025-11-06,Damaged product,Refunded,651.54
RTRN005976,ORDR090685,,2025-11-12,Customer changed mind,Refunded,14020.56
RTRN005977,ORDR090701,,2025-11-14,Late delivery,Refunded,2100.8
RTRN005978,ORDR090716,,2025-11-04,Damaged product,Rejected,10293.43
RTRN005979,ORDR090765,,2025-11-05,Wrong product,Refunded,3399.44
RTRN005980,ORDR090789,,2025-11-09,Quality issue,Refunded,13719.78
RTRN005981,ORDR090808,,2025-11-16,Product not as described,Rejected,3520.27
RTRN005982,ORDR090811,,2025-11-15,Size issue,Rejected,9339.96
RTRN005983,ORDR090820,,2025-11-05,Product not as described,Refunded,8838.97
RTRN005984,ORDR090822,,2025-11-12,Customer changed mind,Refunded,9581.89
RTRN005985,ORDR090825,,2025-11-13,Product not as described,Refunded,218.98
RTRN005986,ORDR090832,,2025-11-15,Product not as described,Refunded,1912.66
RTRN005987,ORDR090857,,2025-11-06,Quality issue,Refunded,796.96
RTRN005988,ORDR090862,,2025-11-14,Damaged product,Refunded,18882.62
RTRN005989,ORDR090863,,2025-11-14,Damaged product,Refunded,22014.39
RTRN005990,ORDR090872,,2025-11-16,Product not as described,Rejected,7155.26
RTRN005991,ORDR090875,,2025-11-05,Wrong product,Refunded,18571.36
RTRN005992,ORDR090884,,2025-11-13,Damaged product,Rejected,41774.53
RTRN005993,ORDR090888,,2025-11-15,Product not as described,Rejected,1530.02
RTRN005994,ORDR090890,,2025-11-11,Customer changed mind,Rejected,527.26
RTRN005995,ORDR090891,,2025-11-09,Wrong product,Refunded,5750.59
RTRN005996,ORDR090892,,2025-11-13,Wrong product,Refunded,493.46
RTRN005997,ORDR090895,,2025-11-10,Quality issue,Rejected,4594.73
RTRN005998,ORDR090928,,2025-11-18,Wrong product,Refunded,483.74
RTRN005999,ORDR090945,,2025-11-12,Damaged product,Rejected,29502.51
RTRN006000,ORDR090951,,2025-11-13,Product not as described,Refunded,18018.33
RTRN006001,ORDR090954,,2025-11-06,Damaged product,Refunded,20617.36
RTRN006002,ORDR090994,,2025-11-17,Customer changed mind,Refunded,708.12
RTRN006003,ORDR091010,,2025-11-05,Size issue,Refunded,879.29
RTRN006004,ORDR091014,,2025-11-11,Quality issue,Refunded,35651.59
RTRN006005,ORDR091055,,2025-11-15,Wrong product,Refunded,1004.13
RTRN006006,ORDR091061,,2025-11-16,Size issue,Refunded,4065.69
RTRN006007,ORDR091069,,2025-11-11,Wrong product,Refunded,5365.78
RTRN006008,ORDR091070,,2025-11-14,Quality issue,Refunded,1292.12
RTRN006009,ORDR091081,,2025-11-11,Quality issue,Rejected,7613.19
RTRN006010,ORDR091102,,2025-11-18,Product not as described,Refunded,384.82
RTRN006011,ORDR091113,,2025-11-14,Quality issue,Refunded,804.42
RTRN006012,ORDR091118,,2025-11-09,Wrong product,Refunded,24751.31
RTRN006013,ORDR091150,,2025-11-15,Wrong product,Rejected,2167.23
RTRN006014,ORDR091157,,2025-11-17,Size issue,Rejected,426.06
RTRN006015,ORDR091164,,2025-11-25,Damaged product,Refunded,625.95
RTRN006016,ORDR091187,,2025-11-06,Damaged product,Refunded,439.82
RTRN006017,ORDR091191,,2025-11-10,Customer changed mind,Refunded,16112.58
RTRN006018,ORDR091205,,2025-11-10,Quality issue,Refunded,16438.17
RTRN006019,ORDR091208,,2025-11-16,Damaged product,Refunded,63955.6
RTRN006020,ORDR091209,,2025-11-23,Size issue,Refunded,830.91
RTRN006021,ORDR091232,,2025-11-22,Customer changed mind,Refunded,13170.84
RTRN006022,ORDR091237,,2025-11-09,Size issue,Refunded,1716.09
RTRN006023,ORDR091246,,2025-11-18,Customer changed mind,Refunded,4501.36
RTRN006024,ORDR091252,,2025-11-23,Damaged product,Refunded,13546.29
RTRN006025,ORDR091260,,2025-11-07,Customer changed mind,Refunded,10042.6
RTRN006026,ORDR091276,,2025-11-12,Quality issue,Refunded,1269.94
RTRN006027,ORDR091280,,2025-11-09,Size issue,Rejected,2398.63
RTRN006028,ORDR091285,,2025-11-12,Customer changed mind,Refunded,1064.08
RTRN006029,ORDR091309,,2025-11-15,Customer changed mind,Refunded,1134.66
RTRN006030,ORDR091321,,2025-11-04,Size issue,Refunded,4149.95
RTRN006031,ORDR091324,,2025-11-22,Customer changed mind,Refunded,63232.53
RTRN006032,ORDR091327,,2025-11-11,Customer changed mind,Refunded,543.27
RTRN006033,ORDR091346,,2025-11-11,Product not as described,Refunded,339.98
RTRN006034,ORDR091363,,2025-11-05,Wrong product,Refunded,5692.31
RTRN006035,ORDR091367,,2025-11-13,Late delivery,Refunded,2000.12
RTRN006036,ORDR091390,,2025-11-17,Wrong product,Refunded,18180.44
RTRN006037,ORDR091393,,2025-11-10,Customer changed mind,Refunded,121.8
RTRN006038,ORDR091402,,2025-11-19,Damaged product,Rejected,47.18
RTRN006039,ORDR091423,,2025-11-13,Damaged product,Refunded,2329.33
RTRN006040,ORDR091431,,2025-11-10,Damaged product,Refunded,55142.23
RTRN006041,ORDR091437,,2025-11-16,Customer changed mind,Rejected,16942.28
RTRN006042,ORDR091460,,2025-11-11,Size issue,Refunded,7765.9
RTRN006043,ORDR091467,,2025-11-10,Product not as described,Rejected,6297.62
RTRN006044,ORDR091490,,2025-11-18,Size issue,Refunded,4188.94
RTRN006045,ORDR091505,,2025-11-15,Damaged product,Refunded,50642.49
RTRN006046,ORDR091517,,2025-11-10,Damaged product,Refunded,2737.57
RTRN006047,ORDR091520,,2025-11-14,Damaged product,Refunded,4135.05
RTRN006048,ORDR091528,,2025-11-23,Wrong product,Refunded,6461.09
RTRN006049,ORDR091548,,2025-11-13,Late delivery,Rejected,2376.88
RTRN006050,ORDR091557,,2025-11-12,Size issue,Refunded,1658.74
RTRN006051,ORDR091594,,2025-11-08,Product not as described,Refunded,1945.92
RTRN006052,ORDR091605,,2025-11-09,Damaged product,Rejected,8034.79
RTRN006053,ORDR091610,,2025-11-09,Customer changed mind,Refunded,1034.04
RTRN006054,ORDR091611,,2025-11-12,Size issue,Rejected,5814.22
RTRN006055,ORDR091621,,2025-11-13,Product not as described,Refunded,2316.14
RTRN006056,ORDR091634,,2025-11-15,Damaged product,Refunded,285.0
RTRN006057,ORDR091680,,2025-11-09,Product not as described,Refunded,28261.88
RTRN006058,ORDR091687,,2025-11-16,Damaged product,Refunded,2989.83
RTRN006059,ORDR091709,,2025-11-22,Quality issue,Refunded,811.98
RTRN006060,ORDR091710,,2025-11-06,Wrong product,Refunded,433.89
RTRN006061,ORDR091711,,2025-11-16,Wrong product,Refunded,4349.45
RTRN006062,ORDR091712,,2025-11-07,Quality issue,Refunded,3741.12
RTRN006063,ORDR091786,,2025-11-10,Damaged product,Refunded,18927.92
RTRN006064,ORDR091799,,2025-11-26,Product not as described,Refunded,287.51
RTRN006065,ORDR091804,,2025-11-21,Quality issue,Refunded,553.03
RTRN006066,ORDR091811,,2025-11-17,Wrong product,Refunded,17810.26
RTRN006067,ORDR091823,,2025-11-19,Product not as described,Refunded,158.62
RTRN006068,ORDR091841,,2025-11-15,Product not as described,Refunded,4909.95
RTRN006069,ORDR091844,,2025-11-14,Product not as described,Refunded,25707.83
RTRN006070,ORDR091879,,2025-11-18,Quality issue,Rejected,4814.83
RTRN006071,ORDR091883,,2025-11-18,Product not as described,Refunded,17599.79
RTRN006072,ORDR091899,,2025-11-23,Quality issue,Refunded,382.21
RTRN006073,ORDR091914,,2025-11-20,Product not as described,Refunded,135709.75
RTRN006074,ORDR091917,,2025-11-13,Customer changed mind,Refunded,16423.46
RTRN006075,ORDR091997,,2025-11-16,Size issue,Refunded,1407.64
RTRN006076,ORDR092048,,2025-11-19,Damaged product,Refunded,18520.99
RTRN006077,ORDR092050,,2025-11-15,Damaged product,Refunded,13136.26
RTRN006078,ORDR092053,,2025-11-19,Late delivery,Refunded,679.31
RTRN006079,ORDR092056,,2025-11-11,Quality issue,Rejected,3682.99
RTRN006080,ORDR092060,,2025-11-15,Size issue,Rejected,312.7
RTRN006081,ORDR092065,,2025-11-10,Product not as described,Rejected,23101.3
RTRN006082,ORDR092070,,2025-11-18,Quality issue,Refunded,2732.13
RTRN006083,ORDR092096,,2025-11-09,Damaged product,Refunded,6511.42
RTRN006084,ORDR092102,,2025-11-20,Quality issue,Rejected,532.17
RTRN006085,ORDR092110,,2025-11-13,Size issue,Rejected,591.43
RTRN006086,ORDR092114,,2025-11-26,Quality issue,Rejected,1772.01
RTRN006087,ORDR092117,,2025-11-10,Quality issue,Refunded,10602.45
RTRN006088,ORDR092124,,2025-11-18,Quality issue,Refunded,875.43
RTRN006089,ORDR092131,,2025-11-14,Size issue,Refunded,502.07
RTRN006090,ORDR092141,,2025-11-16,Size issue,Refunded,10364.54
RTRN006091,ORDR092142,,2025-11-12,Quality issue,Refunded,1296.89
RTRN006092,ORDR092151,,2025-11-14,Product not as described,Refunded,5457.6
RTRN006093,ORDR092162,,2025-11-17,Damaged product,Refunded,174.64
RTRN006094,ORDR092214,,2025-11-19,Quality issue,Rejected,45592.56
RTRN006095,ORDR092235,,2025-11-19,Customer changed mind,Rejected,208.61
RTRN006096,ORDR092292,,2025-11-09,Product not as described,Refunded,374.38
RTRN006097,ORDR092312,,2025-11-19,Damaged product,Refunded,26630.78
RTRN006098,ORDR092318,,2025-11-11,Customer changed mind,Refunded,3482.12
RTRN006099,ORDR092324,,2025-11-24,Damaged product,Refunded,116.81
RTRN006100,ORDR092336,,2025-11-10,Wrong product,Refunded,6801.01
RTRN006101,ORDR092338,,2025-11-20,Wrong product,Rejected,59992.25
RTRN006102,ORDR092344,,2025-11-13,Damaged product,Refunded,14278.47
RTRN006103,ORDR092347,,2025-11-16,Quality issue,Refunded,31247.02
RTRN006104,ORDR092348,,2025-11-15,Customer changed mind,Rejected,23387.66
RTRN006105,ORDR092353,,2025-11-20,Late delivery,Refunded,233.61
RTRN006106,ORDR092356,,2025-11-13,Product not as described,Refunded,14900.5
RTRN006107,ORDR092370,,2025-11-17,Customer changed mind,Refunded,3826.72
RTRN006108,ORDR092378,,2025-11-07,Damaged product,Refunded,5816.46
RTRN006109,ORDR092397,,2025-11-21,Customer changed mind,Rejected,4649.33
RTRN006110,ORDR092404,,2025-11-17,Quality issue,Refunded,201.66
RTRN006111,ORDR092411,,2025-11-25,Quality issue,Refunded,248.81
RTRN006112,ORDR092414,,2025-11-20,Customer changed mind,Refunded,460.22
RTRN006113,ORDR092417,,2025-11-12,Wrong product,Refunded,3366.69
RTRN006114,ORDR092418,,2025-11-20,Wrong product,Refunded,485.56
RTRN006115,ORDR092426,,2025-11-20,Size issue,Refunded,10074.21
RTRN006116,ORDR092436,,2025-11-23,Size issue,Refunded,1358.48
RTRN006117,ORDR092456,,2025-11-24,Wrong product,Refunded,3423.29
RTRN006118,ORDR092459,,2025-11-14,Product not as described,Refunded,350.33
RTRN006119,ORDR092469,,2025-11-11,Product not as described,Refunded,16939.14
RTRN006120,ORDR092498,,2025-11-14,Customer changed mind,Refunded,1217.01
RTRN006121,ORDR092499,,2025-11-14,Size issue,Refunded,3460.89
RTRN006122,ORDR092503,,2025-11-14,Wrong product,Refunded,34081.34
RTRN006123,ORDR092516,,2025-11-14,Damaged product,Rejected,12144.25
RTRN006124,ORDR092522,,2025-11-15,Customer changed mind,Rejected,365.46
RTRN006125,ORDR092529,,2025-11-14,Quality issue,Rejected,7244.25
RTRN006126,ORDR092540,,2025-11-14,Size issue,Rejected,3186.8
RTRN006127,ORDR092555,,2025-11-18,Customer changed mind,Rejected,2790.55
RTRN006128,ORDR092577,,2025-11-08,Damaged product,Refunded,46043.76
RTRN006129,ORDR092612,,2025-11-11,Quality issue,Rejected,16688.41
RTRN006130,ORDR092618,,2025-11-18,Size issue,Rejected,1484.86
RTRN006131,ORDR092624,,2025-11-20,Wrong product,Refunded,41585.02
RTRN006132,ORDR092654,,2025-11-18,Damaged product,Rejected,42.01
RTRN006133,ORDR092663,,2025-11-11,Size issue,Refunded,607.0
RTRN006134,ORDR092664,,2025-11-29,Wrong product,Refunded,36885.23
RTRN006135,ORDR092685,,2025-11-18,Damaged product,Refunded,2614.74
RTRN006136,ORDR092694,,2025-12-03,Size issue,Refunded,4003.9
RTRN006137,ORDR092710,,2025-11-17,Customer changed mind,Refunded,4103.78
RTRN006138,ORDR092720,,2025-11-15,Damaged product,Refunded,61624.62
RTRN006139,ORDR092727,,2025-11-16,Product not as described,Rejected,13369.54
RTRN006140,ORDR092736,,2025-11-18,Damaged product,Rejected,15197.36
RTRN006141,ORDR092739,,2025-11-16,Quality issue,Refunded,10131.61
RTRN006142,ORDR092746,,2025-11-21,Quality issue,Refunded,24541.26
RTRN006143,ORDR092755,,2025-11-25,Customer changed mind,Refunded,318.8
RTRN006144,ORDR092773,,2025-11-15,Size issue,Refunded,771.27
RTRN006145,ORDR092784,,2025-11-16,Damaged product,Refunded,9147.24
RTRN006146,ORDR092785,,2025-11-15,Quality issue,Rejected,50861.37
RTRN006147,ORDR092786,,2025-11-18,Wrong product,Refunded,677.71
RTRN006148,ORDR092798,,2025-12-04,Product not as described,Refunded,1842.69
RTRN006149,ORDR092836,,2025-11-15,Customer changed mind,Refunded,1099.46
RTRN006150,ORDR092857,,2025-11-14,Customer changed mind,Rejected,44095.6
RTRN006151,ORDR092866,,2025-11-18,Size issue,Refunded,3553.87
RTRN006152,ORDR092869,,2025-11-20,Damaged product,Refunded,1181.42
RTRN006153,ORDR092878,,2025-11-12,Wrong product,Rejected,1180.39
RTRN006154,ORDR092965,,2025-11-20,Damaged product,Refunded,15975.67
RTRN006155,ORDR092980,,2025-11-21,Late delivery,Refunded,1410.39
RTRN006156,ORDR092982,,2025-11-20,Product not as described,Refunded,3008.33
RTRN006157,ORDR092999,,2025-11-17,Quality issue,Refunded,7354.03
RTRN006158,ORDR093005,,2025-11-22,Customer changed mind,Refunded,615.76
RTRN006159,ORDR093025,,2025-11-25,Customer changed mind,Refunded,460.11
RTRN006160,ORDR093037,,2025-11-21,Wrong product,Refunded,4808.2
RTRN006161,ORDR093055,,2025-11-20,Wrong product,Refunded,2030.31
RTRN006162,ORDR093061,,2025-11-25,Quality issue,Refunded,42067.9
RTRN006163,ORDR093062,,2025-11-23,Product not as described,Refunded,5225.44
RTRN006164,ORDR093077,,2025-11-17,Damaged product,Rejected,9656.52
RTRN006165,ORDR093084,,2025-11-12,Size issue,Refunded,2009.73
RTRN006166,ORDR093110,,2025-11-25,Product not as described,Refunded,48921.84
RTRN006167,ORDR093123,,2025-11-24,Quality issue,Rejected,22080.16
RTRN006168,ORDR093169,,2025-11-13,Quality issue,Refunded,233.42
RTRN006169,ORDR093182,,2025-11-22,Damaged product,Refunded,254.24
RTRN006170,ORDR093195,,2025-11-18,Quality issue,Refunded,619.17
RTRN006171,ORDR093197,,2025-11-27,Wrong product,Refunded,13033.68
RTRN006172,ORDR093207,,2025-11-25,Damaged product,Rejected,7656.1
RTRN006173,ORDR093214,,2025-11-24,Size issue,Refunded,9498.34
RTRN006174,ORDR093218,,2025-11-12,Quality issue,Refunded,20427.58
RTRN006175,ORDR093220,,2025-11-23,Product not as described,Refunded,1647.12
RTRN006176,ORDR093224,,2025-11-15,Damaged product,Rejected,16022.26
RTRN006177,ORDR093227,,2025-11-16,Wrong product,Refunded,640.6
RTRN006178,ORDR093237,,2025-11-12,Size issue,Refunded,4224.79
RTRN006179,ORDR093239,,2025-11-19,Quality issue,Refunded,645.22
RTRN006180,ORDR093255,,2025-11-11,Late delivery,Refunded,659.73
RTRN006181,ORDR093259,,2025-11-29,Damaged product,Rejected,11886.67
RTRN006182,ORDR093322,,2025-11-28,Damaged product,Refunded,974.34
RTRN006183,ORDR093323,,2025-11-21,Size issue,Refunded,2710.9
RTRN006184,ORDR093348,,2025-11-21,Quality issue,Refunded,889.06
RTRN006185,ORDR093356,,2025-11-18,Quality issue,Refunded,2477.57
RTRN006186,ORDR093373,,2025-11-30,Customer changed mind,Refunded,972.66
RTRN006187,ORDR093418,,2025-11-16,Quality issue,Refunded,7795.46
RTRN006188,ORDR093420,,2025-11-18,Customer changed mind,Refunded,800.88
RTRN006189,ORDR093440,,2025-11-21,Size issue,Refunded,2593.35
RTRN006190,ORDR093441,,2025-11-22,Damaged product,Refunded,19837.38
RTRN006191,ORDR093472,,2025-11-20,Damaged product,Refunded,14425.1
RTRN006192,ORDR093477,,2025-11-20,Quality issue,Refunded,723.47
RTRN006193,ORDR093480,,2025-11-25,Damaged product,Rejected,271.91
RTRN006194,ORDR093497,,2025-11-25,Size issue,Refunded,388.7
RTRN006195,ORDR093509,,2025-11-22,Quality issue,Refunded,3619.96
RTRN006196,ORDR093541,,2025-12-02,Customer changed mind,Rejected,1583.67
RTRN006197,ORDR093599,,2025-11-29,Product not as described,Refunded,645.11
RTRN006198,ORDR093601,,2025-11-23,Customer changed mind,Refunded,1364.43
RTRN006199,ORDR093609,,2025-11-23,Damaged product,Refunded,1672.24
RTRN006200,ORDR093624,,2025-11-24,Damaged product,Refunded,685.76
RTRN006201,ORDR093645,,2025-11-24,Quality issue,Refunded,597.75
RTRN006202,ORDR093660,,2025-11-23,Quality issue,Refunded,62440.96
RTRN006203,ORDR093729,,2025-11-27,Customer changed mind,Refunded,220.95
RTRN006204,ORDR093737,,2025-11-19,Wrong product,Refunded,763.61
RTRN006205,ORDR093739,,2025-11-18,Product not as described,Rejected,2894.43
RTRN006206,ORDR093741,,2025-11-27,Size issue,Refunded,1881.97
RTRN006207,ORDR093743,,2025-11-15,Quality issue,Rejected,229.84
RTRN006208,ORDR093753,,2025-12-02,Late delivery,Rejected,14406.69
RTRN006209,ORDR093803,,2025-12-01,Wrong product,Rejected,25979.17
RTRN006210,ORDR093813,,2025-11-23,Customer changed mind,Rejected,7750.33
RTRN006211,ORDR093855,,2025-11-20,Size issue,Rejected,10038.54
RTRN006212,ORDR093858,,2025-11-14,Damaged product,Refunded,38731.4
RTRN006213,ORDR093880,,2025-12-05,Size issue,Refunded,7356.67
RTRN006214,ORDR093897,,2025-11-28,Size issue,Refunded,443.75
RTRN006215,ORDR093909,,2025-11-16,Damaged product,Rejected,733.36
RTRN006216,ORDR093919,,2025-11-27,Late delivery,Refunded,823.56
RTRN006217,ORDR093929,,2025-11-17,Product not as described,Refunded,4374.56
RTRN006218,ORDR093968,,2025-11-17,Damaged product,Rejected,13080.96
RTRN006219,ORDR093976,,2025-11-19,Product not as described,Refunded,301.09
RTRN006220,ORDR093982,,2025-11-23,Product not as described,Refunded,28933.63
RTRN006221,ORDR093983,,2025-11-18,Size issue,Refunded,327.92
RTRN006222,ORDR093987,,2025-11-30,Wrong product,Refunded,411.7
RTRN006223,ORDR093995,,2025-11-29,Wrong product,Rejected,1149.59
RTRN006224,ORDR094011,,2025-11-27,Customer changed mind,Refunded,256.89
RTRN006225,ORDR094018,,2025-11-27,Damaged product,Rejected,1905.11
RTRN006226,ORDR094021,,2025-11-24,Wrong product,Refunded,881.97
RTRN006227,ORDR094061,,2025-11-26,Damaged product,Rejected,778.96
RTRN006228,ORDR094062,,2025-11-24,Product not as described,Refunded,11660.4
RTRN006229,ORDR094070,,2025-11-24,Quality issue,Refunded,1510.74
RTRN006230,ORDR094071,,2025-11-21,Product not as described,Rejected,2363.42
RTRN006231,ORDR094085,,2025-11-28,Product not as described,Rejected,104590.02
RTRN006232,ORDR094087,,2025-11-22,Damaged product,Refunded,2592.16
RTRN006233,ORDR094101,,2025-11-26,Quality issue,Rejected,984.49
RTRN006234,ORDR094105,,2025-11-28,Damaged product,Rejected,12270.32
RTRN006235,ORDR094108,,2025-11-25,Size issue,Refunded,585.04
RTRN006236,ORDR094111,,2025-11-19,Product not as described,Refunded,5892.86
RTRN006237,ORDR094120,,2025-11-28,Late delivery,Refunded,13029.96
RTRN006238,ORDR094123,,2025-11-26,Customer changed mind,Rejected,3032.1
RTRN006239,ORDR094159,,2025-11-24,Damaged product,Rejected,1265.99
RTRN006240,ORDR094184,,2025-12-07,Damaged product,Refunded,32.19
RTRN006241,ORDR094217,,2025-11-22,Customer changed mind,Rejected,1378.71
RTRN006242,ORDR094227,,2025-11-19,Customer changed mind,Rejected,779.74
RTRN006243,ORDR094240,,2025-11-14,Damaged product,Rejected,128.77
RTRN006244,ORDR094281,,2025-11-26,Product not as described,Refunded,529.25
RTRN006245,ORDR094310,,2025-11-26,Damaged product,Rejected,7405.14
RTRN006246,ORDR094316,,2025-11-30,Customer changed mind,Rejected,3035.71
RTRN006247,ORDR094329,,2025-11-30,Product not as described,Refunded,27217.89
RTRN006248,ORDR094349,,2025-11-22,Wrong product,Refunded,2806.22
RTRN006249,ORDR094368,,2025-11-27,Wrong product,Rejected,11207.67
RTRN006250,ORDR094416,,2025-11-23,Size issue,Rejected,1213.8
RTRN006251,ORDR094433,,2025-11-27,Damaged product,Refunded,12598.01
RTRN006252,ORDR094434,,2025-11-22,Damaged product,Refunded,26365.28
RTRN006253,ORDR094438,,2025-11-28,Customer changed mind,Rejected,71538.92
RTRN006254,ORDR094460,,2025-11-27,Quality issue,Refunded,1902.18
RTRN006255,ORDR094482,,2025-11-23,Customer changed mind,Refunded,770.36
RTRN006256,ORDR094511,,2025-11-28,Product not as described,Rejected,54816.21
RTRN006257,ORDR094517,,2025-11-20,Customer changed mind,Refunded,1869.0
RTRN006258,ORDR094537,,2025-11-21,Product not as described,Rejected,4510.05
RTRN006259,ORDR094552,,2025-11-23,Size issue,Rejected,20859.17
RTRN006260,ORDR094566,,2025-11-16,Quality issue,Rejected,45960.35
RTRN006261,ORDR094571,,2025-11-24,Size issue,Rejected,2185.44
RTRN006262,ORDR094572,,2025-12-01,Size issue,Rejected,1142.89
RTRN006263,ORDR094592,,2025-12-05,Customer changed mind,Refunded,11039.88
RTRN006264,ORDR094603,,2025-11-25,Damaged product,Refunded,1369.88
RTRN006265,ORDR094614,,2025-11-26,Size issue,Refunded,3878.92
RTRN006266,ORDR094621,,2025-12-01,Product not as described,Refunded,582.51
RTRN006267,ORDR094625,,2025-11-25,Wrong product,Refunded,5751.14
RTRN006268,ORDR094631,,2025-11-22,Customer changed mind,Refunded,9582.65
RTRN006269,ORDR094704,,2025-11-22,Size issue,Refunded,3769.02
RTRN006270,ORDR094718,,2025-12-03,Product not as described,Refunded,3732.43
RTRN006271,ORDR094729,,2025-11-28,Product not as described,Refunded,3194.25
RTRN006272,ORDR094732,,2025-11-28,Quality issue,Rejected,2746.69
RTRN006273,ORDR094745,,2025-11-19,Product not as described,Rejected,17079.24
RTRN006274,ORDR094804,,2025-11-24,Damaged product,Refunded,427.15
RTRN006275,ORDR094881,,2025-11-25,Quality issue,Refunded,1005.97
RTRN006276,ORDR094888,,2025-11-23,Customer changed mind,Refunded,589.26
RTRN006277,ORDR094890,,2025-11-25,Size issue,Refunded,307.94
RTRN006278,ORDR094893,,2025-12-06,Wrong product,Refunded,857.16
RTRN006279,ORDR094915,,2025-11-24,Customer changed mind,Refunded,2614.26
RTRN006280,ORDR094922,,2025-11-25,Customer changed mind,Refunded,441.86
RTRN006281,ORDR094931,,2025-11-20,Product not as described,Rejected,1539.0
RTRN006282,ORDR094957,,2025-11-26,Wrong product,Rejected,5486.1
RTRN006283,ORDR094984,,2025-11-28,Size issue,Refunded,322.53
RTRN006284,ORDR094994,,2025-11-19,Product not as described,Refunded,11551.74
RTRN006285,ORDR095043,,2025-11-24,Quality issue,Refunded,3153.08
RTRN006286,ORDR095045,,2025-12-05,Damaged product,Refunded,3756.04
RTRN006287,ORDR095099,,2025-11-27,Late delivery,Refunded,205.98
RTRN006288,ORDR095130,,2025-12-09,Quality issue,Rejected,2748.94
RTRN006289,ORDR095156,,2025-11-21,Damaged product,Rejected,105388.98
RTRN006290,ORDR095161,,2025-12-02,Product not as described,Refunded,240.13
RTRN006291,ORDR095165,,2025-11-24,Size issue,Refunded,5181.4
RTRN006292,ORDR095170,,2025-11-28,Damaged product,Refunded,57324.94
RTRN006293,ORDR095171,,2025-12-02,Size issue,Refunded,454.16
RTRN006294,ORDR095177,,2025-12-01,Wrong product,Rejected,9902.79
RTRN006295,ORDR095184,,2025-11-30,Quality issue,Refunded,69.57
RTRN006296,ORDR095203,,2025-11-26,Size issue,Refunded,2454.75
RTRN006297,ORDR095227,,2025-11-23,Damaged product,Refunded,5489.81
RTRN006298,ORDR095231,,2025-12-06,Customer changed mind,Refunded,2570.18
RTRN006299,ORDR095232,,2025-12-02,Product not as described,Refunded,131186.94
RTRN006300,ORDR095279,,2025-12-08,Size issue,Refunded,5850.06
RTRN006301,ORDR095316,,2025-12-01,Wrong product,Refunded,14156.6
RTRN006302,ORDR095359,,2025-11-27,Damaged product,Rejected,31006.59
RTRN006303,ORDR095369,,2025-12-09,Product not as described,Refunded,1405.44
RTRN006304,ORDR095378,,2025-11-30,Quality issue,Refunded,677.23
RTRN006305,ORDR095383,,2025-11-30,Size issue,Refunded,1505.53
RTRN006306,ORDR095392,,2025-11-24,Damaged product,Rejected,4585.92
RTRN006307,ORDR095403,,2025-12-02,Customer changed mind,Refunded,3679.92
RTRN006308,ORDR095420,,2025-12-06,Late delivery,Refunded,1434.77
RTRN006309,ORDR095454,,2025-11-27,Quality issue,Refunded,3152.69
RTRN006310,ORDR095506,,2025-12-08,Product not as described,Refunded,1596.09
RTRN006311,ORDR095509,,2025-11-24,Product not as described,Refunded,511.72
RTRN006312,ORDR095518,,2025-12-04,Customer changed mind,Refunded,1031.2
RTRN006313,ORDR095526,,2025-12-01,Customer changed mind,Refunded,2129.91
RTRN006314,ORDR095546,,2025-12-07,Damaged product,Refunded,812.17
RTRN006315,ORDR095562,,2025-11-24,Size issue,Rejected,631.39
RTRN006316,ORDR095570,,2025-12-06,Damaged product,Refunded,439.21
RTRN006317,ORDR095580,,2025-12-02,Product not as described,Refunded,3086.14
RTRN006318,ORDR095586,,2025-11-27,Product not as described,Refunded,6327.42
RTRN006319,ORDR095595,,2025-12-03,Product not as described,Refunded,3503.31
RTRN006320,ORDR095613,,2025-12-02,Wrong product,Refunded,9654.81
RTRN006321,ORDR095716,,2025-12-09,Damaged product,Refunded,64602.83
RTRN006322,ORDR095750,,2025-11-27,Quality issue,Refunded,1609.21
RTRN006323,ORDR095772,,2025-12-04,Quality issue,Refunded,217.54
RTRN006324,ORDR095776,,2025-11-26,Quality issue,Refunded,5742.38
RTRN006325,ORDR095807,,2025-12-09,Damaged product,Refunded,1653.26
RTRN006326,ORDR095810,,2025-12-01,Product not as described,Refunded,515.34
RTRN006327,ORDR095825,,2025-12-10,Quality issue,Refunded,21838.37
RTRN006328,ORDR095836,,2025-12-03,Customer changed mind,Rejected,3528.31
RTRN006329,ORDR095839,,2025-12-01,Quality issue,Refunded,5296.54
RTRN006330,ORDR095856,,2025-11-27,Late delivery,Refunded,335.67
RTRN006331,ORDR095893,,2025-12-07,Quality issue,Refunded,5629.67
RTRN006332,ORDR095898,,2025-11-26,Damaged product,Rejected,13149.8
RTRN006333,ORDR095902,,2025-12-09,Damaged product,Rejected,4496.16
RTRN006334,ORDR095966,,2025-11-30,Customer changed mind,Refunded,52393.59
RTRN006335,ORDR095968,,2025-11-30,Product not as described,Refunded,2788.96
RTRN006336,ORDR095971,,2025-12-07,Customer changed mind,Refunded,4280.01
RTRN006337,ORDR095978,,2025-12-10,Product not as described,Rejected,71770.75
RTRN006338,ORDR096016,,2025-11-26,Wrong product,Refunded,28730.04
RTRN006339,ORDR096032,,2025-11-30,Product not as described,Refunded,14111.14
RTRN006340,ORDR096060,,2025-11-29,Late delivery,Refunded,531.85
RTRN006341,ORDR096066,,2025-11-26,Damaged product,Refunded,4743.41
RTRN006342,ORDR096093,,2025-12-07,Customer changed mind,Refunded,1228.04
RTRN006343,ORDR096104,,2025-12-12,Damaged product,Rejected,959.5
RTRN006344,ORDR096105,,2025-11-30,Damaged product,Refunded,8143.42
RTRN006345,ORDR096118,,2025-12-03,Product not as described,Rejected,5247.42
RTRN006346,ORDR096160,,2025-11-26,Damaged product,Rejected,3935.51
RTRN006347,ORDR096173,,2025-11-28,Quality issue,Refunded,3438.69
RTRN006348,ORDR096182,,2025-12-01,Customer changed mind,Rejected,20493.94
RTRN006349,ORDR096184,,2025-12-01,Quality issue,Refunded,5179.8
RTRN006350,ORDR096217,,2025-12-01,Damaged product,Refunded,28375.09
RTRN006351,ORDR096280,,2025-11-28,Customer changed mind,Refunded,2620.25
RTRN006352,ORDR096285,,2025-12-03,Late delivery,Rejected,196.17
RTRN006353,ORDR096294,,2025-12-09,Product not as described,Refunded,16159.95
RTRN006354,ORDR096314,,2025-11-28,Customer changed mind,Refunded,1726.32
RTRN006355,ORDR096331,,2025-12-11,Customer changed mind,Refunded,65291.3
RTRN006356,ORDR096333,,2025-12-07,Wrong product,Rejected,87.21
RTRN006357,ORDR096340,,2025-11-27,Damaged product,Refunded,363.34
RTRN006358,ORDR096347,,2025-12-07,Customer changed mind,Refunded,4468.56
RTRN006359,ORDR096350,,2025-12-04,Damaged product,Rejected,169642.36
RTRN006360,ORDR096358,,2025-12-07,Size issue,Refunded,9331.82
RTRN006361,ORDR096360,,2025-12-09,Product not as described,Refunded,381.54
RTRN006362,ORDR096364,,2025-12-11,Size issue,Refunded,892.4
RTRN006363,ORDR096373,,2025-11-29,Damaged product,Refunded,5285.21
RTRN006364,ORDR096374,,2025-12-12,Product not as described,Refunded,2355.9
RTRN006365,ORDR096400,,2025-12-12,Size issue,Refunded,33795.1
RTRN006366,ORDR096410,,2025-12-07,Quality issue,Rejected,1146.89
RTRN006367,ORDR096429,,2025-12-03,Damaged product,Refunded,6540.45
RTRN006368,ORDR096440,,2025-12-11,Wrong product,Refunded,3224.25
RTRN006369,ORDR096445,,2025-12-09,Product not as described,Refunded,977.07
RTRN006370,ORDR096456,,2025-11-28,Quality issue,Refunded,23080.91
RTRN006371,ORDR096465,,2025-11-27,Wrong product,Refunded,1627.71
RTRN006372,ORDR096467,,2025-11-28,Size issue,Refunded,2275.29
RTRN006373,ORDR096473,,2025-12-02,Quality issue,Refunded,36890.43
RTRN006374,ORDR096478,,2025-12-04,Product not as described,Refunded,7238.82
RTRN006375,ORDR096502,,2025-12-03,Wrong product,Rejected,18882.91
RTRN006376,ORDR096539,,2025-12-01,Damaged product,Refunded,76885.12
RTRN006377,ORDR096556,,2025-12-05,Damaged product,Rejected,1002.21
RTRN006378,ORDR096557,,2025-12-12,Customer changed mind,Rejected,3940.84
RTRN006379,ORDR096561,,2025-12-06,Size issue,Refunded,4136.47
RTRN006380,ORDR096565,,2025-12-04,Damaged product,Refunded,20476.78
RTRN006381,ORDR096628,,2025-11-29,Size issue,Rejected,611.79
RTRN006382,ORDR096631,,2025-12-15,Product not as described,Rejected,1639.72
RTRN006383,ORDR096653,,2025-12-10,Size issue,Refunded,5374.64
RTRN006384,ORDR096692,,2025-12-06,Damaged product,Refunded,56067.77
RTRN006385,ORDR096697,,2025-12-10,Customer changed mind,Refunded,405.11
RTRN006386,ORDR096700,,2025-12-11,Size issue,Rejected,10208.48
RTRN006387,ORDR096717,,2025-12-15,Damaged product,Refunded,2443.16
RTRN006388,ORDR096724,,2025-12-09,Customer changed mind,Refunded,482.52
RTRN006389,ORDR096767,,2025-12-13,Late delivery,Picked Up,295.12
RTRN006390,ORDR096786,,2025-12-11,Damaged product,Picked Up,120193.31
RTRN006391,ORDR096788,,2025-12-13,Product not as described,Rejected,4216.35
RTRN006392,ORDR096793,,2025-12-12,Product not as described,Refunded,1726.11
RTRN006393,ORDR096799,,2025-12-04,Product not as described,Rejected,10207.47
RTRN006394,ORDR096800,,2025-12-10,Customer changed mind,Refunded,1455.73
RTRN006395,ORDR096830,,2025-12-11,Customer changed mind,Refunded,7750.31
RTRN006396,ORDR096849,,2025-12-13,Wrong product,Rejected,971.48
RTRN006397,ORDR096862,,2025-12-03,Product not as described,Refunded,44041.18
RTRN006398,ORDR096867,,2025-12-05,Product not as described,Rejected,2212.28
RTRN006399,ORDR096877,,2025-12-04,Customer changed mind,Refunded,4366.91
RTRN006400,ORDR096881,,2025-12-05,Quality issue,Refunded,2716.93
RTRN006401,ORDR096898,,2025-12-06,Product not as described,Rejected,3018.32
RTRN006402,ORDR096924,,2025-12-02,Size issue,Rejected,714.73
RTRN006403,ORDR096947,,2025-12-07,Product not as described,Rejected,2974.85
RTRN006404,ORDR096955,,2025-12-06,Quality issue,Rejected,8957.01
RTRN006405,ORDR096959,,2025-12-05,Quality issue,Refunded,5696.63
RTRN006406,ORDR097022,,2025-12-02,Wrong product,Rejected,8887.5
RTRN006407,ORDR097033,,2025-12-06,Size issue,Rejected,4196.39
RTRN006408,ORDR097065,,2025-12-15,Customer changed mind,Refunded,241.52
RTRN006409,ORDR097071,,2025-12-11,Quality issue,Refunded,25762.95
RTRN006410,ORDR097076,,2025-12-10,Customer changed mind,Refunded,1990.13
RTRN006411,ORDR097082,,2025-12-16,Damaged product,Refunded,675.65
RTRN006412,ORDR097108,,2025-12-05,Late delivery,Rejected,5428.13
RTRN006413,ORDR097115,,2025-12-15,Customer changed mind,Refunded,4166.57
RTRN006414,ORDR097117,,2025-12-08,Customer changed mind,Refunded,1476.11
RTRN006415,ORDR097124,,2025-12-03,Customer changed mind,Refunded,628.93
RTRN006416,ORDR097141,,2025-12-05,Product not as described,Refunded,1229.55
RTRN006417,ORDR097146,,2025-12-02,Customer changed mind,Refunded,1014.11
RTRN006418,ORDR097148,,2025-12-09,Size issue,Refunded,23973.0
RTRN006419,ORDR097150,,2025-12-14,Customer changed mind,Rejected,298.77
RTRN006420,ORDR097167,,2025-12-18,Wrong product,Picked Up,954.33
RTRN006421,ORDR097297,,2025-12-06,Customer changed mind,Rejected,490.34
RTRN006422,ORDR097303,,2025-12-14,Product not as described,Refunded,18570.38
RTRN006423,ORDR097396,,2025-12-14,Product not as described,Refunded,9500.9
RTRN006424,ORDR097404,,2025-12-03,Wrong product,Refunded,321.11
RTRN006425,ORDR097417,,2025-12-14,Wrong product,Refunded,529.59
RTRN006426,ORDR097420,,2025-12-10,Size issue,Refunded,1419.62
RTRN006427,ORDR097423,,2025-12-15,Wrong product,Picked Up,4057.78
RTRN006428,ORDR097433,,2025-12-16,Customer changed mind,Refunded,773.1
RTRN006429,ORDR097435,,2025-12-20,Damaged product,Refunded,50279.11
RTRN006430,ORDR097440,,2025-12-10,Product not as described,Refunded,23098.71
RTRN006431,ORDR097488,,2025-12-07,Quality issue,Refunded,21954.61
RTRN006432,ORDR097493,,2025-12-09,Damaged product,Refunded,48309.89
RTRN006433,ORDR097499,,2025-12-08,Quality issue,Refunded,4563.05
RTRN006434,ORDR097513,,2025-12-18,Product not as described,Approved,918.21
RTRN006435,ORDR097532,,2025-12-13,Product not as described,Picked Up,2639.17
RTRN006436,ORDR097574,,2025-12-10,Wrong product,Refunded,1997.04
RTRN006437,ORDR097577,,2025-12-14,Wrong product,Refunded,16215.2
RTRN006438,ORDR097584,,2025-12-10,Size issue,Refunded,1563.76
RTRN006439,ORDR097613,,2025-12-11,Wrong product,Refunded,2886.68
RTRN006440,ORDR097652,,2025-12-17,Wrong product,Refunded,2563.44
RTRN006441,ORDR097653,,2025-12-21,Wrong product,Refunded,967.06
RTRN006442,ORDR097666,,2025-12-14,Customer changed mind,Refunded,1895.27
RTRN006443,ORDR097697,,2025-12-23,Size issue,Refunded,29849.18
RTRN006444,ORDR097714,,2025-12-18,Damaged product,Refunded,9153.19
RTRN006445,ORDR097752,,2025-12-18,Damaged product,Picked Up,2879.47
RTRN006446,ORDR097781,,2025-12-10,Quality issue,Refunded,16020.29
RTRN006447,ORDR097782,,2025-12-17,Product not as described,Picked Up,34179.55
RTRN006448,ORDR097791,,2025-12-10,Customer changed mind,Refunded,865.69
RTRN006449,ORDR097805,,2025-12-16,Quality issue,Rejected,1199.9
RTRN006450,ORDR097834,,2025-12-09,Late delivery,Refunded,1761.5
RTRN006451,ORDR097845,,2025-12-06,Product not as described,Refunded,13838.6
RTRN006452,ORDR097864,,2025-12-15,Damaged product,Refunded,104257.0
RTRN006453,ORDR097867,,2025-12-12,Size issue,Refunded,16349.26
RTRN006454,ORDR097875,,2025-12-08,Damaged product,Refunded,155.99
RTRN006455,ORDR097877,,2025-12-19,Damaged product,Picked Up,712.03
RTRN006456,ORDR097925,,2025-12-10,Wrong product,Refunded,1154.45
RTRN006457,ORDR097931,,2025-12-09,Customer changed mind,Rejected,4197.5
RTRN006458,ORDR097944,,2025-12-14,Quality issue,Rejected,1798.43
RTRN006459,ORDR097999,,2025-12-23,Quality issue,Refunded,29723.1
RTRN006460,ORDR098024,,2025-12-17,Quality issue,Refunded,49795.66
RTRN006461,ORDR098028,,2025-12-14,Damaged product,Refunded,321.87
RTRN006462,ORDR098047,,2025-12-15,Size issue,Refunded,3630.27
RTRN006463,ORDR098048,,2025-12-09,Product not as described,Refunded,1316.2
RTRN006464,ORDR098055,,2025-12-13,Damaged product,Refunded,2199.05
RTRN006465,ORDR098070,,2025-12-20,Product not as described,Approved,4566.82
RTRN006466,ORDR098083,,2025-12-19,Wrong product,Picked Up,899.66
RTRN006467,ORDR098089,,2025-12-24,Size issue,Picked Up,11494.74
RTRN006468,ORDR098094,,2025-12-13,Quality issue,Refunded,1452.91
RTRN006469,ORDR098114,,2025-12-11,Wrong product,Picked Up,288.14
RTRN006470,ORDR098126,,2025-12-15,Wrong product,Picked Up,58172.94
RTRN006471,ORDR098128,,2025-12-16,Wrong product,Refunded,208.46
RTRN006472,ORDR098205,,2025-12-15,Size issue,Picked Up,2089.45
RTRN006473,ORDR098207,,2025-12-14,Damaged product,Rejected,370.86
RTRN006474,ORDR098211,,2025-12-08,Wrong product,Refunded,796.43
RTRN006475,ORDR098214,,2025-12-13,Wrong product,Picked Up,161.0
RTRN006476,ORDR098221,,2025-12-13,Quality issue,Refunded,5396.91
RTRN006477,ORDR098246,,2025-12-17,Wrong product,Rejected,170.65
RTRN006478,ORDR098272,,2025-12-13,Damaged product,Rejected,2491.7
RTRN006479,ORDR098286,,2025-12-24,Size issue,Picked Up,2912.22
RTRN006480,ORDR098308,,2025-12-18,Product not as described,Picked Up,1027.99
RTRN006481,ORDR098312,,2025-12-18,Product not as described,Refunded,3738.11
RTRN006482,ORDR098315,,2025-12-25,Size issue,Approved,6392.33
RTRN006483,ORDR098326,,2025-12-08,Quality issue,Refunded,5117.98
RTRN006484,ORDR098329,,2025-12-14,Wrong product,Refunded,2861.06
RTRN006485,ORDR098331,,2025-12-21,Wrong product,Picked Up,2136.01
RTRN006486,ORDR098337,,2025-12-27,Damaged product,Requested,1024.19
RTRN006487,ORDR098378,,2025-12-12,Damaged product,Refunded,29125.08
RTRN006488,ORDR098381,,2025-12-10,Product not as described,Rejected,29507.52
RTRN006489,ORDR098386,,2025-12-26,Late delivery,Requested,231.0
RTRN006490,ORDR098414,,2025-12-22,Size issue,Approved,4568.78
RTRN006491,ORDR098421,,2025-12-10,Damaged product,Refunded,2155.3
RTRN006492,ORDR098463,,2025-12-25,Customer changed mind,Requested,1090.26
RTRN006493,ORDR098500,,2025-12-23,Size issue,Refunded,1433.41
RTRN006494,ORDR098504,,2025-12-16,Quality issue,Refunded,84590.1
RTRN006495,ORDR098507,,2025-12-15,Customer changed mind,Rejected,3245.73
RTRN006496,ORDR098531,,2025-12-14,Customer changed mind,Refunded,7610.25
RTRN006497,ORDR098571,,2025-12-19,Size issue,Picked Up,14536.92
RTRN006498,ORDR098572,,2025-12-16,Customer changed mind,Refunded,254.84
RTRN006499,ORDR098628,,2025-12-17,Damaged product,Rejected,12790.34
RTRN006500,ORDR098636,,2025-12-28,Product not as described,Approved,6082.82
RTRN006501,ORDR098652,,2025-12-21,Quality issue,Picked Up,2650.02
RTRN006502,ORDR098663,,2025-12-15,Wrong product,Picked Up,4896.98
RTRN006503,ORDR098699,,2025-12-09,Wrong product,Refunded,4182.62
RTRN006504,ORDR098724,,2025-12-21,Wrong product,Picked Up,18512.45
RTRN006505,ORDR098726,,2025-12-18,Product not as described,Refunded,4414.08
RTRN006506,ORDR098732,,2025-12-12,Quality issue,Rejected,19176.47
RTRN006507,ORDR098734,,2025-12-21,Customer changed mind,Approved,1901.55
RTRN006508,ORDR098751,,2025-12-21,Product not as described,Approved,12687.0
RTRN006509,ORDR098814,,2025-12-12,Product not as described,Refunded,4089.66
RTRN006510,ORDR098816,,2025-12-14,Damaged product,Picked Up,2861.63
RTRN006511,ORDR098830,,2025-12-22,Quality issue,Refunded,8972.32
RTRN006512,ORDR098854,,2025-12-22,Damaged product,Picked Up,2099.68
RTRN006513,ORDR098867,,2025-12-17,Quality issue,Rejected,10242.8
RTRN006514,ORDR098877,,2025-12-16,Customer changed mind,Picked Up,1800.64
RTRN006515,ORDR098880,,2025-12-26,Damaged product,Requested,789.52
RTRN006516,ORDR098883,,2025-12-17,Customer changed mind,Rejected,1988.43
RTRN006517,ORDR098892,,2025-12-23,Size issue,Picked Up,4611.12
RTRN006518,ORDR098896,,2025-12-17,Size issue,Refunded,4385.01
RTRN006519,ORDR098906,,2025-12-19,Late delivery,Refunded,5855.06
RTRN006520,ORDR098930,,2025-12-21,Quality issue,Approved,90.98
RTRN006521,ORDR098937,,2025-12-19,Damaged product,Picked Up,2720.6
RTRN006522,ORDR098957,,2025-12-24,Wrong product,Picked Up,14196.65
RTRN006523,ORDR098973,,2025-12-25,Size issue,Approved,6354.98
RTRN006524,ORDR098976,,2025-12-26,Product not as described,Requested,3163.31
RTRN006525,ORDR098996,,2025-12-27,Customer changed mind,Approved,17875.53
RTRN006526,ORDR099006,,2025-12-23,Damaged product,Refunded,2292.45
RTRN006527,ORDR099032,,2025-12-12,Damaged product,Refunded,250.52
RTRN006528,ORDR099052,,2025-12-18,Quality issue,Picked Up,14706.87
RTRN006529,ORDR099069,,2025-12-30,Customer changed mind,Requested,310.52
RTRN006530,ORDR099072,,2025-12-19,Damaged product,Approved,4746.55
RTRN006531,ORDR099129,,2025-12-26,Product not as described,Requested,245.44
RTRN006532,ORDR099132,,2025-12-26,Late delivery,Approved,198.46
RTRN006533,ORDR099137,,2025-12-20,Wrong product,Refunded,4845.04
RTRN006534,ORDR099176,,2025-12-22,Size issue,Picked Up,641.07
RTRN006535,ORDR099177,,2025-12-23,Product not as described,Picked Up,1464.71
RTRN006536,ORDR099192,,2025-12-21,Damaged product,Picked Up,5683.97
RTRN006537,ORDR099207,,2025-12-30,Product not as described,Approved,1343.57
RTRN006538,ORDR099210,,2025-12-22,Customer changed mind,Approved,1432.61
RTRN006539,ORDR099218,,2025-12-13,Quality issue,Refunded,11344.93
RTRN006540,ORDR099219,,2025-12-29,Customer changed mind,Requested,66804.46
RTRN006541,ORDR099240,,2025-12-25,Wrong product,Requested,213.81
RTRN006542,ORDR099254,,2025-12-22,Size issue,Approved,8502.53
RTRN006543,ORDR099271,,2025-12-13,Late delivery,Refunded,1023.43
RTRN006544,ORDR099317,,2025-12-20,Damaged product,Approved,51509.94
RTRN006545,ORDR099319,,2025-12-28,Quality issue,Requested,13165.9
RTRN006546,ORDR099327,,2025-12-21,Damaged product,Approved,995.03
RTRN006547,ORDR099341,,2025-12-30,Wrong product,Requested,1292.93
RTRN006548,ORDR099345,,2025-12-18,Quality issue,Picked Up,7531.83
RTRN006549,ORDR099350,,2025-12-27,Wrong product,Requested,74824.06
RTRN006550,ORDR099367,,2025-12-27,Late delivery,Requested,25004.67
RTRN006551,ORDR099377,,2025-12-25,Quality issue,Approved,51573.92
RTRN006552,ORDR099387,,2025-12-21,Customer changed mind,Approved,5117.74
RTRN006553,ORDR099391,,2025-12-28,Product not as described,Approved,54317.67
RTRN006554,ORDR099410,,2025-12-31,Damaged product,Approved,1787.35
RTRN006555,ORDR099461,,2025-12-23,Quality issue,Approved,32232.95
RTRN006556,ORDR099472,,2025-12-24,Size issue,Refunded,523.44
RTRN006557,ORDR099479,,2025-12-28,Quality issue,Requested,16831.63
RTRN006558,ORDR099480,,2025-12-31,Quality issue,Requested,331.18
RTRN006559,ORDR099482,,2025-12-18,Quality issue,Picked Up,1788.52
RTRN006560,ORDR099494,,2025-12-31,Product not as described,Requested,34181.41
RTRN006561,ORDR099540,,2025-12-20,Size issue,Picked Up,742.71
RTRN006562,ORDR099544,,2025-12-28,Damaged product,Requested,2505.41
RTRN006563,ORDR099549,,2025-12-31,Damaged product,Approved,347.88
RTRN006564,ORDR099583,,2025-12-20,Damaged product,Picked Up,4500.52
RTRN006565,ORDR099589,,2025-12-23,Wrong product,Approved,202.18
RTRN006566,ORDR099593,,2025-12-19,Quality issue,Approved,5193.72
RTRN006567,ORDR099609,,2025-12-22,Wrong product,Refunded,3154.62
RTRN006568,ORDR099612,,2025-12-31,Product not as described,Requested,1693.37
RTRN006569,ORDR099613,,2025-12-31,Customer changed mind,Approved,2195.85
RTRN006570,ORDR099614,,2025-12-26,Quality issue,Requested,19697.9
RTRN006571,ORDR099625,,2025-12-28,Quality issue,Requested,7270.52
RTRN006572,ORDR099626,,2025-12-26,Product not as described,Requested,9956.17
RTRN006573,ORDR099627,,2025-12-22,Quality issue,Refunded,2435.21
RTRN006574,ORDR099628,,2025-12-31,Customer changed mind,Approved,8840.15
RTRN006575,ORDR099632,,2025-12-25,Quality issue,Approved,13058.04
RTRN006576,ORDR099645,,2025-12-24,Customer changed mind,Picked Up,11807.26
RTRN006577,ORDR099647,,2025-12-29,Quality issue,Approved,6043.85
RTRN006578,ORDR099661,,2025-12-20,Wrong product,Refunded,21060.3
RTRN006579,ORDR099677,,2025-12-31,Wrong product,Approved,167443.05
RTRN006580,ORDR099683,,2025-12-24,Size issue,Picked Up,3227.74
RTRN006581,ORDR099709,,2025-12-25,Wrong product,Requested,1569.89
RTRN006582,ORDR099715,,2025-12-24,Wrong product,Approved,6150.34
RTRN006583,ORDR099716,,2025-12-23,Size issue,Approved,7554.41
RTRN006584,ORDR099726,,2025-12-29,Damaged product,Requested,16267.85
RTRN006585,ORDR099730,,2025-12-27,Size issue,Approved,430.02
RTRN006586,ORDR099746,,2025-12-20,Customer changed mind,Approved,7954.88
RTRN006587,ORDR099759,,2025-12-25,Damaged product,Approved,15597.8
RTRN006588,ORDR099783,,2025-12-21,Customer changed mind,Picked Up,3021.46
RTRN006589,ORDR099785,,2025-12-31,Quality issue,Requested,17378.65
RTRN006590,ORDR099790,,2025-12-31,Wrong product,Approved,303.51
RTRN006591,ORDR099796,,2025-12-31,Late delivery,Requested,3836.08
RTRN006592,ORDR099861,,2025-12-31,Quality issue,Approved,29244.77
RTRN006593,ORDR099884,,2025-12-24,Quality issue,Picked Up,7574.16
RTRN006594,ORDR099886,,2025-12-31,Size issue,Requested,6986.17
RTRN006595,ORDR099888,,2025-12-23,Quality issue,Picked Up,3653.63
RTRN006596,ORDR099910,,2025-12-23,Quality issue,Approved,9030.8
RTRN006597,ORDR099922,,2025-12-31,Damaged product,Approved,223.73
RTRN006598,ORDR099938,,2025-12-27,Late delivery,Approved,1650.26
RTRN006599,ORDR099953,,2025-12-31,Wrong product,Requested,1092.76
RTRN006600,ORDR099955,,2025-12-31,Product not as described,Requested,3831.38
RTRN006601,ORDR100001,,2025-12-22,Damaged product,Approved,7350.5
RTRN006602,ORDR100005,,2025-12-27,Product not as described,Approved,13907.46
RTRN006603,ORDR100016,,2025-12-25,Quality issue,Requested,887.08
RTRN006604,ORDR100027,,2025-12-31,Late delivery,Requested,428.34
RTRN006605,ORDR100040,,2025-12-31,Damaged product,Approved,23668.33
RTRN006606,ORDR100064,,2025-12-21,Customer changed mind,Refunded,3714.66
RTRN006607,ORDR100065,,2025-12-31,Quality issue,Requested,1014.68
RTRN006608,ORDR100083,,2025-12-31,Quality issue,Requested,36541.77
RTRN006609,ORDR100092,,2025-12-27,Quality issue,Requested,13436.44
RTRN006610,ORDR100098,,2025-12-29,Damaged product,Approved,1125.81
RTRN006611,ORDR100113,,2025-12-31,Product not as described,Requested,4346.6
RTRN006612,ORDR100123,,2025-12-31,Late delivery,Requested,11542.73
RTRN006613,ORDR100140,,2025-12-27,Late delivery,Requested,330.82
RTRN006614,ORDR100147,,2025-12-31,Size issue,Requested,788.98
RTRN006615,ORDR100165,,2025-12-31,Damaged product,Requested,4255.52
RTRN006616,ORDR100197,,2025-12-25,Quality issue,Approved,3224.44
RTRN006617,ORDR100239,,2025-12-24,Wrong product,Picked Up,7197.38
RTRN006618,ORDR100265,,2025-12-27,Product not as described,Requested,1106.01
RTRN006619,ORDR100271,,2025-12-20,Damaged product,Picked Up,2896.33
RTRN006620,ORDR100331,,2025-12-27,Quality issue,Approved,33613.07
RTRN006621,ORDR070541,OITM136549,2025-08-07,Quality issue,Refunded,1517.82
RTRN006622,ORDR062191,OITM120261,2025-06-19,Wrong product,Rejected,47578.8
RTRN006623,ORDR015139,OITM029101,2024-06-26,Customer changed mind,Refunded,8038.84
RTRN006624,ORDR025863,OITM049898,2024-10-03,Size issue,Refunded,918.59
RTRN006625,ORDR096389,OITM186951,2025-12-07,Quality issue,Refunded,203.34
RTRN006626,ORDR057914,OITM111925,2025-05-13,Product not as described,Refunded,2952.26
RTRN006627,ORDR092033,OITM178586,2025-11-09,Wrong product,Rejected,694.48
RTRN006628,ORDR084593,OITM163798,2025-11-03,Size issue,Refunded,3424.01
RTRN006629,ORDR055951,OITM108076,2025-05-10,Size issue,Refunded,2170.35
RTRN006630,ORDR070736,OITM136900,2025-08-15,Damaged product,Refunded,210.83
RTRN006631,ORDR022463,OITM043236,2024-08-30,Quality issue,Refunded,440.05
RTRN006632,ORDR056668,OITM109518,2025-05-17,Wrong product,Rejected,18154.06
RTRN006633,ORDR021664,OITM041679,2024-08-31,Quality issue,Refunded,4819.29
RTRN006634,ORDR001177,OITM002327,2024-01-31,Customer changed mind,Rejected,374.16
RTRN006635,ORDR086527,OITM167634,2025-11-03,Product not as described,Refunded,1058.28
RTRN006636,ORDR078763,OITM152572,2025-09-30,Damaged product,Refunded,423.54
RTRN006637,ORDR053774,OITM103844,2025-04-27,Customer changed mind,Refunded,14662.37
RTRN006638,ORDR006388,OITM012242,2024-03-23,Wrong product,Refunded,228.56
RTRN006639,ORDR052878,OITM102133,2025-04-02,Wrong product,Refunded,328.25
RTRN006640,ORDR062647,OITM121162,2025-06-14,Damaged product,Refunded,1656.77
RTRN006641,ORDR046542,OITM090193,2025-02-15,Quality issue,Rejected,1587.75
RTRN006642,ORDR027418,OITM052879,2024-10-13,Quality issue,Refunded,5949.22
RTRN006643,ORDR072714,OITM140786,2025-08-31,Damaged product,Rejected,455.68
RTRN006644,ORDR035061,OITM067745,2024-11-14,Quality issue,Refunded,449.24
RTRN006645,ORDR085186,OITM165008,2025-10-29,Customer changed mind,Refunded,308.38
RTRN006646,ORDR057484,OITM111074,2025-05-14,Size issue,Refunded,526.37
RTRN006647,ORDR022399,OITM043111,2024-08-30,Product not as described,Rejected,29543.76
RTRN006648,ORDR053941,OITM104154,2025-04-16,Damaged product,Refunded,15816.36
RTRN006649,ORDR035366,OITM068318,2024-11-23,Product not as described,Refunded,639.46
RTRN006650,ORDR002312,OITM004462,2024-02-09,Quality issue,Refunded,653.47
RTRN006651,ORDR004886,OITM009405,2024-03-09,Customer changed mind,Refunded,2166.2
RTRN006652,ORDR057984,OITM112055,2025-05-23,Quality issue,Rejected,2479.28
RTRN006653,ORDR101689,OITM196935,2025-12-31,Quality issue,Requested,12147.36
RTRN006654,ORDR059785,OITM115624,2025-05-27,Wrong product,Refunded,269.14
RTRN006655,ORDR008058,OITM015526,2024-04-08,Quality issue,Refunded,3590.4
RTRN006656,ORDR039453,OITM076198,2024-12-17,Damaged product,Refunded,2329.77
RTRN006657,ORDR097392,OITM188798,2025-12-08,Late delivery,Rejected,66926.43
RTRN006658,ORDR058534,OITM113149,2025-05-26,Wrong product,Rejected,9796.05
RTRN006659,ORDR068092,OITM131846,2025-07-29,Customer changed mind,Rejected,1547.47
RTRN006660,ORDR085069,OITM164763,2025-10-27,Size issue,Refunded,19021.84
RTRN006661,ORDR028810,OITM055608,2024-10-30,Size issue,Refunded,1657.85
RTRN006662,ORDR024710,OITM047707,2024-09-29,Quality issue,Rejected,45827.03
RTRN006663,ORDR011113,OITM021444,2024-05-13,Damaged product,Refunded,48237.87
RTRN006664,ORDR030571,OITM058923,2024-10-29,Damaged product,Refunded,2405.63
RTRN006665,ORDR037035,OITM071497,2024-12-07,Quality issue,Refunded,20934.74
RTRN006666,ORDR071296,OITM138015,2025-08-15,Size issue,Refunded,933.34
RTRN006667,ORDR032995,OITM063661,2024-11-17,Customer changed mind,Refunded,585.28
RTRN006668,ORDR045341,OITM087867,2025-02-09,Quality issue,Refunded,1788.53
RTRN006669,ORDR012975,OITM025039,2024-05-30,Damaged product,Refunded,13406.37
RTRN006670,ORDR079930,OITM154839,2025-10-13,Customer changed mind,Refunded,484.36
RTRN006671,ORDR034647,OITM066936,2024-11-20,Product not as described,Rejected,618.38
RTRN006672,ORDR081364,OITM157645,2025-10-12,Size issue,Refunded,5801.98
RTRN006673,ORDR018818,OITM036138,2024-07-23,Damaged product,Refunded,7566.62
RTRN006674,ORDR017319,OITM033267,2024-07-10,Size issue,Refunded,476.61
RTRN006675,ORDR072672,OITM140688,2025-08-25,Customer changed mind,Refunded,2319.03
RTRN006676,ORDR085051,OITM164731,2025-11-01,Quality issue,Refunded,3420.03
RTRN006677,ORDR011926,OITM023042,2024-05-29,Customer changed mind,Refunded,45659.45
RTRN006678,ORDR001742,OITM003367,2024-02-04,Damaged product,Refunded,13130.14
RTRN006679,ORDR064819,OITM125401,2025-06-25,Product not as described,Refunded,196.83
RTRN006680,ORDR031795,OITM061344,2024-11-12,Wrong product,Rejected,1520.78
RTRN006681,ORDR044497,OITM086184,2025-01-30,Product not as described,Rejected,10395.79
RTRN006682,ORDR069420,OITM134416,2025-07-30,Wrong product,Refunded,257.3
RTRN006683,ORDR066173,OITM128156,2025-07-14,Product not as described,Refunded,4846.88
RTRN006684,ORDR036515,OITM070482,2024-11-22,Size issue,Refunded,3898.52
RTRN006685,ORDR058970,OITM113993,2025-06-02,Size issue,Rejected,302.79
RTRN006686,ORDR023207,OITM044674,2024-09-15,Damaged product,Refunded,473.4
RTRN006687,ORDR022541,OITM043369,2024-08-23,Damaged product,Refunded,34179.55
RTRN006688,ORDR035078,OITM067772,2024-11-21,Wrong product,Refunded,2610.42
RTRN006689,ORDR041598,OITM080420,2025-01-05,Quality issue,Refunded,13719.44
RTRN006690,ORDR026472,OITM051017,2024-10-16,Quality issue,Refunded,3123.91
RTRN006691,ORDR028068,OITM054175,2024-10-20,Size issue,Refunded,3893.18
RTRN006692,ORDR060664,OITM117349,2025-06-01,Damaged product,Refunded,17170.17
RTRN006693,ORDR098051,OITM190086,2025-12-11,Quality issue,Refunded,535.16
RTRN006694,ORDR043965,OITM085117,2025-01-27,Quality issue,Refunded,3463.33
RTRN006695,ORDR068625,OITM132912,2025-07-22,Wrong product,Refunded,3390.33
RTRN006696,ORDR071622,OITM138692,2025-08-28,Product not as described,Rejected,163.91
RTRN006697,ORDR047400,OITM091795,2025-02-28,Product not as described,Rejected,1420.04
RTRN006698,ORDR018021,OITM034574,2024-07-22,Late delivery,Refunded,139.87
RTRN006699,ORDR020989,OITM040305,2024-08-17,Quality issue,Rejected,4374.81
RTRN006700,ORDR077726,OITM150524,2025-09-24,Quality issue,Refunded,2391.8
RTRN006701,ORDR083290,OITM161312,2025-10-27,Customer changed mind,Rejected,20370.83
RTRN006702,ORDR072189,OITM139776,2025-08-27,Damaged product,Refunded,295.95
RTRN006703,ORDR082818,OITM160485,2025-10-28,Customer changed mind,Rejected,5304.04
RTRN006704,ORDR056638,OITM109447,2025-05-12,Product not as described,Refunded,4536.41
RTRN006705,ORDR028956,OITM055848,2024-10-23,Customer changed mind,Refunded,906.92
RTRN006706,ORDR011325,OITM021863,2024-05-21,Quality issue,Refunded,649.98
RTRN006707,ORDR089390,OITM173373,2025-11-10,Product not as described,Rejected,10171.55
RTRN006708,ORDR060376,OITM116806,2025-05-30,Quality issue,Refunded,433.93
RTRN006709,ORDR085649,OITM165935,2025-10-29,Wrong product,Refunded,296.41
RTRN006710,ORDR091526,OITM177519,2025-11-24,Customer changed mind,Refunded,2837.6
RTRN006711,ORDR092283,OITM179070,2025-11-17,Quality issue,Refunded,2451.77
RTRN006712,ORDR004048,OITM007745,2024-03-01,Damaged product,Rejected,588.23
RTRN006713,ORDR062125,OITM120087,2025-06-14,Product not as described,Refunded,432.99
RTRN006714,ORDR007457,OITM014331,2024-04-04,Late delivery,Rejected,43962.16
RTRN006715,ORDR077436,OITM149930,2025-09-26,Wrong product,Rejected,6276.63
RTRN006716,ORDR009394,OITM018156,2024-05-03,Quality issue,Refunded,310.07
RTRN006717,ORDR096156,OITM186497,2025-12-02,Product not as described,Refunded,11791.97
RTRN006718,ORDR030324,OITM058475,2024-11-02,Product not as described,Refunded,291.96
RTRN006719,ORDR040055,OITM077341,2024-12-23,Size issue,Refunded,4125.31
RTRN006720,ORDR050593,OITM097865,2025-03-26,Customer changed mind,Refunded,14824.36
RTRN006721,ORDR086938,OITM168434,2025-11-09,Product not as described,Refunded,5374.7
RTRN006722,ORDR080104,OITM155184,2025-10-20,Product not as described,Refunded,5932.06
RTRN006723,ORDR038677,OITM074686,2024-12-17,Customer changed mind,Refunded,484.95
RTRN006724,ORDR004997,OITM009613,2024-03-16,Wrong product,Rejected,10638.89
RTRN006725,ORDR042112,OITM081440,2025-01-06,Quality issue,Refunded,4137.1
RTRN006726,ORDR097402,OITM188816,2025-12-08,Wrong product,Refunded,2129.36
RTRN006727,ORDR095734,OITM185676,2025-12-02,Product not as described,Refunded,487.82
RTRN006728,ORDR009751,OITM018872,2024-04-22,Quality issue,Refunded,19079.48
RTRN006729,ORDR075393,OITM146039,2025-09-16,Damaged product,Refunded,3820.4
RTRN006730,ORDR047066,OITM091199,2025-02-18,Wrong product,Refunded,18549.68
RTRN006731,ORDR052578,OITM101573,2025-04-08,Damaged product,Rejected,1975.13
RTRN006732,ORDR074828,OITM144979,2025-08-29,Size issue,Refunded,876.25
RTRN006733,ORDR033813,OITM065285,2024-11-22,Quality issue,Rejected,3577.96
RTRN006734,ORDR079852,OITM154697,2025-10-20,Wrong product,Refunded,8293.13
RTRN006735,ORDR053102,OITM102573,2025-04-08,Quality issue,Rejected,706.42
RTRN006736,ORDR003982,OITM007605,2024-03-03,Damaged product,Refunded,4901.71
RTRN006737,ORDR090375,OITM175306,2025-11-13,Product not as described,Refunded,492.63
RTRN006738,ORDR062950,OITM121766,2025-06-24,Damaged product,Refunded,3482.13
RTRN006739,ORDR088659,OITM171848,2025-10-29,Wrong product,Refunded,24867.07
RTRN006740,ORDR093335,OITM181126,2025-11-20,Size issue,Refunded,3547.77
RTRN006741,ORDR000098,OITM000201,2024-01-23,Wrong product,Refunded,300.58
RTRN006742,ORDR077649,OITM150378,2025-10-04,Damaged product,Refunded,3339.8
RTRN006743,ORDR016122,OITM031021,2024-06-26,Product not as described,Refunded,274.27
RTRN006744,ORDR050101,OITM096921,2025-03-22,Product not as described,Refunded,3790.13
RTRN006745,ORDR065374,OITM126521,2025-07-09,Wrong product,Refunded,3266.87
RTRN006746,ORDR064467,OITM124760,2025-06-26,Customer changed mind,Refunded,3222.9
RTRN006747,ORDR061035,OITM118042,2025-05-31,Damaged product,Refunded,502.04
RTRN006748,ORDR083477,OITM161643,2025-10-25,Product not as described,Rejected,828.81
RTRN006749,ORDR004320,OITM008297,2024-03-07,Product not as described,Refunded,705.5
RTRN006750,ORDR096201,OITM186581,2025-12-03,Customer changed mind,Rejected,662.67
RTRN006751,ORDR015798,OITM030362,2024-06-29,Customer changed mind,Rejected,746.19
RTRN006752,ORDR092535,OITM179571,2025-11-15,Size issue,Refunded,1670.64
RTRN006753,ORDR064516,OITM124855,2025-07-03,Wrong product,Refunded,2903.19
RTRN006754,ORDR083498,OITM161687,2025-10-23,Damaged product,Rejected,316.5
RTRN006755,ORDR030704,OITM059184,2024-11-09,Wrong product,Refunded,4723.26
RTRN006756,ORDR079341,OITM153716,2025-10-12,Size issue,Refunded,4439.28
RTRN006757,ORDR020333,OITM039104,2024-08-18,Customer changed mind,Rejected,4479.55
RTRN006758,ORDR032555,OITM062804,2024-11-17,Quality issue,Refunded,4253.74
RTRN006759,ORDR027806,OITM053626,2024-10-22,Product not as described,Refunded,1251.24
RTRN006760,ORDR056021,OITM108201,2025-04-28,Size issue,Refunded,8993.18
RTRN006761,ORDR015120,OITM029057,2024-06-23,Size issue,Refunded,1201.12
RTRN006762,ORDR030074,OITM057984,2024-11-05,Customer changed mind,Refunded,2085.2
RTRN006763,ORDR082526,OITM159910,2025-10-21,Size issue,Refunded,2552.76
RTRN006764,ORDR082191,OITM159272,2025-10-14,Product not as described,Refunded,3155.86
RTRN006765,ORDR020226,OITM038907,2024-08-19,Wrong product,Rejected,1133.07
RTRN006766,ORDR096251,OITM186702,2025-11-30,Quality issue,Refunded,221.42
RTRN006767,ORDR048354,OITM093592,2025-03-02,Product not as described,Refunded,16362.84
RTRN006768,ORDR062205,OITM120285,2025-06-10,Damaged product,Rejected,37916.57
RTRN006769,ORDR039360,OITM075997,2024-12-18,Size issue,Refunded,1460.46
RTRN006770,ORDR095430,OITM185043,2025-12-05,Damaged product,Rejected,46023.22
RTRN006771,ORDR091724,OITM177961,2025-11-19,Damaged product,Refunded,2665.49
RTRN006772,ORDR077773,OITM150648,2025-09-21,Damaged product,Refunded,2109.62
RTRN006773,ORDR070990,OITM137415,2025-08-17,Product not as described,Refunded,830.37
RTRN006774,ORDR066581,OITM128898,2025-07-17,Customer changed mind,Refunded,2033.91
RTRN006775,ORDR093357,OITM181168,2025-12-02,Customer changed mind,Refunded,324.33
RTRN006776,ORDR040174,OITM077562,2024-12-30,Damaged product,Refunded,64242.22
RTRN006777,ORDR050009,OITM096701,2025-03-18,Quality issue,Refunded,2476.72
RTRN006778,ORDR083381,OITM161467,2025-10-21,Customer changed mind,Refunded,32779.59
RTRN006779,ORDR040585,OITM078391,2025-01-11,Customer changed mind,Refunded,6512.56
RTRN006780,ORDR014717,OITM028269,2024-06-18,Size issue,Refunded,930.92
RTRN006781,ORDR033243,OITM064151,2024-11-09,Quality issue,Rejected,1491.76
RTRN006782,ORDR026330,OITM050779,2024-10-04,Size issue,Refunded,1364.49
RTRN006783,ORDR041780,OITM080786,2025-01-03,Size issue,Refunded,247.87
RTRN006784,ORDR061642,OITM119158,2025-06-11,Product not as described,Rejected,189.83
RTRN006785,ORDR094440,OITM183178,2025-11-28,Product not as described,Refunded,4273.47
RTRN006786,ORDR030168,OITM058164,2024-10-31,Size issue,Refunded,1235.2
RTRN006787,ORDR039075,OITM075447,2024-12-15,Damaged product,Rejected,2541.97
RTRN006788,ORDR011941,OITM023073,2024-05-30,Damaged product,Refunded,55648.24
RTRN006789,ORDR008510,OITM016412,2024-04-14,Damaged product,Refunded,1927.1
RTRN006790,ORDR018975,OITM036451,2024-08-06,Product not as described,Rejected,1758.55
RTRN006791,ORDR059696,OITM115447,2025-05-25,Customer changed mind,Refunded,23007.4
RTRN006792,ORDR073756,OITM142871,2025-09-05,Wrong product,Refunded,11529.27
RTRN006793,ORDR014308,OITM027514,2024-06-18,Customer changed mind,Rejected,410.53
RTRN006794,ORDR080733,OITM156384,2025-10-18,Size issue,Rejected,1905.16
RTRN006795,ORDR086545,OITM167673,2025-11-14,Size issue,Refunded,1127.54
RTRN006796,ORDR046932,OITM090940,2025-02-18,Customer changed mind,Refunded,3495.1
RTRN006797,ORDR080644,OITM156206,2025-10-11,Size issue,Refunded,512.98
RTRN006798,ORDR052074,OITM100608,2025-03-27,Size issue,Rejected,3512.77
RTRN006799,ORDR077813,OITM150739,2025-10-03,Wrong product,Refunded,4764.74
RTRN006800,ORDR044933,OITM087061,2025-02-02,Wrong product,Refunded,4277.69
RTRN006801,ORDR057358,OITM110847,2025-05-19,Size issue,Refunded,4527.53
RTRN006802,ORDR024017,OITM046235,2024-09-20,Damaged product,Refunded,64092.48
RTRN006803,ORDR061215,OITM118388,2025-06-07,Customer changed mind,Refunded,531.56
RTRN006804,ORDR010737,OITM020680,2024-05-11,Wrong product,Rejected,3791.7
RTRN006805,ORDR068303,OITM132263,2025-07-22,Quality issue,Refunded,2542.63
RTRN006806,ORDR049650,OITM095995,2025-03-15,Damaged product,Rejected,7425.56
RTRN006807,ORDR079797,OITM154581,2025-10-09,Damaged product,Refunded,226.21
RTRN006808,ORDR001892,OITM003674,2024-01-29,Size issue,Rejected,2345.42
RTRN006809,ORDR052248,OITM100938,2025-04-05,Product not as described,Refunded,32089.17
RTRN006810,ORDR053187,OITM102734,2025-04-11,Customer changed mind,Rejected,3733.03
RTRN006811,ORDR034286,OITM066228,2024-11-23,Product not as described,Refunded,2714.04
RTRN006812,ORDR079858,OITM154709,2025-10-10,Product not as described,Refunded,2501.48
RTRN006813,ORDR074703,OITM144750,2025-08-30,Wrong product,Refunded,7823.2
RTRN006814,ORDR094470,OITM183229,2025-11-25,Size issue,Rejected,3552.92
RTRN006815,ORDR030464,OITM058730,2024-11-03,Customer changed mind,Refunded,705.85
RTRN006816,ORDR044050,OITM085298,2025-02-03,Quality issue,Refunded,40623.17
RTRN006817,ORDR040584,OITM078385,2024-12-29,Product not as described,Refunded,733.8
RTRN006818,ORDR005536,OITM010660,2024-03-13,Wrong product,Refunded,524.6
RTRN006819,ORDR016390,OITM031500,2024-07-07,Product not as described,Rejected,1732.3
RTRN006820,ORDR076451,OITM148004,2025-09-21,Size issue,Refunded,414.98
RTRN006821,ORDR088132,OITM170778,2025-11-09,Size issue,Refunded,1324.14
RTRN006822,ORDR013121,OITM025296,2024-06-04,Size issue,Refunded,2071.11
RTRN006823,ORDR054695,OITM105591,2025-04-22,Damaged product,Refunded,8157.8
RTRN006824,ORDR045314,OITM087823,2025-02-19,Damaged product,Refunded,3047.63
RTRN006825,ORDR056721,OITM109635,2025-05-12,Quality issue,Refunded,9879.65
RTRN006826,ORDR064085,OITM124028,2025-06-23,Size issue,Refunded,1990.07
RTRN006827,ORDR062636,OITM121142,2025-06-16,Size issue,Refunded,3236.06
RTRN006828,ORDR076784,OITM148695,2025-09-20,Damaged product,Refunded,2843.65
RTRN006829,ORDR050839,OITM098317,2025-03-22,Wrong product,Rejected,899.8
RTRN006830,ORDR092172,OITM178859,2025-11-23,Damaged product,Rejected,222.23
RTRN006831,ORDR054268,OITM104792,2025-04-16,Damaged product,Refunded,3727.48
RTRN006832,ORDR014273,OITM027441,2024-06-07,Customer changed mind,Refunded,1906.23
RTRN006833,ORDR042705,OITM082598,2025-01-14,Size issue,Rejected,1409.27
RTRN006834,ORDR014343,OITM027576,2024-06-22,Damaged product,Refunded,2364.57
RTRN006835,ORDR065996,OITM127805,2025-07-07,Size issue,Refunded,646.95
RTRN006836,ORDR042929,OITM083036,2025-01-23,Quality issue,Rejected,16443.57
RTRN006837,ORDR091213,OITM176916,2025-11-07,Customer changed mind,Rejected,628.88
RTRN006838,ORDR045113,OITM087397,2025-02-11,Damaged product,Refunded,2640.73
RTRN006839,ORDR089986,OITM174568,2025-11-02,Damaged product,Refunded,9236.49
RTRN006840,ORDR038653,OITM074639,2024-12-19,Wrong product,Rejected,6201.45
RTRN006841,ORDR058084,OITM112264,2025-05-13,Customer changed mind,Refunded,451.69
RTRN006842,ORDR019310,OITM037105,2024-08-08,Wrong product,Rejected,6813.95
RTRN006843,ORDR050321,OITM097345,2025-03-15,Damaged product,Refunded,3879.92
RTRN006844,ORDR068275,OITM132203,2025-07-29,Customer changed mind,Rejected,474.37
RTRN006845,ORDR022467,OITM043241,2024-08-26,Wrong product,Refunded,664.92
RTRN006846,ORDR019695,OITM037871,2024-08-13,Size issue,Refunded,351.72
RTRN006847,ORDR032334,OITM062342,2024-11-12,Customer changed mind,Rejected,8488.48
RTRN006848,ORDR037165,OITM071767,2024-12-10,Customer changed mind,Refunded,180.26
RTRN006849,ORDR066890,OITM129473,2025-07-22,Product not as described,Refunded,6543.25
RTRN006850,ORDR012853,OITM024801,2024-06-06,Damaged product,Refunded,8523.01
RTRN006851,ORDR094478,OITM183249,2025-11-18,Damaged product,Refunded,6646.25
RTRN006852,ORDR032514,OITM062710,2024-11-08,Customer changed mind,Rejected,430.37
RTRN006853,ORDR049969,OITM096629,2025-03-13,Size issue,Rejected,400.23
RTRN006854,ORDR065977,OITM127745,2025-07-10,Late delivery,Refunded,2952.63
RTRN006855,ORDR026136,OITM050394,2024-10-04,Damaged product,Refunded,3074.0
RTRN006856,ORDR090785,OITM176045,2025-11-10,Wrong product,Refunded,3965.46
RTRN006857,ORDR056366,OITM108899,2025-05-07,Damaged product,Refunded,5996.59
RTRN006858,ORDR021727,OITM041797,2024-08-25,Damaged product,Refunded,44542.86
RTRN006859,ORDR050223,OITM097160,2025-03-24,Customer changed mind,Refunded,1853.1
RTRN006860,ORDR048988,OITM094765,2025-03-13,Customer changed mind,Refunded,3151.85
RTRN006861,ORDR088266,OITM171045,2025-10-31,Customer changed mind,Rejected,7358.19
RTRN006862,ORDR082882,OITM160593,2025-10-17,Product not as described,Refunded,1761.15
RTRN006863,ORDR033892,OITM065442,2024-11-13,Customer changed mind,Refunded,2606.51
RTRN006864,ORDR035829,OITM069230,2024-11-27,Quality issue,Refunded,786.24
RTRN006865,ORDR060462,OITM116977,2025-05-31,Product not as described,Refunded,713.76
RTRN006866,ORDR063092,OITM122042,2025-06-23,Quality issue,Refunded,5873.32
RTRN006867,ORDR046266,OITM089670,2025-02-12,Wrong product,Refunded,12355.81
RTRN006868,ORDR073130,OITM141606,2025-09-01,Damaged product,Refunded,7780.48
RTRN006869,ORDR058043,OITM112176,2025-05-18,Product not as described,Refunded,561.55
RTRN006870,ORDR078472,OITM152000,2025-09-27,Product not as described,Refunded,4408.93
RTRN006871,ORDR049555,OITM095825,2025-03-05,Quality issue,Refunded,14364.26
RTRN006872,ORDR015102,OITM029018,2024-06-21,Damaged product,Refunded,916.98
RTRN006873,ORDR007803,OITM014993,2024-04-03,Late delivery,Refunded,11264.67
RTRN006874,ORDR067318,OITM130303,2025-07-17,Damaged product,Rejected,43259.77
RTRN006875,ORDR035991,OITM069525,2024-11-30,Product not as described,Refunded,14336.5
RTRN006876,ORDR053472,OITM103258,2025-04-08,Product not as described,Refunded,225.45
RTRN006877,ORDR086122,OITM166828,2025-10-27,Customer changed mind,Refunded,4717.25
RTRN006878,ORDR005410,OITM010416,2024-03-15,Product not as described,Refunded,2238.08
RTRN006879,ORDR054428,OITM105108,2025-04-23,Quality issue,Rejected,872.1
RTRN006880,ORDR092839,OITM180180,2025-11-22,Damaged product,Refunded,11230.47
RTRN006881,ORDR099263,OITM192394,2025-12-17,Damaged product,Refunded,2926.02
RTRN006882,ORDR074266,OITM143923,2025-09-04,Quality issue,Refunded,812.56
RTRN006883,ORDR023055,OITM044355,2024-09-04,Damaged product,Refunded,253.57
RTRN006884,ORDR052587,OITM101587,2025-03-29,Size issue,Refunded,4506.9
RTRN006885,ORDR040494,OITM078188,2025-01-07,Wrong product,Refunded,5559.34
RTRN006886,ORDR046033,OITM089224,2025-02-09,Quality issue,Refunded,2021.63
RTRN006887,ORDR076391,OITM147879,2025-09-27,Customer changed mind,Refunded,851.12
RTRN006888,ORDR045249,OITM087698,2025-02-13,Damaged product,Refunded,588.18
RTRN006889,ORDR096307,OITM186796,2025-12-14,Wrong product,Refunded,24550.18
RTRN006890,ORDR074718,OITM144777,2025-09-09,Damaged product,Refunded,4745.56
RTRN006891,ORDR093395,OITM181243,2025-11-25,Size issue,Refunded,1957.43
RTRN006892,ORDR032493,OITM062663,2024-11-13,Size issue,Refunded,2800.06
RTRN006893,ORDR034658,OITM066963,2024-11-25,Customer changed mind,Refunded,2320.49
RTRN006894,ORDR037398,OITM072248,2024-12-11,Wrong product,Refunded,4143.31
RTRN006895,ORDR049400,OITM095539,2025-03-12,Customer changed mind,Refunded,1062.05
RTRN006896,ORDR091904,OITM178305,2025-11-21,Customer changed mind,Rejected,1633.32
RTRN006897,ORDR064483,OITM124785,2025-06-22,Damaged product,Rejected,2777.86
RTRN006898,ORDR050487,OITM097646,2025-03-23,Quality issue,Refunded,2752.33
RTRN006899,ORDR042709,OITM082606,2025-01-22,Wrong product,Refunded,23519.3
RTRN006900,ORDR005517,OITM010617,2024-03-19,Customer changed mind,Refunded,14861.19
RTRN006901,ORDR011820,OITM022838,2024-05-12,Wrong product,Refunded,487.52
RTRN006902,ORDR042429,OITM082070,2025-01-16,Product not as described,Refunded,25838.23
RTRN006903,ORDR015246,OITM029292,2024-06-16,Customer changed mind,Refunded,811.67
RTRN006904,ORDR029900,OITM057666,2024-10-23,Size issue,Refunded,1262.54
RTRN006905,ORDR062250,OITM120380,2025-06-09,Size issue,Refunded,315.65
RTRN006906,ORDR010983,OITM021179,2024-05-14,Quality issue,Rejected,108504.96
RTRN006907,ORDR014697,OITM028227,2024-06-21,Damaged product,Refunded,20082.72
RTRN006908,ORDR024684,OITM047645,2024-09-19,Size issue,Rejected,2636.74
RTRN006909,ORDR066006,OITM127823,2025-07-17,Product not as described,Rejected,3877.79
RTRN006910,ORDR039511,OITM076329,2024-12-25,Damaged product,Refunded,1381.91
RTRN006911,ORDR076903,OITM148931,2025-09-27,Product not as described,Rejected,557.84
RTRN006912,ORDR058414,OITM112929,2025-05-24,Size issue,Refunded,439.34
RTRN006913,ORDR033734,OITM065139,2024-11-15,Quality issue,Refunded,5878.57
RTRN006914,ORDR066684,OITM129083,2025-07-15,Product not as described,Refunded,3160.6
RTRN006915,ORDR039505,OITM076307,2024-12-29,Quality issue,Refunded,4331.49
RTRN006916,ORDR048350,OITM093583,2025-03-06,Product not as described,Rejected,1616.36
RTRN006917,ORDR019386,OITM037262,2024-07-30,Wrong product,Refunded,4773.61
RTRN006918,ORDR009280,OITM017946,2024-04-26,Product not as described,Refunded,2912.33
RTRN006919,ORDR070059,OITM135635,2025-08-06,Size issue,Refunded,2934.67
RTRN006920,ORDR065924,OITM127640,2025-07-06,Customer changed mind,Rejected,47945.14
RTRN006921,ORDR069858,OITM135238,2025-08-08,Customer changed mind,Rejected,1454.05
RTRN006922,ORDR079345,OITM153723,2025-10-10,Damaged product,Rejected,5684.34
RTRN006923,ORDR007857,OITM015116,2024-04-02,Quality issue,Rejected,2218.71
RTRN006924,ORDR083469,OITM161631,2025-10-28,Damaged product,Refunded,1171.9
RTRN006925,ORDR095106,OITM184407,2025-12-02,Size issue,Refunded,2872.25
RTRN006926,ORDR095926,OITM186045,2025-12-07,Wrong product,Refunded,525.44
RTRN006927,ORDR031908,OITM061556,2024-11-04,Size issue,Refunded,498.18
RTRN006928,ORDR068246,OITM132151,2025-08-01,Customer changed mind,Refunded,3958.65
RTRN006929,ORDR057773,OITM111643,2025-05-12,Quality issue,Rejected,11718.77
RTRN006930,ORDR036043,OITM069639,2024-11-23,Quality issue,Refunded,2890.05
RTRN006931,ORDR028266,OITM054542,2024-10-25,Damaged product,Refunded,157.62
RTRN006932,ORDR015911,OITM030601,2024-07-05,Size issue,Rejected,444.27
RTRN006933,ORDR006943,OITM013310,2024-03-27,Customer changed mind,Refunded,5709.05
RTRN006934,ORDR097156,OITM188339,2025-12-15,Quality issue,Rejected,6878.12
RTRN006935,ORDR065230,OITM126231,2025-06-27,Quality issue,Rejected,2959.06
RTRN006936,ORDR004154,OITM007942,2024-02-28,Damaged product,Rejected,362.14
RTRN006937,ORDR034808,OITM067263,2024-11-16,Product not as described,Refunded,2142.22
RTRN006938,ORDR080648,OITM156214,2025-10-19,Quality issue,Refunded,912.07
RTRN006939,ORDR047591,OITM092165,2025-02-19,Size issue,Refunded,870.92
RTRN006940,ORDR093769,OITM181949,2025-11-26,Damaged product,Refunded,13197.79
RTRN006941,ORDR050181,OITM097079,2025-03-07,Damaged product,Rejected,3186.18
RTRN006942,ORDR100047,OITM193855,2025-12-28,Damaged product,Approved,2026.88
RTRN006943,ORDR046130,OITM089386,2025-02-08,Wrong product,Refunded,545.25
RTRN006944,ORDR051527,OITM099575,2025-03-22,Wrong product,Rejected,42927.35
RTRN006945,ORDR048191,OITM093264,2025-02-27,Product not as described,Refunded,4339.23
RTRN006946,ORDR092112,OITM178737,2025-11-19,Damaged product,Refunded,466.66
RTRN006947,ORDR005268,OITM010133,2024-03-06,Size issue,Refunded,792.55
RTRN006948,ORDR050571,OITM097823,2025-03-17,Size issue,Refunded,1054.68
RTRN006949,ORDR061878,OITM119618,2025-06-20,Quality issue,Refunded,21230.2
RTRN006950,ORDR029014,OITM055951,2024-10-30,Quality issue,Refunded,8312.84
RTRN006951,ORDR073072,OITM141497,2025-08-23,Product not as described,Refunded,26628.6
RTRN006952,ORDR032982,OITM063620,2024-11-18,Quality issue,Refunded,451.17
RTRN006953,ORDR097978,OITM189940,2025-12-20,Size issue,Refunded,4166.57
RTRN006954,ORDR002072,OITM004034,2024-02-04,Late delivery,Refunded,6479.84
RTRN006955,ORDR046584,OITM090280,2025-02-13,Damaged product,Refunded,730.55
RTRN006956,ORDR003615,OITM006939,2024-02-18,Size issue,Refunded,8350.87
RTRN006957,ORDR016576,OITM031861,2024-07-11,Product not as described,Rejected,6748.75
RTRN006958,ORDR087107,OITM168802,2025-11-05,Quality issue,Rejected,286.72
RTRN006959,ORDR038175,OITM073738,2024-12-15,Customer changed mind,Rejected,3893.26
RTRN006960,ORDR026973,OITM052002,2024-10-16,Product not as described,Refunded,1109.45
RTRN006961,ORDR040430,OITM078075,2024-12-29,Quality issue,Refunded,554.29
RTRN006962,ORDR041665,OITM080568,2025-01-12,Damaged product,Refunded,1829.77
RTRN006963,ORDR088766,OITM172036,2025-11-04,Damaged product,Refunded,5166.95
RTRN006964,ORDR029740,OITM057366,2024-10-26,Quality issue,Refunded,418.17
RTRN006965,ORDR076926,OITM148962,2025-09-23,Customer changed mind,Refunded,1048.0
RTRN006966,ORDR053870,OITM104029,2025-04-18,Wrong product,Refunded,1544.39
RTRN006967,ORDR047617,OITM092209,2025-02-23,Wrong product,Refunded,65.14
RTRN006968,ORDR039231,OITM075762,2024-12-18,Customer changed mind,Refunded,14818.95
RTRN006969,ORDR029016,OITM055955,2024-11-07,Size issue,Refunded,1699.39
RTRN006970,ORDR049044,OITM094881,2025-03-04,Size issue,Rejected,3136.25
RTRN006971,ORDR075920,OITM147025,2025-09-13,Size issue,Rejected,3692.15
RTRN006972,ORDR051384,OITM099310,2025-03-29,Customer changed mind,Refunded,1689.41
RTRN006973,ORDR099259,OITM192385,2025-12-16,Quality issue,Rejected,3071.71
RTRN006974,ORDR010438,OITM020166,2024-05-11,Damaged product,Rejected,3853.37
RTRN006975,ORDR052130,OITM100723,2025-04-01,Size issue,Refunded,3748.88
RTRN006976,ORDR080152,OITM155265,2025-10-09,Damaged product,Rejected,4265.77
RTRN006977,ORDR089161,OITM172836,2025-11-09,Wrong product,Refunded,21462.14
RTRN006978,ORDR036689,OITM070823,2024-11-30,Customer changed mind,Refunded,3717.94
RTRN006979,ORDR096968,OITM188009,2025-12-08,Quality issue,Refunded,522.99
RTRN006980,ORDR053802,OITM103896,2025-04-22,Customer changed mind,Refunded,1962.21
RTRN006981,ORDR095837,OITM185878,2025-12-15,Product not as described,Refunded,1017.66
RTRN006982,ORDR051955,OITM100385,2025-04-02,Quality issue,Refunded,4564.51
RTRN006983,ORDR078435,OITM151948,2025-09-23,Customer changed mind,Refunded,815.4
RTRN006984,ORDR050004,OITM096688,2025-03-24,Late delivery,Refunded,1017.91
RTRN006985,ORDR059530,OITM115074,2025-05-26,Quality issue,Refunded,1413.21
RTRN006986,ORDR084073,OITM162810,2025-10-28,Quality issue,Rejected,1555.08
RTRN006987,ORDR100638,OITM194953,2025-12-26,Product not as described,Requested,1748.59
RTRN006988,ORDR020888,OITM040108,2024-08-17,Wrong product,Refunded,5615.47
RTRN006989,ORDR055375,OITM106911,2025-04-22,Size issue,Refunded,1418.29
RTRN006990,ORDR061429,OITM118751,2025-06-14,Wrong product,Refunded,10112.03
RTRN006991,ORDR082354,OITM159588,2025-10-18,Customer changed mind,Refunded,269.08
RTRN006992,ORDR026887,OITM051823,2024-10-12,Size issue,Rejected,794.45
RTRN006993,ORDR026106,OITM050340,2024-10-09,Size issue,Refunded,3297.11
RTRN006994,ORDR060111,OITM116259,2025-05-30,Damaged product,Refunded,8130.71
RTRN006995,ORDR094215,OITM182740,2025-11-20,Quality issue,Refunded,1632.35
RTRN006996,ORDR051154,OITM098895,2025-03-24,Customer changed mind,Refunded,697.84
RTRN006997,ORDR013603,OITM026180,2024-06-06,Damaged product,Rejected,2631.09
RTRN006998,ORDR015247,OITM029297,2024-06-23,Product not as described,Refunded,363.88
RTRN006999,ORDR070023,OITM135570,2025-08-07,Quality issue,Refunded,3799.79
RTRN007000,ORDR019778,OITM038045,2024-08-11,Product not as described,Refunded,13071.76
RTRN007001,ORDR015881,OITM030525,2024-07-07,Product not as described,Refunded,9938.98
RTRN007002,ORDR034893,OITM067426,2024-11-25,Damaged product,Refunded,1410.45
RTRN007003,ORDR012033,OITM023242,2024-05-27,Quality issue,Refunded,2805.68
RTRN007004,ORDR017533,OITM033692,2024-07-13,Customer changed mind,Refunded,586.68
RTRN007005,ORDR017571,OITM033755,2024-07-14,Product not as described,Refunded,4028.36
RTRN007006,ORDR080610,OITM156137,2025-10-16,Customer changed mind,Refunded,1476.44
RTRN007007,ORDR002468,OITM004770,2024-02-12,Product not as described,Refunded,2075.77
RTRN007008,ORDR045371,OITM087945,2025-02-16,Late delivery,Refunded,544.12
RTRN007009,ORDR075639,OITM146516,2025-09-14,Product not as described,Rejected,1577.6
RTRN007010,ORDR042735,OITM082652,2025-01-23,Wrong product,Rejected,2282.4
RTRN007011,ORDR069815,OITM135154,2025-08-20,Wrong product,Rejected,4579.1
RTRN007012,ORDR018837,OITM036178,2024-07-24,Damaged product,Refunded,13265.22
RTRN007013,ORDR034729,OITM067095,2024-11-14,Size issue,Refunded,683.2
RTRN007014,ORDR048202,OITM093289,2025-03-11,Customer changed mind,Refunded,10628.47
RTRN007015,ORDR044254,OITM085719,2025-01-29,Product not as described,Rejected,35529.63
RTRN007016,ORDR014300,OITM027493,2024-06-21,Size issue,Refunded,339.86
RTRN007017,ORDR092904,OITM180311,2025-11-28,Product not as described,Refunded,1122.53
RTRN007018,ORDR039477,OITM076248,2024-12-29,Size issue,Rejected,2819.1
RTRN007019,ORDR034192,OITM066027,2024-11-20,Size issue,Refunded,2965.07
RTRN007020,ORDR045347,OITM087893,2025-02-08,Customer changed mind,Refunded,2075.35